family,image_id,true_label,target_class,target_correct,bbox_area_quartile,bbox_area_fraction_source,person_attribution_mass,person_area_fraction_transformed,person_attribution_mass_lift,pointing_game,deletion_auc,insertion_auc,random_deletion_auc,deletion_selectivity_gap,locked_target_probability,recomputed_target_probability,probability_parity_absolute_error,matched_occlusion_available,person_occlusion_drop,matched_context_occlusion_drop,person_minus_context_occlusion_drop,matched_person_fraction,full_crop_js_divergence,full_crop_prediction_agreement,full_crop_target_probability_difference,target_vs_alternative_attribution_spearman
convnext_small_full,p1_00036,running,running,True,Q2,0.2608218666479932,0.690225451736344,0.5019331951530612,1.3751340983253046,True,0.7219394445419312,0.9570463498433432,0.9085275799036027,0.18658813536167151,0.9942181702910415,0.994221826394399,3.6561033575077673e-06,True,0.198394775390625,-0.004868646462758308,0.2032634218533833,0.9922970021838395,0.008289045521264235,True,0.03749350706736254,-0.28733000625387467
convnext_small_full,p1_00147,standing,standing,True,Q1,0.0728265817023213,0.11416212184786195,0.14668367346938777,0.778287856771511,False,0.09388816409640034,0.543516134904409,0.41717244529293873,0.3232842811965384,0.5073916417870703,0.5073210000991821,7.064168788817327e-05,True,-0.2442310253779093,0.19229669372240704,-0.43652771910031635,1.0,0.2991650258873785,False,0.2961801290512085,-0.02986271892050143
convnext_small_full,p1_00234,standing,standing,True,Q2,0.2825817093493861,0.4166080885436223,0.45350366709183676,0.9186432630527265,True,0.26714385283024356,0.43287556205953787,0.3635396277299151,0.09639577489967155,0.761552718243593,0.7614452441533407,0.00010747409025235743,True,0.6785759832710028,0.22207037607828783,0.456505607192715,1.0,0.00414792855113281,True,0.07958485682805383,-0.7011848217083798
convnext_small_full,p1_00397,sitting,sitting,True,Q4,0.6917124750533945,0.7588794536499732,0.8214285714285714,0.9238532479217065,True,0.20941231062946217,0.8672805987298489,0.6748116726676624,0.4653993620382002,0.9035441452644822,0.9035417437553406,2.4015091416584866e-06,True,-0.045263806978861454,0.04726543029149377,-0.09252923727035522,0.21739130434782608,0.01066516408622584,True,0.06432930628458655,-0.8086280230733216
convnext_small_full,p1_00425,standing,standing,True,Q3,0.3464044317469166,0.8712365521681902,0.6179846938775511,1.4098028006189083,True,0.5202798105621088,0.6609911685111001,0.5695726481421539,0.0492928375800451,0.9853926243310077,0.9853918353716532,7.889593545140627e-07,True,0.4109912117322285,-0.006741027037302727,0.41773223876953125,0.6181630546955624,0.0028651524084810634,True,0.011304040749867794,-0.7838939408964634
convnext_small_full,p1_00741,standing,standing,True,Q4,0.4692583402260821,0.701453433748713,0.6339285714285714,1.1065180926740263,True,0.6147991857180993,0.9389756957689921,0.733767467737198,0.1189682820190987,0.9998666663607011,0.9998666644096375,1.951063643979012e-09,True,0.007175306479136112,0.0010546445846557617,0.00612066189448035,0.5774647887323944,0.00010649196046308932,True,0.0005674362182617188,-0.5728937728937729
convnext_small_full,p1_00749,walking,walking,True,Q3,0.3767829044210953,0.13497067668927898,0.45089285714285715,0.29934090671681673,False,0.6771656788885593,0.7879453628013531,0.7052032835781574,0.02803760468959815,0.9950272075880607,0.9950282176335653,1.010045504568069e-06,True,0.13527462879816698,0.9262711256742477,-0.7909964968760808,1.0,0.00014149965402066955,True,0.0017291506131489331,-0.7193763269107097
convnext_small_full,p1_00849,sitting,sitting,True,Q3,0.3225281924102756,0.8377246349958334,0.53125,1.5768934305803923,True,0.08558449903503061,0.7690324874594808,0.37701020178695527,0.29142570275192464,0.9177530523714066,0.9177459875742594,7.0647971471826665e-06,True,0.7921215246121088,0.15582861502965284,0.636292909582456,0.8823529411764706,0.013851368219864862,True,0.05866537491480506,-0.1378069552637093
convnext_small_full,p1_00862,walking,walking,True,Q1,0.0976658990203008,0.7417976165181283,0.17637914540816327,4.205699119368768,True,0.5144746142361933,0.9737742404143015,0.9869588027397791,0.47248418850358576,0.9995628607716751,0.9995627800623575,8.070931756254396e-08,True,0.9242443939050038,-0.00014724334081017698,0.924391637245814,1.0,0.3056201948093984,False,0.650256981452306,-0.3964327041474858
convnext_small_full,p1_01079,running,running,True,Q1,0.11734556244942,0.7371330517370691,0.2350127551020408,3.1365661468757784,True,0.7615779941280683,0.9857105632623038,0.8015253762404124,0.039947382112344165,0.997034340672739,0.9970343311627706,9.509968368348609e-09,True,0.3249181310335796,-0.0026211142539978027,0.3275392452875774,1.0,0.009991614986526998,True,0.038027485211690304,-0.4794570160577115
convnext_small_full,p1_01317,walking,walking,True,Q2,0.2568887643990056,0.7693746753231601,0.4732142857142857,1.625848370494225,True,0.7059289261698724,0.9518147955338159,0.9529586712519327,0.24702974508206033,0.9716439328357825,0.9716493487358093,5.4159000267839374e-06,True,0.11469896634419763,-7.635354995727539e-05,0.1147753198941549,1.0,0.001271228077795747,True,0.012825032075246212,-0.5418917153091969
convnext_small_full,p1_01497,walking,walking,True,Q2,0.167881118349048,0.7321437680372762,0.3330078125,2.1985783532849585,True,0.3981177239368359,0.7661285820106665,0.685936646660169,0.28781892272333304,0.9728346130677133,0.9728346864382426,7.337052920775022e-08,True,0.892573448518912,-0.009651919205983517,0.9022253677248955,1.0,0.4124816284303369,False,0.8233752399682999,-0.1336095880305946
convnext_small_full,p1_01572,sitting,sitting,True,Q1,0.0617409676985116,0.47484753252490375,0.12555803571428573,3.7818967923761218,False,0.27897611161073055,0.8753325462341309,0.4905282353361448,0.21155212372541427,0.981884790621163,0.9818876584370931,2.8678159301742667e-06,True,0.7697485586007436,-0.017962952454884773,0.7877115110556284,1.0,0.07768548253892632,True,0.25783803065617883,-0.4385148577609413
convnext_small_full,p1_01646,standing,standing,True,Q2,0.2584342371438732,0.7240818680415179,0.4823022959183674,1.5013029673905454,True,0.34676436831553775,0.9636845926443737,0.6195864001909892,0.27282203187545145,0.9997072712140129,0.9997072815895081,1.0375495129721912e-08,True,0.7460019141435623,0.003674030303955078,0.7423278838396072,1.0,0.000408126182100264,True,0.0016782085100809363,-0.6561797796899843
convnext_small_full,p1_01658,sitting,sitting,True,Q4,0.4386294708875354,0.9322666512060476,0.7568359375,1.2317949043032164,True,0.4273838624358177,0.8816644325852394,0.8231731990973155,0.39578933666149774,0.986551534482361,0.9865515828132629,4.833090194722445e-08,True,0.03680709997812903,-0.008053958415985107,0.04486105839411414,0.32129032258064516,0.0002306541723344842,True,0.005379954973856571,-0.5622961932333216
convnext_small_full,p1_01663,sitting,walking,False,Q4,0.4505914407230196,0.6425864727471409,0.5401785714285714,1.1895815693831369,True,0.25268041392167406,0.8152270739277203,0.7399357299009959,0.4872553159793218,0.9420787702878181,0.9420978824297587,1.9112141940613725e-05,True,0.8840646135310332,0.21292191743850708,0.6711426960925261,0.8512396694214877,0.006076689235923932,True,0.040182650089263916,-0.8001608640698609
convnext_small_full,p1_01845,sitting,sitting,True,Q4,0.4653696588255067,0.9717416383085533,0.7691326530612245,1.2634252809849185,True,0.7449281210700671,0.9473158943156401,0.7299174363414448,-0.015010684728622326,0.9957373978118751,0.9957382082939148,8.10482039703686e-07,True,0.006306111812591553,-0.0018151203791300086,0.008121232191721561,0.30016583747927034,2.5600094027596712e-05,True,0.0008460084597269324,-0.405251951845028
convnext_small_full,p1_01881,sitting,sitting,True,Q2,0.2887106940261923,0.4322508178744437,0.25892857142857145,1.669382469032334,False,0.3755163539821903,0.7879742110768952,0.4734490916132927,0.09793273763110238,0.6929887783412714,0.6929887930552164,1.4713945062361233e-08,True,0.5321488728125889,0.4858937164147694,0.04625515639781952,1.0,0.0028299110059226374,True,0.07124735911687208,-0.44411914327764446
convnext_small_full,p1_01899,sitting,sitting,True,Q2,0.2347677107778117,0.9042310830453199,0.44154575892857145,2.0478762727547717,True,0.17223296660619475,0.8290416210889817,0.5425947164495786,0.3703617498433838,0.9990969466334613,0.9990968704223633,7.621109798794379e-08,True,0.959437495097518,0.0035509268442789343,0.955886568253239,1.0,0.0003439309948211537,True,0.0023009777069091797,-0.6661318455910714
convnext_small_full,p1_01974,standing,standing,True,Q1,0.0333788499468972,0.12706142908406204,0.06796077806122448,1.8696288169272426,False,0.4377387948334217,0.7492481404294571,0.6739710964262486,0.23623230159282693,0.8625597022535808,0.862562358379364,2.656125783206953e-06,True,0.10667308171590173,0.07337729136149085,0.03329579035441088,1.0,0.011703669747714186,True,0.019267280896504757,-0.3942765567765567
convnext_small_full,p1_02033,sitting,standing,False,Q2,0.2737001720467734,0.7821701725761003,0.416015625,1.8801461425303445,True,0.8503052194913228,0.9266372958819071,0.9103385210037233,0.060033301512400494,0.8651919682919901,0.865320881207784,0.00012891291579397723,True,0.41299414634704595,0.15926254789034533,0.2537315984567006,1.0,0.04622602044189684,True,0.132451593875885,-0.5428946187765524
convnext_small_full,p1_02397,sitting,sitting,True,Q2,0.1637516549369382,0.7391524885159747,0.30564413265306123,2.4183434574711495,True,0.1652482001421352,0.9664933820565541,0.8954322059949238,0.7301840058527886,0.9983581409747445,0.9983581701914469,2.9216702390755245e-08,True,0.6094565689563751,-0.0008925000826518481,0.610349069039027,1.0,2.454544225857844e-05,True,0.000616610050201416,-0.43053558590241614
convnext_small_full,p1_02507,walking,walking,True,Q1,0.0386891215293582,0.4083971082808288,0.07928093112244898,5.151265285344109,True,0.4057903598683576,0.8528192068139713,0.6312954957286516,0.22550513586029403,0.9971404697316611,0.9971404671669006,2.564760515078035e-09,True,0.04156204064687097,0.0030690630276998254,0.03849297761917114,1.0,0.4933897690719823,False,0.8715381572643915,-0.4462454212454211
convnext_small_full,p1_02606,walking,standing,False,Q2,0.1802582657956158,0.6328808149749936,0.32142857142857145,1.9689625354777578,True,0.15765077447892206,0.5446900670155931,0.3653276483317313,0.20767687385280925,0.5269787418137953,0.5269787708918253,2.907802998386444e-08,True,0.5257433157142561,0.38413853446642554,0.14160478124783063,1.0,0.0549041759434918,True,0.29389649629592896,-0.6441686362502063
convnext_small_full,p1_02694,running,running,True,Q1,0.0703022109299425,0.6706043117204912,0.12340561224489796,5.434147600918502,True,0.9578928252061207,0.995170929034551,0.9868603676557541,0.0289675424496334,0.9998055432472351,0.9998055497805277,6.533292573607241e-09,True,0.043826401233673096,0.00013238191604614258,0.04369401931762695,1.0,0.5639036014789232,False,0.930495253453652,-0.26507197865256826
convnext_small_full,p1_02742,sitting,sitting,True,Q1,0.1059133940299859,0.7902310825182102,0.18793845663265307,4.204733276398061,True,0.5130095116794109,0.8680646938582262,0.8712088555097579,0.358199343830347,0.9411220902892554,0.9411220947901408,4.500885331104598e-09,True,0.743137573202451,-0.05653313795725512,0.7996707111597061,1.0,0.0008384604903971563,True,0.017741521199544308,-0.6894656663446043
convnext_small_full,p1_02885,standing,standing,True,Q2,0.2662430120327252,0.6856801125091441,0.4017857142857143,1.7065816133560918,True,0.9147215048472088,0.9968214968840281,0.9531298180421194,0.03840831319491056,0.9999278265553089,0.9999276399612427,1.8659406619825347e-07,True,0.06930146614710486,3.2087167104122294e-05,0.06926937898000074,1.0,6.141438281753059e-06,True,6.304184595740114e-05,-0.3290443705084213
convnext_small_full,p1_02919,running,running,True,Q4,0.5263265892395453,0.9916600820021629,0.691764987244898,1.4335216443255698,True,0.9641233503818512,0.9996511687835058,0.9982470830281573,0.03412373264630619,0.999968250121403,0.9999682505925497,4.711466772278072e-10,True,0.00048083066940307617,-5.443890889411662e-06,0.00048627456029248783,0.4455776433304523,5.8765718332460876e-08,True,3.6160151163366905e-06,-0.5546833352134208
convnext_small_full,p1_02956,running,running,True,Q1,0.0835638341327918,0.4710772509562832,0.16655373086734693,2.828380057913422,False,0.6884863972663879,0.9754059528311094,0.9205281764268876,0.23204177916049962,0.9999716995791229,0.9999717076619467,8.082823743649215e-09,True,0.3742112716039022,0.00020577510197961058,0.3740054965019226,1.0,0.10036126385213909,True,0.26142640908559167,-0.3088364783474193
convnext_small_full,p1_03074,running,running,True,Q3,0.3178699066597482,0.895496318676146,0.4719387755102041,1.897484091465131,True,0.9691705505053202,0.9990857630968093,0.9923235754172008,0.02315302491188065,0.9986791661670017,0.9986791412035624,2.49634393156839e-08,True,0.0015768806139627722,-0.0009401440620422363,0.0025170246760050086,1.0,2.0028053637433964e-05,True,0.0004983146985371167,-0.46889868762305953
convnext_small_full,p1_03121,walking,walking,True,Q2,0.2141615022816661,0.27688715751438603,0.3392857142857143,0.8160884642529272,False,0.3250539967169364,0.9020211557547251,0.9201149841149647,0.5950609873980284,0.783528857325746,0.7835288643836975,7.057951556532771e-09,True,-0.189793606599172,0.7325554577012857,-0.9223490643004577,1.0,0.27607020820041805,False,0.6968147034446398,-0.604883955044658
convnext_small_full,p1_03136,walking,walking,True,Q4,0.7086948206617174,0.74259222162009,0.9017857142857143,0.823468602192575,False,0.41030513917406397,0.9306692610184352,0.6021018922328949,0.19179675305883093,0.8594559327446522,0.8594571749369303,1.242192278150256e-06,True,0.5552988747755686,0.1722684701283772,0.3830304046471914,0.10891089108910891,0.0,True,0.0,-0.8261153278695001
convnext_small_full,p1_03146,walking,walking,True,Q4,0.5683347350714887,0.7638456261141617,0.71875,1.0627417406805728,True,0.6454233114918073,0.9477773616711298,0.8280526528755823,0.18262934138377496,0.9323373158710169,0.9323371648788452,1.509921716547069e-07,True,0.27902906139691674,0.17913462718327844,0.0998944342136383,0.391304347826087,0.0023137252297931485,True,0.028080741564432743,-0.7819306131648607
convnext_small_full,p1_03226,walking,walking,True,Q2,0.1800715864827876,0.27827404516456317,0.25892857142857145,1.0747135537390025,True,0.6447836562991143,0.93519211212794,0.9087019622325897,0.26391830593347543,0.8900992037259586,0.8901029427846273,3.739058668683626e-06,True,0.0083409150441488,0.10324529806772875,-0.09490438302357995,1.0,0.015809653630122347,True,0.10939357678095507,-0.1857930045668752
convnext_small_full,p1_03634,walking,walking,True,Q1,0.0952931153204253,0.5862474798929965,0.18833705357142858,3.112756989535555,True,0.36293264441968254,0.7953045740723611,0.71989084482193,0.35695820040224746,0.9075974781729529,0.9075963894526163,1.0887203365506082e-06,True,0.49515667557716364,-0.03150365749994921,0.5266603330771129,1.0,0.142118068918432,False,0.4676187336444854,-0.39278272709618617
convnext_small_full,p1_03670,walking,walking,True,Q4,0.4424591028126381,0.3488510905894936,0.5758928571428571,0.6057569324964851,False,0.9378951658805211,0.9968019465605418,0.9800318310658136,0.042136665185292466,0.9994484898822348,0.9994481603304545,3.2955178030924515e-07,True,0.07943777243296302,0.007672091325124031,0.07176568110783899,0.7364341085271318,8.391634975776892e-05,True,0.0007834831873575476,-0.8737432783723095
convnext_small_full,p1_03755,sitting,sitting,True,Q3,0.3513882567137005,0.7169608959996061,0.6122249681122449,1.1710742510392993,True,0.5568743793293833,0.80879358847936,0.5803165053327878,0.02344212600340445,0.8074400280742432,0.8074398239453634,2.041288797993701e-07,True,-0.16645701726277662,0.21884397665659594,-0.38530099391937256,0.6333865034669097,0.05849894788705423,False,0.3225443363189698,-0.21346462661796403
convnext_small_full,p1_03772,walking,standing,False,Q3,0.2967683204369595,0.4745312039810507,0.53125,0.8932352074937425,True,0.21745889537657298,0.6023294683390608,0.41923128108804425,0.20177238571147127,0.6291659423783071,0.62923796971639,7.202733808286954e-05,True,0.2670892377694448,0.32555220524470013,-0.05846296747525531,0.8823529411764706,0.042606299159447664,False,0.21516715486844384,-0.29371494182169805
convnext_small_full,p1_03850,standing,standing,True,Q2,0.2916964255348094,0.8900404311870763,0.5629783163265306,1.580949754858494,True,0.5544915681083997,0.9565422882636387,0.9256671001513799,0.37117553204298015,0.9976535288284015,0.9976534644762675,6.435213406597029e-08,True,0.15932623545328772,0.004098256429036384,0.15522797902425134,0.7762673463608043,0.0001412787012470832,True,0.0018309553464253003,-0.7414480059580283
convnext_small_full,p1_03985,walking,sitting,False,Q1,0.0871293021953012,0.7186862905379865,0.0778061224489796,9.236886094783301,True,0.048504073832494526,0.3692015441755454,0.2673381742089987,0.21883410037650416,0.4887594767023751,0.48861096302668255,0.00014851367569251872,True,0.43523753620684147,-0.3016293446222941,0.7368668808291357,1.0,0.06926501326841186,False,0.279736931125323,-0.1893763194377883
convnext_small_full,p1_04168,walking,walking,True,Q1,0.006318700553105,0.15495169886121823,0.014668367346938776,10.56366364410392,False,0.4199840617676577,0.6737833190709352,0.5556541966895263,0.13567013492186863,0.8659292859018017,0.865833580493927,9.570540787473547e-05,True,0.24127839008967078,0.0337051351865133,0.20757325490315748,1.0,0.019787516920647653,True,0.10211455821990967,0.4867987519441408
convnext_small_full,p1_04174,sitting,sitting,True,Q1,0.0425057487283116,0.5645138796379305,0.08617665816326531,6.550658747620907,True,0.08333073064616957,0.8841188768363888,0.7033935349070816,0.620062804260912,0.9999995619952838,0.9999995628992716,9.039877735261825e-10,True,0.9548454619944096,3.1789143872806847e-07,0.9548451441029708,1.0,5.872365259026984e-05,True,0.00017293294270825932,-0.08854130179340028
convnext_small_full,p1_04177,walking,walking,True,Q2,0.2743188970217501,0.9034729679085023,0.45089285714285715,2.003742027836678,True,0.3420440437893073,0.8320922484000525,0.49095152169466016,0.14890747790535286,0.7286183344354993,0.7287554939587911,0.0001371595232918521,True,0.46206408987442654,-0.20342214902242017,0.6654862388968468,1.0,0.019769681512022776,True,0.18532030781110131,-0.8898681891087646
convnext_small_full,p1_04178,standing,standing,True,Q1,0.1095441778067854,0.40628373331508383,0.0758529974489796,5.3561987921223455,True,0.18142963151137037,0.7740079149603842,0.37048051307598756,0.1890508815646172,0.9232358846746794,0.9232358535130819,3.116159752458714e-08,True,0.878861573835214,0.013796786467234368,0.8650647873679796,1.0,0.0009459586529510871,True,0.023563345273335812,-0.4982255327440091
convnext_small_full,p1_04278,sitting,sitting,True,Q3,0.424950106788978,0.9766326031138765,0.6785714285714286,1.4392480466941338,True,0.10184693637105133,0.6049611995772769,0.3597309721944233,0.25788403582337194,0.8721446233352601,0.8721322417259216,1.238160933847432e-05,True,0.8681998410417388,0.18044038613637292,0.6877594549053658,0.47368421052631576,0.04322857535368467,True,0.12651737531026208,-0.43469045727343986
convnext_small_full,p1_04333,standing,standing,True,Q1,0.0917828069726803,0.7355438363021168,0.15254304846938777,4.821877127030966,True,0.16605625363687673,0.9187211096286774,0.48088309342662494,0.31482683978974824,0.9761978461892987,0.9761978387832642,7.406034563395281e-09,True,0.9459460508078337,0.003309011459350586,0.9426370393484831,1.0,0.021957648187362316,True,0.10668297608693444,-0.6360141802588766
convnext_small_full,p1_04452,standing,standing,True,Q3,0.3050208351545881,0.674467450338739,0.44266183035714285,1.5236629952814627,True,0.41741447038948537,0.8418237026780844,0.8055540742973486,0.38813960390786323,0.9989188048128786,0.998919149239858,3.4442697938175115e-07,True,0.6460670530796051,-0.0001466075579324988,0.6462136606375377,1.0,8.505670795579129e-05,True,0.0006683866182962683,-0.3151756014632922
convnext_small_full,p1_04492,walking,walking,True,Q4,0.6550527090541347,0.803419565930647,0.8616071428571429,0.9324662319609581,True,0.24513835685672045,0.7360578276216984,0.31621240293607117,0.07107404607935072,0.9127744602561659,0.9127720395723978,2.420683768100673e-06,True,0.42653678854306537,-0.05261353651682543,0.4791503250598908,0.16062176165803108,0.0,True,0.0,-0.37674900102987785
convnext_small_full,p1_04508,walking,walking,True,Q3,0.3941510615021908,0.5908152730404715,0.5758928571428571,1.0259117919462453,True,0.7466566219925881,0.9648554404576621,0.9263253092765809,0.17966868728399277,0.9631840706830213,0.9631839394569397,1.3122608155669013e-07,True,-0.014337221781412723,0.0990550319353739,-0.11339225371678663,0.7364341085271318,0.0018931727696147643,True,0.02662416299184167,-0.5291498300464588
convnext_small_full,p1_04546,walking,walking,True,Q4,0.5767253139319318,0.9227220238653255,0.7678571428571429,1.201684496196703,True,0.5035906689862409,0.9299518883228302,0.923927828669548,0.4203371596833071,0.9324746034896286,0.9324746131896973,9.700068637208403e-09,True,-0.03178791205088294,-0.02409265438715613,-0.007695257663726807,0.3023255813953488,0.005178531151369813,True,0.023534278074900272,-0.4393617751542094
convnext_small_full,p1_04697,standing,standing,True,Q3,0.4075780493882968,0.6360110934182798,0.5089285714285714,1.2497060081201288,True,0.9686252892017364,0.9905058224995931,0.9403181085983914,-0.028307180603345028,0.9999913924780474,0.9999914169311523,2.4453104985333596e-08,True,0.044058044751485226,2.1497408548953878e-05,0.04403654734293627,0.9649122807017544,5.894251864923653e-06,True,3.28222910562781e-05,-0.7481706870620144
convnext_small_full,p1_04698,running,walking,False,Q3,0.3016488506951722,0.6781476373443303,0.42283163265306123,1.6038242765549169,True,0.30609659720212223,0.9388597269852955,0.7779531190792719,0.47185652187714966,0.9645296525062196,0.9645434816678365,1.3829161616962793e-05,True,0.04412055015563965,0.05894871552785241,-0.014828165372212765,1.0,0.0049985318592385255,True,0.027859151363372803,-0.48581698298953724
convnext_small_full,p1_04727,walking,walking,True,Q2,0.2172381835032437,0.5404315579661702,0.3788265306122449,1.4265937422406645,True,0.8386429356100658,0.9759737809499105,0.7247544586658478,-0.113888476944218,0.8882651772505724,0.8881590763727824,0.00010610087779006072,True,-0.10837785402933764,0.04912608861923218,-0.15750394264856982,1.0,0.023987949492614076,True,0.08646529912948608,-0.11340101599788258
convnext_small_full,p1_04776,sitting,sitting,True,Q3,0.3442729118532521,0.9775110241911753,0.4125478316326531,2.3694489444355753,True,0.38675039000809197,0.9378626581281424,0.9122248264650504,0.5254744364569585,0.9999988533710219,0.9999988476435343,5.727487595308389e-09,True,0.9338543241222699,-8.344650268554688e-07,0.9338551585872967,1.0,1.3629620248767259e-07,True,7.549921671179405e-07,-0.06635367806435453
convnext_small_full,p1_04859,standing,standing,True,Q1,0.013080402743324,0.08173098101004278,0.021205357142857144,3.8542609992104384,True,0.20793944460650285,0.9445338449130456,0.7414671840767065,0.5335277394702037,0.9979526877215391,0.9979536334673563,9.457458172157374e-07,True,0.07848946253458655,0.002714236577351814,0.07577522595723474,1.0,0.17006696072340033,True,0.4224778016408284,-0.19871637322625674
convnext_small_full,p1_04904,walking,walking,True,Q1,0.0193562316912339,0.31636290930627725,0.022321428571428572,14.17305833692122,True,0.4588252515842517,0.9325228944420816,0.5922676901022593,0.13344243851800763,0.9478414701175764,0.9478658040364584,2.4333918882013528e-05,True,0.46658842762311303,0.0414352218310039,0.42515320579210913,1.0,0.042695252506246055,True,0.1885326306025188,-0.5123167884641063
convnext_small_full,p1_05035,running,running,True,Q2,0.1959510473548364,0.7581743682875939,0.2929089604591837,2.588430094794741,True,0.49115671428541346,0.9052366996804873,0.8350419004758198,0.34388518619040637,0.9965169237690394,0.9965168436368307,8.013220875735527e-08,True,0.3809963961442312,-0.0020189285278320312,0.38301532467206323,1.0,0.010389724177223088,True,0.0394325852394104,-0.6582374245227794
convnext_small_full,p1_05146,sitting,sitting,True,Q1,0.1259990477162194,0.40601997088141295,0.2139469068877551,1.897760415365233,True,0.9732235252857208,0.9914418538411459,0.9903278052806855,0.017104279994964777,0.9999998233330148,0.9999998013178507,2.2015164136135468e-08,True,0.018460512161254883,-1.5894571947505653e-07,0.018460671106974358,1.0,2.5619485919140804e-08,True,1.9868214928830952e-07,-0.5902817951126887
convnext_small_full,p1_05190,standing,standing,True,Q3,0.3004096495220755,0.8723431150519865,0.4107142857142857,2.123965845343967,True,0.5033025905489922,0.9528157194455464,0.7011687854925791,0.19786619494358693,0.9046354145384979,0.9046354095141093,5.024388682883796e-09,True,0.4727250436941782,-0.08967445294062304,0.5623994966348013,1.0,0.016230520765168645,True,0.07892199357350671,-0.635210348927185
convnext_small_full,p1_05253,standing,running,False,Q4,0.4918082190193044,0.9901381122296861,0.7726004464285714,1.2815655450455743,True,0.900795328617096,0.985369367400805,0.7974255532026291,-0.1033697754144669,0.9957558731720716,0.9957548975944519,9.755776196884725e-07,True,0.09558997551600135,-0.0030982096989949914,0.09868818521499634,0.29433008306247743,0.0005715032068340192,True,0.003304421901702881,-0.5418962220830996
convnext_small_full,p1_05279,sitting,sitting,True,Q3,0.3183037015447391,0.513392857142857,0.5133928571428571,0.9999999999999998,False,0.7446734867990016,0.642451727638642,0.7741040709118049,0.029430584112803304,0.9999999491806015,0.9999999602635702,1.1082968653930436e-08,True,0.3786793450514476,0.0,0.3786793450514476,0.9478260869565217,2.012429926930178e-09,True,3.973642981325298e-08,1.0
convnext_small_full,p1_05556,running,running,True,Q4,0.4507002996306877,0.9250409120961134,0.7755899234693877,1.192693308801896,True,0.8981137295564017,0.9824236144622167,0.9567083766063054,0.05859464704990369,0.9839389275970428,0.983938992023468,6.44264251947746e-08,True,-0.015486617883046505,0.006727735201517704,-0.02221435308456421,0.2893411450303217,0.0011628630471089167,True,0.014371256033579471,-0.6559208718747137
convnext_small_full,p1_05642,running,running,True,Q2,0.1596745310082236,0.7131350347448074,0.26333306760204084,2.7081104596500003,True,0.6040767632424832,0.8859162474672,0.8752429674069088,0.2711662041644256,0.8868735434535342,0.8870327870051066,0.00015924355157237446,True,0.7814469859004021,0.3939127624034881,0.3875342234969139,1.0,0.2595195863179033,False,0.6804604878028233,-0.3611337249699648
convnext_small_full,p1_05663,standing,standing,True,Q4,0.5901095907876512,0.9688785460843143,0.9821428571428571,0.9864945196494838,True,0.30267999697631853,0.6395355545799248,0.6701651257850851,0.3674851288087666,0.9354008795405524,0.935398002465566,2.877074986362693e-06,True,0.013665477434794182,0.04395423332850146,-0.030288755893707275,0.01818181818181818,1.2223113487381676e-06,True,0.0007183353106180457,-0.6804487179487179
convnext_small_full,p1_05677,standing,standing,True,Q4,0.4704944178628389,0.9377584164328172,0.5446428571428571,1.7217859449258284,True,0.3241568314532439,0.7934614668289819,0.6431194265683492,0.3189625951151053,0.8873951692522716,0.8875527580579122,0.00015758880564065159,True,0.6239348649978638,0.3407349785168966,0.2831998864809672,0.8360655737704918,0.013185495518999023,True,0.08120578527450562,-0.7306538465398973
convnext_small_full,p1_05733,standing,standing,True,Q2,0.1692517390486933,0.8445364099830818,0.3053651147959184,2.765661069528202,True,0.3333225594523052,0.8367966345356157,0.5710079616867006,0.23768540223439544,0.9913812952157979,0.9913797775904337,1.5176253641557835e-06,True,0.755258376399676,-0.005069732666015625,0.7603281090656916,1.0,0.053801811890080556,True,0.17464389403661085,-0.5075460928729063
convnext_small_full,p1_05902,standing,standing,True,Q4,0.5362548039315717,0.8976335946987384,0.6875,1.3056488650163467,True,0.5183698679010074,0.9670630092422167,0.9242417891820273,0.4058719212810199,0.9930794287722963,0.993079404036204,2.473609228559326e-08,True,-0.002766231695811028,0.003891170024871826,-0.006657401720682854,0.45454545454545453,0.000692616078346369,True,0.004781603813171387,-0.5975608839542969
convnext_small_full,p1_06182,walking,walking,True,Q3,0.4286537454164484,0.781866040995907,0.5580357142857143,1.4011039454646652,True,0.4045019724716743,0.8280468363935749,0.5663621414452791,0.16186016897360478,0.9222938104582299,0.9223112463951111,1.7435936881193825e-05,True,0.5408230622609456,-0.007200558980306027,0.5480236212412517,0.792,0.05934137563591951,True,0.20919537544250488,-0.8065732110773245
convnext_small_full,p1_06190,walking,walking,True,Q3,0.4275672345847784,0.6881424027860564,0.6116071428571429,1.1251379432414352,True,0.46909647981325786,0.9153851161400477,0.7785189608732861,0.30942248106002823,0.9604206754716604,0.9604427218437195,2.2046372059048025e-05,True,0.25127621491750085,0.0682833194732666,0.18299289544423425,0.635036496350365,0.02367348473376312,True,0.12835886081059777,-0.8798446507481783
convnext_small_full,p1_06264,walking,walking,True,Q2,0.2204322680970768,0.6364536059919716,0.34438775510204084,1.8480726929544657,True,0.33430988726516564,0.9145488773783049,0.8604397565126418,0.5261298692474762,0.8601642933576218,0.8601643840471903,9.068956852154031e-08,True,0.309503565231959,-0.12400867541631067,0.43351224064826965,1.0,0.015954612137422986,True,0.06893610954284668,-0.49368219163792293
convnext_small_full,p1_06597,standing,standing,True,Q2,0.2102167291061237,0.7781381307519822,0.38839285714285715,2.0034820837752187,True,0.29722914279749,0.8329472824931144,0.684123679002126,0.386894536204636,0.9308009482781014,0.930800994237264,4.595916258676169e-08,True,0.635196641087532,0.058982332547505734,0.5762143085400264,1.0,0.013572777232605224,True,0.016889135042826298,-0.8378651993451062
convnext_small_full,p1_06891,standing,standing,True,Q1,0.1260460067924792,0.6078403461186707,0.2381218112244898,2.552644560332308,True,0.08741389124964674,0.8194556244260942,0.6112443552507709,0.5238304640011242,0.9931989073177433,0.9931938449541727,5.062363570562667e-06,True,0.9877078123390675,-0.00573498010635376,0.9934427924454212,1.0,0.0021535227256783557,True,0.006678879261016846,-0.5531427786852633
convnext_small_full,p1_07023,standing,standing,True,Q1,0.0530914914357331,0.36530908385098887,0.08091517857142858,4.514716401799807,True,0.0849378620274365,0.5204620861137907,0.12129207644611596,0.03635421441867946,0.7471799567857175,0.7471799850463867,2.8260669249213777e-08,True,0.5894391884406408,-0.038844744364420536,0.6282839328050613,1.0,0.08577298416560022,False,0.40595129132270813,-0.5638736263736263
convnext_small_full,p1_07087,running,sitting,False,Q1,0.0519498583027626,0.5240586974478623,0.10586734693877552,4.950144804808723,True,0.04524545769284789,0.20496750037612704,0.13030853915261104,0.08506308145976314,0.38247854419536775,0.3825070758660634,2.853167069566398e-05,True,0.21194651226202646,-0.052656869093577086,0.2646033813556036,1.0,0.18198117595461466,True,0.5388265947500865,0.10167357311293757
convnext_small_full,p1_07148,walking,walking,True,Q3,0.3620293847566574,0.3360970366847995,0.5,0.672194073369599,False,0.988265347480774,0.945941960811615,0.9915096044540406,0.0032442569732665794,0.9999878086858445,0.9999878406524658,3.196662134996586e-08,True,0.39941342671712243,0.0008683602015177039,0.39854506651560473,1.0,0.0001224992309758081,True,0.0003964503606160852,-0.7168849009803172
convnext_small_full,p1_07328,walking,walking,True,Q1,0.1490863570770381,0.2069415269221897,0.2710459183673469,0.7634925040329258,False,0.7247712294260662,0.9858221391836803,0.9586989055077234,0.2339276760816572,0.9779055244406211,0.9778734445571899,3.207988343112422e-05,True,0.8567918725311756,0.1631192763646444,0.6936725961665312,1.0,0.21780971023343865,False,0.5564652582009633,-0.6421818896528837
convnext_small_full,p1_07341,walking,walking,True,Q1,0.1175661499009208,0.7109808545053963,0.09247448979591837,7.688399861134217,True,0.6313763255874315,0.9537156656384467,0.7665052473545074,0.13512892176707592,0.9960251894054484,0.9960251847902933,4.6151550359141424e-09,True,0.5420434574286143,0.01015683015187574,0.5318866272767385,1.0,0.008566176416135059,True,0.021925409634907966,0.027634015283576487
convnext_small_full,p1_07488,running,running,True,Q3,0.4010209671215953,0.837500911921713,0.6350047831632653,1.3188891393065054,True,0.7879062285025915,0.998791280388832,0.9948312441507975,0.20692501564820598,0.9999599733412681,0.9999599456787109,2.766255713382293e-08,True,0.00010452667872107302,2.110004425048828e-05,8.342663447058474e-05,0.574791287427029,3.0489872791910424e-06,True,2.1020571390750753e-05,-0.6520844552068801
convnext_small_full,p1_07588,walking,walking,True,Q2,0.1840213344537422,0.6221976456594538,0.33920599489795916,1.8342766785316542,True,0.3112912145753701,0.8353796715537707,0.3553928092122078,0.04410159463683766,0.6821930432763976,0.6821876168251038,5.426451293866208e-06,True,-0.2580967346827189,0.2830482025941213,-0.5411449372768402,1.0,0.012002303672070799,True,0.03011414408683777,-0.6866150025060938
convnext_small_full,p1_08079,running,running,True,Q3,0.3688529374000537,0.9751503892532386,0.4052136479591837,2.4065092431226884,True,0.9186119586229324,0.994795028368632,0.9512312928835551,0.03261933426062269,0.998126492633641,0.9981265068054199,1.417177897256039e-08,True,0.05753783384958899,0.0005205273628234863,0.05701730648676551,1.0,0.00018672164929030933,True,0.0002597371737161902,-0.6360849493631209
convnext_small_full,p1_08262,standing,standing,True,Q3,0.2971826383296569,0.5304538904056652,0.4330357142857143,1.224965685060505,True,0.9102103133996328,0.9176597868402798,0.6307665392756463,-0.27944377412398647,0.9997300159201411,0.9997300108273824,5.092758659230867e-09,True,0.5311425228913625,7.802248001098633e-05,0.5310645004113516,1.0,3.123563822445381e-05,True,0.00032448768615722656,-0.46877516340324765
convnext_small_full,p1_08616,sitting,sitting,True,Q4,0.7790021426385063,0.9992502047117413,0.9151785714285714,1.091863638319171,True,0.23831199953953425,0.9023024270931881,0.670455329120159,0.4321433295806248,0.9503809544973949,0.9504715402921041,9.058579470921924e-05,True,0.018275082111358643,0.029011885325114006,-0.010736803213755364,0.09268292682926829,0.0,True,0.0,-0.4975737286800216
convnext_small_full,p1_08863,running,running,True,Q1,0.0432949018807604,0.5020171733844425,0.08681441326530612,5.782647771289667,True,0.954158545533816,0.9895486364761988,0.9776935050884883,0.02353495955467233,0.9844764991125471,0.9844641089439392,1.2390168607878671e-05,True,0.1300326784451803,-0.009654700756072998,0.1396873792012533,1.0,0.4858145663846023,False,0.8834369828303655,-0.18036594445947762
convnext_small_full,p1_08877,sitting,sitting,True,Q1,0.1350393792254257,0.9168211561572339,0.20398198341836735,4.494618303013715,True,0.9100655625263849,0.9843299488226573,0.9600796182950337,0.05001405576864881,0.9999755505577248,0.9999755620956421,1.1537917288251265e-08,True,0.014943540096282959,-1.3510386149051534e-05,0.01495705048243201,1.0,2.072301780096036e-06,True,2.4358431498172628e-05,-0.7034348414852599
convnext_small_full,p1_08972,walking,standing,False,Q4,0.6308602639963586,0.894053718322041,0.78125,1.1443887594522124,True,0.779999137421449,0.8963384933769702,0.9066984161734581,0.12669927875200915,0.9868966428977831,0.9868959983189901,6.445787930076108e-07,True,0.08496201038360596,-0.007486124833424812,0.09244813521703077,0.28,0.001762584862015421,True,0.0092258254686991,-0.6346676089042275
convnext_small_full,p1_09451,standing,sitting,False,Q2,0.2930861431089014,0.9605359420613295,0.5319276147959183,1.805764384745945,True,0.8002510021751126,0.9692588845888774,0.9840099116166434,0.18375890944153084,0.8317291051534658,0.8317291339238485,2.877038274284871e-08,True,-0.08891254663467407,0.09637163082758593,-0.18528417746226,0.879955039340577,0.1619853014378725,False,0.5479119618733724,-0.368053489293698
convnext_small_full,p1_09518,walking,walking,True,Q3,0.3432592041478243,0.5928696756713037,0.49856505102040816,1.1891520965175622,True,0.9475448548793792,0.9956888685623806,0.9955942501624426,0.0480493952830634,0.9973023299604327,0.9973042209943136,1.8910338809297045e-06,True,0.25198012590408325,0.002937634785970089,0.24904249111811316,1.0,0.0001277467130340311,True,0.0018461346626281738,-0.6358442391559336
convnext_small_full,p1_09554,walking,walking,True,Q2,0.2458665195419569,0.4857605809784184,0.14969308035714285,3.24504365745881,True,0.29834581489364304,0.8651382510860761,0.5402529289325078,0.24190711403886472,0.7107817168637255,0.7110482851664225,0.00026656830269700116,True,0.18661575516064954,-0.011332770188649532,0.19794852534929908,1.0,0.06282291251887914,True,0.13706499338150024,-0.6015906826761559
convnext_small_full,p1_09800,sitting,sitting,True,Q2,0.1976375566718336,0.21316964285714282,0.21316964285714285,0.9999999999999999,False,0.7202155098008614,0.6040889510419218,0.6680126320299071,-0.052202877770954226,0.9999999559686529,1.0,4.4031347123940634e-08,True,0.036033352216084835,0.0,0.036033352216084835,1.0,1.6834498337794357e-07,True,6.755193074914345e-07,1.0
convnext_small_full,p1_10438,standing,standing,True,Q2,0.2519694688561325,0.4984447716800645,0.3794642857142857,1.3135485747804054,True,0.9657183706760407,0.9962198535601299,0.9320029119650524,-0.033715458710988355,0.9999056364112248,0.9999056657155355,2.930431075576223e-08,True,0.006147424379984612,2.352396647142818e-05,0.006123900413513184,1.0,6.951035890633947e-05,True,0.0003805955251058313,-0.43783390710228565
convnext_small_full,p1_10483,walking,walking,True,Q1,0.0445712685130072,0.4763319278816144,0.08944515306122448,5.325407935246855,True,0.6570033659537633,0.9671037723620731,0.9594929546117783,0.302489588658015,0.9970348835363185,0.9970372915267944,2.4079904759055637e-06,True,0.3606927196184794,-0.0004002650578817102,0.3610929846763611,1.0,0.0614601201209766,True,0.18034174044926965,-0.5159139266128857
convnext_small_full,p1_10548,running,walking,False,Q2,0.1648401666608312,0.6925064138014579,0.3268494897959184,2.118731818225729,True,0.9382033477226893,0.9843712151050568,0.9461464434862137,0.007943095763524366,0.9982591136697292,0.9982569416364034,2.172033325753553e-06,True,0.03136148055394494,0.0010079145431518555,0.030353566010793087,1.0,0.012834162079757962,True,0.038920044898986816,-0.470655634711617
convnext_small_full,p1_10980,standing,standing,True,Q1,0.0176469565519759,5.4568222721954144e-05,0.037388392857142856,0.0014594963450409227,False,0.7487845212221145,0.8231980075438817,0.8182012458642325,0.06941672464211801,0.9981352403855185,0.9981352885564169,4.817089838127231e-08,True,0.030774056911468506,-0.0001401702562967566,0.030914227167765262,1.0,0.09861734127404802,True,0.266590416431427,-0.5235585057143108
convnext_small_full,p1_11298,walking,walking,True,Q1,0.1183186420246767,0.11778009391758903,0.2385204081632653,0.4937946183496781,False,0.6830432159205279,0.427257657982409,0.5988752144078414,-0.08416800151268644,0.6809403123865867,0.6811455686887106,0.00020525630212386847,True,0.6379268541932106,-0.08125279347101844,0.719179647664229,1.0,0.043719079240427366,False,0.26388608415921533,-0.6050025760536438
convnext_small_full,p1_11326,walking,standing,False,Q2,0.1809285389167046,0.5359132555033743,0.33362563775510207,1.6063311534132203,True,0.3877881624512763,0.784717459983949,0.3900486617805048,0.0022604993292285047,0.9777234355591963,0.9777234196662903,1.5892905991243822e-08,True,0.973524252573649,0.02742358048756921,0.9461006720860798,1.0,0.005586700549645754,True,0.017588237921396854,-0.3073857500311511
convnext_small_full,p1_11420,running,running,True,Q1,0.0092433738314484,0.165809140905265,0.01931202168367347,8.585799230198736,False,0.8655503163735072,0.9816277464230856,0.8838454365730286,0.018295120199521397,0.9984938784143738,0.9984939495722452,7.115787148403996e-08,True,0.055063486099243164,0.0014054377873737867,0.05365804831186938,1.0,0.07776816261046085,True,0.21550651391347242,-0.21188429356119828
convnext_small_full,p1_11469,walking,standing,False,Q1,0.0482854283356451,0.14087770518023227,0.0985530931122449,1.4294600071027976,True,0.1746624769642949,0.8415145934248963,0.48362366966903203,0.3089611927047371,0.5015458288892523,0.5015458265940348,2.2952174605350706e-09,True,0.05814407269159949,0.13246336082617438,-0.07431928813457489,1.0,0.06081561091606124,False,0.3127415875593821,-0.36098731010408003
convnext_small_full,p1_11495,sitting,standing,False,Q4,0.8620208822229024,1.0,1.0,1.0,True,0.874254310131073,0.9453657140334447,0.9243733783562978,0.05011906822522483,0.9996821676709199,0.9996821482976278,1.937329208168137e-08,False,,,,,0.0,True,0.0,-0.6776556776556776
convnext_small_full,p1_11643,running,running,True,Q4,0.5177385671056557,0.9713401454840715,0.6026785714285714,1.6117051302846819,True,0.9897803833087284,0.99882097641627,0.9942054828008015,0.004425099492073037,0.9986564198528769,0.9986562927563986,1.270964783417483e-07,True,-0.00040582815806067263,0.0038027167320251465,-0.004208544890085819,0.6592592592592592,0.0004683557286188153,True,0.0031190117200216028,-0.5108136631834745
convnext_small_full,p1_11824,standing,standing,True,Q4,0.5626126585722545,0.8284058171353532,0.7544642857142857,1.0980053434220067,True,0.760194061199824,0.935480744143327,0.9006130496660869,0.14041898846626288,0.9993199261142931,0.9993188977241516,1.0283901414886998e-06,True,0.0043091575304666785,0.0001472036043802527,0.004161953926086426,0.3254437869822485,1.1494240157009309e-05,True,0.00012228886286413942,-0.5708724674518175
convnext_small_full,p1_11931,walking,walking,True,Q1,0.0431383279095084,0.35483135289519685,0.07254464285714286,4.891213726063021,True,0.6028812399754921,0.9608411637445291,0.47049541920423515,-0.132385820771257,0.9980635314262271,0.9980635444323221,1.300609508980699e-08,True,0.8236364473899205,-0.0005744695663452148,0.8242109169562657,1.0,0.016625510043018994,True,0.05525883038838697,-0.16049729315542052
convnext_small_full,p1_11942,standing,walking,False,Q1,0.1034771361180856,0.05937926696849028,0.17546237244897958,0.33841595858825174,False,0.7294358352820078,0.7821752645075322,0.8203101416428884,0.09087430636088056,0.7725223051471499,0.7725223104159037,5.2687537666074036e-09,True,-0.0005951325098674243,0.35419444243113196,-0.3547895749409994,1.0,0.007074183090709143,True,0.09107547998428345,-0.6411727915564868
convnext_small_full,p1_12075,running,running,True,Q3,0.3180765722571743,0.9660657816634006,0.6064453125,1.592997359779907,True,0.9634672303994496,0.9997391094764073,0.9994125773509344,0.03594534695148477,0.9997053592686416,0.9997048179308573,5.41337784265572e-07,True,0.2171070178349812,-0.00014932950337731565,0.21725634733835852,0.6489533011272142,7.071206193255291e-05,True,0.00027292966842651367,-0.40119557802579886
convnext_small_full,p1_12085,running,walking,False,Q1,0.0156168601213994,0.35553124939927716,0.03085140306122449,11.523989644611195,True,0.1846294549293816,0.6728940350313981,0.401970366636912,0.2173409117075304,0.6038393985162703,0.6039961477120718,0.0001567491958014422,True,0.5136675822238128,0.0018595655759175989,0.5118080166478952,1.0,0.6761901887323241,False,0.6023946936281088,-0.6609546537958602
convnext_small_full,p1_12314,standing,walking,False,Q1,0.0225660032136615,0.1764248603143363,0.04623724489795918,3.8156438754879907,True,0.2686816768720746,0.7492144147865474,0.6110861619934439,0.3424044851213693,0.7046345927189217,0.7046346068382263,1.4119304614368389e-08,True,-0.12265634536743164,-0.030012110869089725,-0.09264423449834192,1.0,0.08574988710448307,True,0.23548211654027307,-0.22866300366300366
convnext_small_full,p1_12363,running,running,True,Q4,0.4676733428874363,0.6000391039911579,0.5580357142857143,1.0752700743521548,True,0.3419928508500258,0.9551012655099234,0.922552482287089,0.5805596314370631,0.5900187695013351,0.5901739994684855,0.00015522996715033877,True,-0.40886970361073816,-0.06654564539591479,-0.34232405821482337,0.792,0.23739580719554748,False,0.5734881618991494,-0.699278973566789
convnext_small_full,p1_12367,standing,standing,True,Q1,0.0306128403533956,0.5310162181077751,0.06301817602040816,8.426397773490109,True,0.10970802127073209,0.8332656575987737,0.5395149859289329,0.4298069646582008,0.9173470227841145,0.9173469742139181,4.857019642034999e-08,True,0.8715786822140217,-0.03276727596918738,0.9043459581832091,1.0,0.027723994755805767,True,0.16864679257075,-0.4622147959828876
convnext_small_full,p1_12879,sitting,standing,False,Q3,0.3114242909901749,0.5687539007430858,0.5838448660714286,0.9741524397912639,False,0.13808895302936433,0.7554557691017786,0.4109343665341536,0.2728454135047893,0.8096570984419031,0.809657096862793,1.5791101759532467e-09,True,0.19011769692103064,0.5700894643863043,-0.3799717674652736,0.7127837514934289,0.20472327325046805,False,0.6137949849168459,-0.4819684924486314
convnext_small_full,p1_13171,standing,standing,True,Q1,0.0218246326575866,0.0,0.015246332908163265,0.0,False,0.6309023727973302,0.853898249566555,0.7745722164710362,0.14366984367370605,0.8826397112609802,0.8826384345690409,1.2766919392781517e-06,True,0.03608224789301551,-0.07867232958475756,0.11475457747777307,1.0,0.03682877275520299,True,0.11454468965530396,-0.50811551496466
convnext_small_full,p1_13395,standing,standing,True,Q2,0.1561170615727089,0.7042915696015266,0.2385204081632653,2.9527518212170953,True,0.3618601558109125,0.8895616618295511,0.573772843182087,0.21191268737117447,0.9029519844606982,0.9029513994852701,5.849754280973229e-07,True,0.8072158768773079,-0.06785263617833459,0.8750685130556425,1.0,0.018649539646864575,True,0.07776176929473877,-0.38233038384354523
convnext_small_full,p1_13422,walking,walking,True,Q1,0.0228168206891611,0.28055369127098695,0.04878826530612245,5.750433828926895,False,0.6150630041956902,0.8663822611172994,0.758831920226415,0.14376891603072484,0.8840123120156724,0.8838836153348287,0.00012869668084369845,True,0.12098524967829394,0.02230735619862878,0.09867789347966516,1.0,0.05077771127079562,True,0.022035419940948486,-0.436034956957637
convnext_small_full,p1_13514,running,running,True,Q4,0.5144241743191754,0.9539799043892216,0.8136160714285714,1.1725185107445029,True,0.9968385100364684,0.9997611622015636,0.9908270478248598,-0.0060114622116086425,0.9999713450927267,0.9999712705612183,7.453150840941447e-08,True,1.410643259680544e-05,7.257858912146364e-05,-5.84721565246582e-05,0.22908093278463648,1.0513815507286762e-06,True,1.748402913415159e-05,-0.5853463117923067
convnext_small_full,p1_13559,walking,walking,True,Q2,0.162534435261708,0.6266143518905134,0.18303571428571427,3.4234540200847565,True,0.19957893652220568,0.7560554500669241,0.27618406265974044,0.07660512613753476,0.9352089790544978,0.9353148341178894,0.00010585506339155781,True,0.4914517601331075,0.11157594124476111,0.3798758188883464,1.0,0.5159399931030046,False,0.9101986742268006,-0.4200726377525837
convnext_small_full,p1_13594,walking,walking,True,Q3,0.3775124987246199,0.20474570169477124,0.46875,0.43679083028217863,False,0.8914087315400441,0.968624147772789,0.933800706267357,0.04239197472731293,0.9997955826217075,0.9997955560684204,2.655328712464211e-08,True,0.009157280127207401,0.21386196215947473,-0.20470468203226733,1.0,8.922095452812633e-06,True,0.0001033941904703406,-0.8358033236977563
convnext_small_full,p1_14079,running,running,True,Q2,0.2315511828484063,0.7750841260240589,0.3277064732142857,2.3651779545936376,True,0.15364292555119996,0.8062219460805259,0.5914318871994814,0.4377889616482814,0.5126103036889985,0.5126103262106577,2.2521659204244315e-08,True,0.3209089388449986,-0.1516737242539724,0.472582663098971,1.0,0.06670539043061882,True,0.32569474975268053,-0.41977947232698065
convnext_small_full,p1_14563,standing,walking,False,Q1,0.1079837760960792,0.36887456659457935,0.20113201530612246,1.8339922962197397,True,0.6943274011214574,0.9352588216463724,0.8555045704046884,0.161177169283231,0.7488330639016764,0.7488330602645874,3.637088963337476e-09,True,0.32674447695414227,-0.2391592264175415,0.5659037033716838,1.0,0.009399096625295585,True,0.10791635513305664,-0.5720597999038439
convnext_small_full,p1_14826,standing,walking,False,Q4,0.4411610237736774,0.8874024901103528,0.6116071428571429,1.4509354582826204,True,0.8033318807681402,0.9559365640083949,0.9529548794031144,0.1496229986349742,0.9626750691284056,0.9626733064651489,1.7626632566880573e-06,True,0.18244997660319007,0.002832512060801151,0.17961746454238892,0.635036496350365,0.004074030677891646,True,0.024413208166758182,-0.8352108860889074
convnext_small_full,p1_15176,walking,walking,True,Q3,0.3233458177278402,0.7308422779133931,0.42857142857142855,1.705298648464584,True,0.3573253889878591,0.9637911816438037,0.6943235198656719,0.3369981308778128,0.9658672340658858,0.9658073385556539,5.989551023188877e-05,True,0.11200078328450525,0.029558201630910275,0.08244258165359497,1.0,0.4801847399483641,False,0.8872705958783627,-0.7871468042054858
convnext_small_full,p1_15232,sitting,sitting,True,Q4,0.5354635935044526,0.9992622126028722,0.5868343431122449,1.7028011811703758,True,0.055896016392701614,0.8075896738252292,0.6069314963184297,0.5510354799257281,0.9963065150101835,0.9963037172953287,2.797714854785305e-06,True,-0.0036780436833699914,0.002115031083424812,-0.0057930747667948035,0.7040584139921888,0.011018505841064011,True,0.04272983471552527,-0.36327305385288183
convnext_small_full,p1_15326,walking,walking,True,Q4,0.481630275822195,0.3788052654742037,0.5625,0.673431583065251,True,0.7356818119684855,0.892137324810028,0.8502059698104858,0.11452415784200032,0.9987715221303027,0.9987715085347494,1.3595553349787792e-08,True,0.051486412684122795,0.029201289017995236,0.02228512366612756,0.7777777777777778,0.004024208544148569,True,0.015515764554341671,-0.8112556693302364
convnext_small_full,p1_15393,walking,walking,True,Q1,0.0175832072836436,0.35463196600182034,0.03635204081632653,9.755489871769374,True,0.1532379743022223,0.9059976863364378,0.6101981336871782,0.45696015938495593,0.9507128584580603,0.9507129788398743,1.2038181396167857e-07,True,0.8532378499706587,-0.0325930118560791,0.8858308618267378,1.0,0.005763038326416325,True,0.035431424776713016,-0.6473072173765837
convnext_small_full,p1_15777,standing,standing,True,Q4,0.7883072368933551,0.9924498548773147,0.9732142857142857,1.0197649884977913,True,0.7586883053183555,0.9298319486280282,0.8065501645207405,0.04786185920238495,0.9973850603852555,0.9973850051561991,5.522905643928766e-08,True,0.0008249282836914062,-0.0005685488382976001,0.0013934771219890063,0.027522935779816515,0.0,True,0.0,-0.7720949586743336
convnext_small_full,p1_16050,running,running,True,Q3,0.4013006841412104,0.9998289989393665,0.4770408163265306,2.0958982223755704,True,0.9881661484638851,0.9985863149166108,0.9928013781706492,0.00463522970676411,0.9999930673985521,0.9999930461247762,2.1273775852037602e-08,True,0.025501271088918087,-1.9868214917728722e-07,0.025501469771067264,1.0,2.0908522018874295e-07,True,1.2715657551343185e-06,-0.16279585397366322
convnext_small_full,p1_16139,running,walking,False,Q1,0.0330112721417069,0.20855778653104962,0.04603794642857143,4.530127920771405,True,0.22325647622346878,0.3530369096125166,0.6697428782780965,0.44648640205462775,0.5176184283746905,0.5175731380780538,4.529029663669082e-05,True,0.48373710860808694,0.05571128924687707,0.42802581936120987,1.0,0.17084854587569956,False,0.4421652915577094,-0.5437706851443818
convnext_small_full,p1_16365,sitting,sitting,True,Q1,0.1476664870096377,0.9841650852875149,0.2077686543367347,4.736831397543055,True,0.058318363077220665,0.856253702007234,0.32138347480601326,0.2630651117287926,0.9994774041024133,0.9994773864746094,1.7627803883257798e-08,True,0.9952368952023486,-0.00042663017908728396,0.9956635253814359,1.0,0.0064388585076354,True,0.020913680394490597,-0.46185123909337616
convnext_small_full,p1_16433,standing,standing,True,Q4,0.6443914081145584,0.9065578189833594,0.6919642857142857,1.3101222674340163,True,0.36299926570306223,0.8693738998224338,0.625003655999899,0.2620043902968368,0.9953415403859849,0.9953408241271973,7.162587876141657e-07,True,0.5779799769322078,0.0035782257715860633,0.5744017511606216,0.44516129032258067,0.00025085331165312333,True,0.003171384334564209,-0.7209398307297377
convnext_small_full,p1_16771,standing,standing,True,Q3,0.3782547296429863,0.5765915995372419,0.47767857142857145,1.207070264451796,True,0.943561241030693,0.963119242588679,0.9486555169026057,0.00509427587191269,0.9995097548197223,0.9995099703470866,2.15527364288981e-07,True,0.08120030164718628,0.0004296104113260535,0.08077069123586023,1.0,0.00018080146209866838,True,0.0012215773264566687,-0.5693116767624378
convnext_small_full,p1_17150,standing,sitting,False,Q4,0.8237333579881657,1.0,0.9285714285714286,1.0769230769230769,True,0.2772526603192091,0.8734891605873903,0.3719036883364121,0.09465102801720299,0.9072778292238732,0.9072560469309489,2.1782292924377167e-05,True,0.5355740984280903,-0.01558995246887207,0.5511640508969624,0.07692307692307693,0.0,True,0.0,-0.6969695713854586
convnext_small_full,p1_17228,standing,standing,True,Q4,0.5218923205684219,0.6397326469135322,0.6294642857142857,1.0163128575080227,True,0.892953604956468,0.8156284511710208,0.8675240491827328,-0.02542955577373518,0.9996621699161694,0.999662180741628,1.0825458640617569e-08,True,0.028373757998148674,0.000211636225382561,0.028162121772766113,0.5886524822695035,4.043504204035457e-05,True,0.0001778403917949145,-0.7731726266320507
convnext_small_full,p1_17240,sitting,sitting,True,Q2,0.2115938984395971,0.6769848610395492,0.29990433673469385,2.257336017246174,True,0.3895056580503782,0.7557814585665862,0.6371933788449193,0.24768772079454116,0.9999997075581274,0.9999997615814209,5.4023293505345293e-08,True,0.06262628237406409,-1.9868214928830952e-07,0.06262648105621338,1.0,1.1739027282836618e-07,True,5.960464477539062e-07,-0.7111070087659945
convnext_small_full,p1_17356,sitting,sitting,True,Q4,0.6557771325579104,0.9512515943877551,0.9512515943877551,1.0,False,0.9956023832162222,0.9535840441783269,0.9579228699207306,-0.03767951329549157,0.999999945204633,0.9999999602635702,1.5058937208323186e-08,True,3.9736429924275285e-08,3.9736429924275285e-08,0.0,0.05124659543264194,2.001671715071984e-10,True,0.0,1.0
convnext_small_full,p1_17358,walking,walking,True,Q3,0.3898326701357004,0.4798040276436672,0.5401785714285714,0.8882322495221608,True,0.9619401544332504,0.9977777004241943,0.9966021120548249,0.034661957621574424,0.9999589588118164,0.9999589522679647,6.543851682749846e-09,True,0.0006842215855916711,0.0001445611317952844,0.0005396604537963867,0.8512396694214877,6.623601270270256e-06,True,6.022055943810667e-05,-0.8868823864296173
convnext_small_full,p1_17593,walking,walking,True,Q3,0.3358929898439435,0.37082590387842124,0.5089285714285714,0.7286403725330383,False,0.9928636372089387,0.9958755632241566,0.995079356431961,0.0022157192230223277,0.9999934777719545,0.9999934434890747,3.428287975726363e-08,True,0.0007966955502828332,0.0005291899045308801,0.0002675056457519531,0.9649122807017544,7.402576964068416e-05,True,0.00023895502090454102,-0.6751717819514428
convnext_small_full,p1_17651,walking,standing,False,Q4,0.5203831041257367,0.8158195649340296,0.625,1.3053113038944475,True,0.3132010425130527,0.7634004802753527,0.5612648094693821,0.24806376695632937,0.9818572175019877,0.9818548560142517,2.3614877360245146e-06,True,0.25026325384775794,0.09836844603220618,0.15189480781555176,0.6,0.014353882498793477,True,0.07315621773401892,-0.8226201828052796
convnext_small_full,p1_17747,sitting,sitting,True,Q2,0.2694295670884299,0.8720351103679507,0.3428332270408163,2.543613166947,True,0.7071318358182908,0.9586586808164914,0.6421046723922094,-0.06502716342608139,0.9997859876128085,0.9997855226198832,4.6499292527535374e-07,True,0.2576646407445271,-4.3014685312980916e-05,0.2577076554298401,1.0,0.0027237573347061008,True,0.00887354214986158,-0.4473513482793652
convnext_small_full,p1_17749,standing,standing,True,Q3,0.3708086785009862,0.8447378063637326,0.6071428571428571,1.3913328575402657,True,0.9390116175015767,0.9893055895964304,0.9747349649667739,0.03572334746519723,0.9997991785101535,0.9997991720835367,6.426616794286133e-09,True,0.009226342042287117,-4.8677126566643025e-05,0.00927501916885376,0.6470588235294118,0.005168852743019598,True,0.015923639138539558,-0.2319623622217246
convnext_small_full,p1_18189,running,running,True,Q2,0.2893405427960429,0.7383370943777395,0.5401785714285714,1.3668389185174683,True,0.35505529162473976,0.9781331936518352,0.7422252645095189,0.3871699728847791,0.9803495676399699,0.9803495407104492,2.692952072447241e-08,True,0.06261543432871497,0.1421207984288534,-0.07950536410013842,0.8512396694214877,0.15456034461662965,True,0.43426835536956787,-0.535038517211215
convnext_small_full,p1_18412,standing,standing,True,Q2,0.2156429768537391,0.7683618463710487,0.35714285714285715,2.151413169838936,True,0.7026841680208842,0.9207633564869562,0.8262194871902467,0.12353531916936256,0.9999950014877468,0.9999949932098389,8.277907914688853e-09,True,0.3042415380477905,2.344449361202372e-06,0.3042391935984293,1.0,4.636329933325924e-06,True,2.1974245707157003e-05,-0.6763998670246949
convnext_small_full,p1_18438,walking,walking,True,Q4,0.4594594594594595,0.6224785882836402,0.7098214285714286,0.8769509671417322,False,0.7746597528457642,0.9149957373738288,0.9346484909454982,0.15998873809973402,0.989104979196702,0.9891027013460795,2.2778506225673567e-06,True,-0.0002626975377401086,0.02195487419764197,-0.02221757173538208,0.4088050314465409,0.0016448712312129017,True,0.015173594156901005,-0.8046969870546455
convnext_small_full,p1_18473,sitting,sitting,True,Q3,0.4133045316238125,0.9524493884895519,0.47670200892857145,1.9979974295268093,True,0.9537868489821753,0.9914336691300074,0.8877680589755377,-0.06601879000663757,0.9994264938073559,0.9994264642397562,2.9567599701962877e-08,True,0.03113488356272376,-0.00032329559326171875,0.03145817915598548,1.0,0.0015806401681122532,True,0.0063170393308003,-0.30287427605201295
convnext_small_full,p1_18650,standing,standing,True,Q3,0.3703703703703703,0.709714931421435,0.5758928571428571,1.232373214251174,True,0.703133374452591,0.9695030038555463,0.6533195128043493,-0.04981386164824175,0.9999473444324843,0.9999473094940186,3.493846578717097e-08,True,0.7176745285590489,0.0226365327835083,0.6950379957755406,0.7364341085271318,0.0003975602715721729,True,0.001354376475016239,-0.5150505623425308
convnext_small_full,p1_18717,standing,standing,True,Q1,0.0294933431952662,0.31857452611921344,0.040736607142857144,7.820350011036034,True,0.1508260739346345,0.7397582434117793,0.7727653389175734,0.6219392649829388,0.9139173875221832,0.9139161507288615,1.2367933217571903e-06,True,0.5565478503704071,0.004148582617441776,0.5523992677529652,1.0,0.020455395949895875,True,0.07119876146316528,-0.5089115031412076
convnext_small_full,p1_18852,walking,walking,True,Q4,0.4474373363262252,0.671004645858873,0.5357142857142857,1.2525420056032297,True,0.945283352335294,0.9596833676099777,0.9783842861652373,0.03310093382994328,0.9904190456074522,0.9904240171114603,4.971504008133287e-06,True,0.7068031256397564,0.005221565564473396,0.701581560075283,0.8666666666666667,0.011687400400401402,True,0.05446163813273108,-0.7442723358197109
convnext_small_full,p1_18956,standing,standing,True,Q1,0.0374845697793695,0.3753639254395341,0.07573341836734694,4.956384295487911,True,0.5264476383725802,0.9506963782012462,0.7400931254029275,0.21364548703034725,0.9926510185055751,0.992651104927063,8.64214878548708e-08,True,0.4659106135368347,-0.0005263487497965125,0.46643696228663123,1.0,0.13879783801022333,True,0.3748538295427958,-0.2593864468864468
convnext_small_full,p1_19358,sitting,sitting,True,Q2,0.2064029151483602,0.9597015443223224,0.3130580357142857,3.0655707084235324,True,0.9575382798910141,0.956556158264478,0.9906790912151338,0.03314081132411961,0.9982103972401936,0.9982104301452637,3.29050701131095e-08,True,0.05490154027938843,-0.001270433266957638,0.056171973546346066,1.0,0.0022472424765036998,True,0.010623117287953732,-0.16024889917493998
convnext_small_full,p1_19579,sitting,sitting,True,Q1,0.1471415913521176,0.4627901668008904,0.24716996173469388,1.8723560239801222,True,0.6790629883607228,0.6870502809062601,0.7041960020860036,0.025133013725280873,0.9999998724618249,0.9999998807907104,8.328885581221357e-09,True,0.36268505454063416,-3.973642981325298e-08,0.36268509427706397,1.0,4.767776516228977e-09,True,3.973642981325298e-08,-0.4019418594678608
convnext_small_full,p1_19612,running,running,True,Q3,0.4274360141451629,0.9920410512726991,0.7410714285714286,1.3386578041270156,True,0.9812095155318578,0.9814085702101389,0.9885989288489024,0.00738941331704468,0.9999856768552093,0.9999856154123942,6.144281516906602e-08,True,0.00043801466623938357,2.682209014892578e-05,0.0004111925760904578,0.3493975903614458,7.737712192792111e-08,True,2.86102294921875e-06,-0.4579154664990342
convnext_small_full,p1_19664,walking,walking,True,Q3,0.3272880318334863,0.2674113563057343,0.47034438775510207,0.5685437378812087,True,0.9079352746407191,0.9988159596920012,0.9739689866701762,0.06603371202945707,0.9997192494685986,0.9997192223866781,2.7081920483951194e-08,True,0.004185060660044426,0.0011643171310424805,0.0030207435290019458,1.0,0.018968487363063124,True,0.055572509765625,-0.8890953150862081
convnext_small_full,p1_19682,sitting,sitting,True,Q1,0.1297942669923571,0.7684649785556772,0.25771285076530615,2.981865189390585,True,0.5705169707536698,0.9880853086709975,0.7903750556210677,0.21985808486739788,0.9999944236427486,0.9999944368998209,1.3257072328798358e-08,True,0.18226391077041626,9.377797444587443e-06,0.18225453297297167,1.0,1.4600483293785287e-06,True,9.735425313239787e-06,-0.028478305916556267
convnext_small_full,p1_19943,sitting,sitting,True,Q2,0.1840373431282522,0.9519222093856468,0.33083545918367346,2.8773282396466393,True,0.6214581203957399,0.9030820827931165,0.8565951488912106,0.2351370284954707,0.999997100425023,0.999997099240621,1.184402020903974e-09,True,0.17766483624776208,1.1603037516350057e-05,0.17765323321024573,1.0,1.9720037028092982e-08,True,5.960464477539062e-07,-0.39048889727219493
convnext_small_full,p1_20106,running,running,True,Q1,0.0536980749746707,0.27282446359818147,0.035235969387755105,7.742782966913095,True,0.6556736166278521,0.9300109247366586,0.9189332296450932,0.2632596130172411,0.9585620822044949,0.9585620363553365,4.584915835881276e-08,True,0.47711986303329473,-0.008657415707906013,0.48577727874120075,1.0,0.010722321937979742,True,0.03900243838628126,-0.6856006519608273
convnext_small_full,p1_20516,standing,standing,True,Q3,0.3744616785126571,0.79459307001007,0.46875,1.6951318826881492,True,0.8664541155099869,0.9785243242979049,0.8390618681907653,-0.02739224731922152,0.9998710588608215,0.9998710552851359,3.5756856364699274e-09,True,0.05674336353937781,0.00013899803161621094,0.0566043655077616,1.0,1.607197801197175e-05,True,0.00016013781229651247,-0.5469527482956312
convnext_small_full,p1_20561,standing,standing,True,Q2,0.2920766079619061,0.7860204290065391,0.5352160395408163,1.4686040233041187,True,0.6854002545277278,0.9079817319909731,0.9037410686413447,0.21834081411361694,0.9830333970579569,0.9830330808957418,3.1616221507491105e-07,True,0.3946324090162914,0.009371280670166016,0.38526112834612536,0.8684043939676038,0.0029464848456046237,True,0.014291842778523689,-0.39302110135464735
convnext_small_full,p1_20622,sitting,sitting,True,Q4,0.7635769845311046,0.8861934069604199,0.90625,0.9778685869908081,True,0.5521209339300791,0.9329374472300211,0.7559588521718978,0.20383791824181874,0.9861987069226075,0.986176868279775,2.1838642832450184e-05,True,0.0494462251663208,0.011965334415435791,0.03748089075088501,0.10344827586206896,0.0,True,0.0,-0.7312913071360942
convnext_small_full,p1_20720,walking,running,False,Q4,0.7366572132161572,0.9581215124882918,0.8616071428571429,1.1120166777066185,True,0.8921483864386877,0.9907899836699169,0.9847724606593451,0.09262407422065744,0.9510853083270523,0.95108562707901,3.187519577174669e-07,True,0.5809930364290874,-0.014089842637380001,0.5950828790664673,0.16062176165803108,0.0,True,0.0,-0.7446184974273601
convnext_small_full,p1_20784,running,running,True,Q2,0.2910470036696925,0.8984619523165573,0.5089285714285714,1.7653989238500778,True,0.9677685072024662,0.9976440797249476,0.99575168689092,0.027983179688453763,0.9978709944892497,0.9978710015614828,7.072233132454642e-09,True,0.1085662841796875,0.00407332181930542,0.10449296236038208,0.9649122807017544,0.0004939491444524375,True,0.003932038942972893,-0.7431118036392214
convnext_small_full,p1_20795,running,running,True,Q4,0.5237560793116348,0.9450209557878477,0.8125,1.1631027148158126,True,0.9983044117689134,0.9995463897784551,0.9994907697041828,0.0011863579352694442,0.9998862931158841,0.9998861948649088,9.82509752445182e-08,True,0.0003425478935241699,-2.988179524743284e-05,0.00037242968877160276,0.23076923076923078,9.422420889387008e-07,True,3.083546956372807e-05,-0.7213648002273229
convnext_small_full,p1_20815,sitting,sitting,True,Q3,0.4051562153519368,0.9901501468679788,0.620475924744898,1.5957914036311214,True,0.8251777917146682,0.9090433520575364,0.9104135165611904,0.0852357248465222,0.9999993184995014,0.9999993642171224,4.571762102223431e-08,True,0.0018230279286702844,-2.384185791015625e-07,0.001823266347249386,0.6116660777952655,8.108871718738333e-08,True,4.371007282788497e-07,-0.5413622949576078
convnext_small_full,p1_20869,running,running,True,Q4,0.4992472252372116,0.7344421250822486,0.6607142857142857,1.1115880812055654,True,0.9698390503724416,0.9980219483375549,0.9961718449989954,0.0263327946265538,0.9974407940514862,0.9974407951037089,1.0522226423503866e-09,True,-0.0010141531626384204,2.872943878173828e-05,-0.0010428826014201587,0.5135135135135135,2.1877279972326173e-05,True,0.0007090171178181226,-0.6049135643016692
convnext_small_full,p1_20899,running,running,True,Q3,0.4034872728545919,0.7683653764386189,0.5848214285714286,1.3138461398645085,True,0.885245003302892,0.9907491346200307,0.9394414027531942,0.05419639945030219,0.9992011736118357,0.9992016156514486,4.420396129134474e-07,True,0.09317636489868164,0.007316231727600098,0.08586013317108154,0.7099236641221374,0.00012059727269763475,True,0.001128395398457882,-0.5006238624854373
convnext_small_full,p1_21122,sitting,sitting,True,Q4,0.6000781952079176,0.9880604837034636,0.8928571428571429,1.1066277417478791,True,0.4411779120564461,0.9721599400043488,0.7172491662204266,0.2760712541639805,0.9999951627700555,0.9999951521555582,1.0614497281125068e-08,True,3.3458073933845256e-05,-7.152557373046875e-07,3.4173329671149943e-05,0.12,0.0,True,0.0,-0.9060932153059421
convnext_small_full,p1_21492,sitting,sitting,True,Q4,0.6009653499976683,0.954651026996575,0.9196428571428571,1.0380671361516156,True,0.44813110847026105,0.6942941620014609,0.5172789122288426,0.06914780375858154,0.9997555185703014,0.9997554818789164,3.6691385041365265e-08,True,0.0016008615493774414,0.0005303025245666504,0.001070559024810791,0.08737864077669903,0.0,True,0.0,-0.6306184614058564
convnext_small_full,p1_21643,standing,standing,True,Q2,0.245645723132499,0.8454162653697668,0.37535873724489793,2.2522887613461515,True,0.4962467668267588,0.955569288879633,0.9074055418372154,0.41115877501045667,0.994572717304143,0.9945726990699768,1.8234166176966937e-08,True,0.6431409145394962,-0.004904369513193729,0.6480452840526898,1.0,0.0010894464864314678,True,0.004719952742258671,-0.6947720295672429
convnext_small_full,p1_21703,running,running,True,Q4,0.5544152660653757,0.9417936172319445,0.6997767857142857,1.3458486140986001,True,0.9903270274400711,0.9917943308750788,0.9958208680152894,0.0054938405752182895,0.9999221576216434,0.9999221563339233,1.287720041709406e-09,True,0.0003873904546102258,-1.9073486328125e-05,0.0004064639409383508,0.42902711323763953,7.69054699748488e-06,True,5.316734313964844e-05,-0.7015684075739514
convnext_small_full,p1_21897,running,running,True,Q1,0.1008368054339834,0.5457127458221779,0.1993781887755102,2.7370734440597357,True,0.9049934317668279,0.9641342570384344,0.948611573378245,0.04361814161141708,0.999638443736956,0.9996384580930074,1.4356051458719321e-08,True,0.002934714158376095,-0.00011156002680456911,0.003046274185180664,1.0,0.6498380535562802,False,0.9832997435393434,-0.5243420827047136
convnext_small_full,p1_22034,sitting,sitting,True,Q1,0.0363370829493888,0.6176939566876494,0.07419882015306123,8.324848770013293,True,0.0859017264097929,0.9428988160565496,0.7048905641771852,0.6189888377673923,0.9999985374129771,0.9999985694885254,3.2075548328514e-08,True,0.98521932028234,5.960464477539062e-07,0.9852187242358923,1.0,2.8583848054222895e-07,True,2.1855036417273155e-06,-0.2821498084145827
convnext_small_full,p1_22274,sitting,sitting,True,Q3,0.3705072813533781,0.8758838405950874,0.6956114477040817,1.2591567368334844,True,0.2150018408600317,0.7552691050792191,0.5561172275732437,0.34111538671321195,0.9999917662290756,0.9999918142954508,4.8066375213373647e-08,True,6.765127182006836e-05,0.0001382629076639441,-7.061163584387575e-05,0.43758416181990084,1.4277917226161398e-06,True,1.239776611328125e-05,-0.4559347062421678
convnext_small_full,p1_22293,walking,walking,True,Q4,0.4778466483011938,0.5437080923181888,0.6026785714285714,0.9021526865131431,True,0.6629187971353531,0.9610211223363876,0.8854136993487676,0.2224949022134145,0.882435798765178,0.8824357986450195,1.2015843875445853e-10,True,0.12967346111933387,0.5653917491436005,-0.4357182880242666,0.6592592592592592,0.08594911823248051,True,0.3709372282028198,-0.737240989376119
convnext_small_full,p1_22450,sitting,sitting,True,Q1,0.1473825129961576,0.9472657100068766,0.29464285714285715,3.2149624097203087,True,0.07786007919348778,0.8979263949751233,0.2588894385538879,0.18102935936040013,0.9960618752668764,0.9960617621739706,1.130929058179575e-07,True,0.9919097408031424,0.004582583904266357,0.9873271568988761,1.0,0.0010527636551723291,True,0.003615399201710945,-0.2958761190386231
convnext_small_full,p1_22625,walking,walking,True,Q4,0.7039631564088086,0.5479674793258835,0.8080357142857143,0.6781475987237453,False,0.8407587240139643,0.9715712477763494,0.8481725891431172,0.0074138651291528745,0.9983930186378368,0.998393177986145,1.593483082151792e-07,True,0.12812318404515588,0.01038084427515662,0.11774233976999926,0.23756906077348067,8.3891450541353e-06,True,0.00022013982137047972,-0.7971946767109488
convnext_small_full,p1_22668,walking,walking,True,Q3,0.3879264845591771,0.9608156953271071,0.6285076530612245,1.5287255304646412,True,0.36140997988792756,0.9402173648277918,0.6605941519141197,0.2991841720261922,0.8270629663725737,0.8270159761110941,4.699026147958474e-05,True,-0.0007379253705342981,-0.12031861146291101,0.11958068609237671,0.5910705225773719,0.0052725887066369746,True,0.06507937113444018,-0.7228867261766629
convnext_small_full,p1_22983,running,running,True,Q1,0.0234293850588798,0.5284833184233624,0.04884805484693878,10.81892247458614,True,0.317928738022844,0.969774046043555,0.7456791872779528,0.4277504492551088,0.9999745352697783,0.999974528948466,6.321312362445042e-09,True,0.9070528522133827,-5.28494517015865e-06,0.9070581371585529,1.0,6.881270039625162e-06,True,2.435843149828365e-05,-0.393771765316072
convnext_small_full,p1_23124,walking,walking,True,Q3,0.4279835390946502,0.519960501724837,0.5133928571428571,1.0127926294466392,True,0.973885338505109,0.9846671720345815,0.9765626321236291,0.0026772936185200935,0.9997113028085967,0.999711255232493,4.757610361227904e-08,True,0.012799600760141971,-3.9060910542843e-05,0.012838661670684814,0.9478260869565217,0.0005974033479895221,True,0.0025114814440408972,-0.8379802339881014
convnext_small_full,p1_23163,sitting,sitting,True,Q1,0.0537737941015137,0.7375281978698758,0.10911591198979592,6.759126001154135,True,0.1375308153529962,0.955549592586855,0.7220009349286556,0.5844701195756594,0.9999996533385027,0.9999996423721313,1.0966371366549765e-08,True,0.7219401995340984,2.781550089148155e-07,0.7219399213790894,1.0,1.1824474600209414e-05,True,3.62396240234375e-05,-0.18747076535538026
convnext_small_full,p1_23244,sitting,sitting,True,Q2,0.1779078571844603,0.8036037318602045,0.3258529974489796,2.46615418041698,True,0.9913878132899601,0.9987691233555478,0.9976740459601084,0.006286232670148384,0.9999996052042464,0.9999996026357015,2.5685448212797723e-09,True,0.0014439622561137622,2.781550090258378e-07,0.0014436841011047363,1.0,3.8666062368448376e-07,True,1.9470850627367753e-06,-0.3794766984595869
convnext_small_full,p1_23254,running,running,True,Q2,0.280231067722508,0.8948386739098226,0.45535714285714285,1.9651359113313753,True,0.9047502299149832,0.9940602501233418,0.9618936588366827,0.057143428921699435,0.9998854927272972,0.9998854796091715,1.311812569682047e-08,True,0.1589447259902954,2.2113323211669922e-05,0.15892261266708374,1.0,3.438973653694354e-07,True,1.5457471211677287e-05,-0.6270217575532914
convnext_small_full,p1_23338,standing,standing,True,Q3,0.3817093239032246,0.43617959262131095,0.5401785714285714,0.8074729648526748,True,0.4788312061379354,0.6667607535297672,0.3095896628995736,-0.16924154323836177,0.9336959225089837,0.9336960117022196,8.91932359081693e-08,True,0.4871894021828969,0.12414199113845825,0.36304741104443866,0.8512396694214877,0.013766486230388569,True,0.05863805611928308,-0.813108586033714
convnext_small_full,p1_23576,running,running,True,Q1,0.1299789627414503,0.7986958281589912,0.2582908163265306,3.0922347124772793,True,0.42614003233611586,0.9407628300910194,0.8731333748747906,0.44699334253867473,0.9994704948113888,0.9994701345761617,3.60235227092609e-07,True,0.7079862554868063,-1.404682795203005e-05,0.7080003023147583,1.0,0.0013941400830661179,True,0.005621453126271603,-0.4691286451977958
convnext_small_full,p1_23738,sitting,sitting,True,Q2,0.1557684394758651,0.9129822688330632,0.20448022959183673,4.464892623876002,True,0.3302821695804596,0.9588278509676456,0.42299177764604484,0.09270960806558526,0.9999692337718287,0.9999692440032959,1.023146722900492e-08,True,0.3445449868837992,-1.2437502543094503e-05,0.3445574243863423,1.0,0.005247725054862307,True,0.015221397082010868,-0.626330201797126
convnext_small_full,p1_23875,walking,walking,True,Q2,0.1668183196845617,0.34681974994955694,0.2858338647959184,1.2133613006183914,False,0.9392362842957178,0.9919652303059896,0.9806289643049241,0.04139268000920626,0.9955856476226498,0.9955865343411764,8.867185266048239e-07,True,0.04424019654591882,0.00201382239659631,0.04222637414932251,1.0,0.0009576334936310646,True,0.007778902848561642,-0.3927471697506598
convnext_small_full,p1_23900,standing,standing,True,Q4,0.490968283973955,0.372615440850995,0.6071428571428571,0.613719549636933,False,0.9857652246952056,0.9904309362173083,0.9983041822910308,0.01253895759582524,0.9999304683509277,0.9999304612477621,7.1031656112552355e-09,True,0.015520453453063965,0.0001443624496459961,0.015376091003417969,0.6470588235294118,7.324244646628557e-07,True,2.155701319384029e-05,-0.8059677782077824
convnext_small_full,p1_23979,walking,walking,True,Q2,0.2804902974136169,0.8602084571348242,0.4725765306122449,1.820252173802165,True,0.7089957714080811,0.9099898467461269,0.9190467506647111,0.21005097925662997,0.8002361379367818,0.8002361257870992,1.2149682593332045e-08,True,-0.15233725309371948,-0.015847206115722656,-0.13649004697799683,1.0,0.01973619766411662,True,0.13253112634023023,-0.6865991931719789
convnext_small_full,p1_23987,standing,running,False,Q2,0.1511388371780881,0.543371243442208,0.28125,1.931986643350073,False,0.5591466382247745,0.9486496935288111,0.6579673546676835,0.09882071644290902,0.5607748704029264,0.5609375337759653,0.0001626633730389404,True,-0.35188763340314233,0.17580840984980262,-0.527696043252945,1.0,0.3357995531755669,False,0.5504174218513072,-0.1984262855654395
convnext_small_full,p1_24059,standing,standing,True,Q2,0.2504673876959097,0.24443021621105746,0.34080038265306123,0.7172240075208198,False,0.2824694192657868,0.9264643341302872,0.5680693533892432,0.28559993412345647,0.9069210403824541,0.9069210290908813,1.1291572787897053e-08,True,-0.07984741528828943,-0.036971886952718136,-0.04287552833557129,1.0,0.056291962462108464,True,0.27489393949508667,-0.5839097269276271
convnext_small_full,p1_24150,running,running,True,Q3,0.2987177680710159,0.8428039810087846,0.4559948979591837,1.8482750240863974,True,0.9959665338198342,0.996983536084493,0.9970164765914281,0.0010499427715938703,0.9963040149734551,0.9963040749231974,5.994974228151762e-08,True,-0.0034661094347636645,-0.001635432243347168,-0.0018306771914164965,1.0,0.0008778715009061559,True,0.006774942080179813,-0.36578888066888626
convnext_small_full,p1_24848,running,running,True,Q2,0.2325548825321242,0.8049328024357817,0.4191844706632653,1.9202352633964619,True,0.9982315093278885,0.9928791056076685,0.9939730574687322,-0.004258451859156298,0.9834592073659456,0.9834543863932291,4.82097271647941e-06,True,-0.011468509833018059,0.010909338792165046,-0.022377848625183105,1.0,0.0032053229971281496,True,0.014441589514414543,-0.5243649767396743
convnext_small_full,p1_24939,running,running,True,Q3,0.3699229424942236,0.8326478636339756,0.6242028061224489,1.3339380333875595,False,0.5721672650426626,0.9690364174544811,0.7607321664690971,0.18856490142643456,0.9998953513706785,0.9998953739802042,2.2609525696104527e-08,True,0.01201287905375159,0.004131495952606201,0.00788138310114539,0.6020434227330779,6.907736137622751e-08,True,4.092852274650838e-06,-0.5595648692675964
convnext_small_full,p1_25121,walking,walking,True,Q4,0.4685434592842,0.7545058897838486,0.6026785714285714,1.251920883789497,True,0.5757366682092349,0.8488632967074712,0.7991220434506734,0.22338537524143853,0.8818368257335559,0.8818367123603821,1.1337317384896295e-07,True,-0.11219102144241333,-0.04789924621582031,-0.06429177522659302,0.6592592592592592,0.10722903138183024,False,0.4208396275838216,-0.3668998042800393
convnext_small_full,p1_25152,standing,standing,True,Q4,0.500828664799253,0.5618442860738765,0.6026785714285714,0.9322453339299877,True,0.9924070547024411,0.9990271637837091,0.9890518794457118,-0.003355175256729237,0.9998555021119784,0.9998553991317749,1.0298020347576653e-07,True,3.312031428015505e-05,0.0009426077206929895,-0.0009094874064128344,0.6592592592592592,8.70117164294188e-06,True,8.273124694824219e-05,-0.7936240104028712
convnext_small_full,p1_25609,standing,standing,True,Q1,0.0695794286906479,0.12737982390458727,0.14080436862244897,0.9046581803590334,False,0.4987205882664663,0.7611626960693078,0.49423792902146785,-0.004482659244998466,0.9963736411127412,0.9963751832644144,1.542151673250558e-06,True,0.6712872982025146,-0.001282056172688839,0.6725693543752034,1.0,0.0002597636836283968,True,0.00217912594477343,-0.4050093873012783
convnext_small_full,p1_25776,standing,standing,True,Q3,0.3395014180175764,0.42927322744035645,0.4419642857142857,0.9712848782488873,True,0.6141379709045092,0.7938196917374929,0.5556491230924924,-0.0584888478120168,0.997066034783978,0.9970660408337911,6.049813094932688e-09,True,0.8846194768945377,-0.0018490950266519812,0.8864685719211897,1.0,0.0005650576461695452,True,0.004812498887380001,-0.538979656944545
convnext_small_full,p1_26077,running,running,True,Q3,0.362337131171487,0.9141077916172693,0.6206353635204082,1.472858050550339,True,0.40004103972266114,0.8404031227032343,0.900349149107933,0.5003081093852718,0.7879652582613265,0.7879224419593811,4.281630194535868e-05,True,0.49227071056763333,-0.03957525889078772,0.531845969458421,0.6112520471404258,0.1404244237879425,False,0.48504040638605755,-0.46184136726202624
convnext_small_full,p1_26143,standing,standing,True,Q4,0.4600147202855967,0.7813989407680338,0.5580357142857143,1.4002669018563165,True,0.6980076342821122,0.9528507605195045,0.8226512432098387,0.12464360892772652,0.9997012308114295,0.999701182047526,4.876390347074988e-08,True,0.008724311987558964,0.002551893393198612,0.0061724185943603516,0.792,1.124317434911221e-06,True,5.3564707438114034e-05,-0.5498523317841526
convnext_small_full,p1_26308,sitting,sitting,True,Q3,0.3116657266403459,0.9447133555643297,0.6116071428571429,1.544640814937298,True,0.9877939114967982,0.9971859812736511,0.9977145949999492,0.009920683503151007,0.9999995546563687,0.9999995231628418,3.149352689746365e-08,True,6.119410196903097e-06,7.710854212439333e-05,-7.098913192749023e-05,0.635036496350365,8.525515586556173e-10,True,3.973642981325298e-08,-0.6885398994916976
convnext_small_full,p1_26507,running,running,True,Q1,0.0322222222222222,0.6357927446945059,0.054408482142857144,11.685544599923636,True,0.20716047237316768,0.8683947129795948,0.38402334526181225,0.17686287288864458,0.9117389401115792,0.911738932132721,7.978858240775821e-09,True,0.7890624403953552,0.05550561348597205,0.7335568269093832,1.0,0.06477520088560981,True,0.2934876084327698,-0.6055278723019214
convnext_small_full,p1_26564,standing,standing,True,Q3,0.3769122807017543,0.5659200803389484,0.5535714285714286,1.0223072419026162,True,0.4262315284460783,0.9607043130944173,0.6702789423366389,0.24404741389056056,0.9998660339358064,0.9998661279678345,9.4032028052915e-08,True,0.05381097396214807,0.0007165670394897461,0.05309440692265832,0.8064516129032258,2.653186956598772e-05,True,7.722775141394411e-05,-0.49819709477960405
convnext_small_full,p1_26671,sitting,sitting,True,Q2,0.2082393861534965,0.7366872442299379,0.33828922193877553,2.177684645132636,True,0.22181755341589451,0.9292802847921848,0.7709559833010039,0.5491384298851094,0.999521031136953,0.9995210568110148,2.5674061765457168e-08,True,0.790017619729042,-0.00027159849802660396,0.7902892182270687,1.0,1.0175694073931685e-05,True,0.00017118453979492188,-0.22432648479253453
convnext_small_full,p1_26709,sitting,sitting,True,Q3,0.4190737952686064,0.9268476950141598,0.5301339285714286,1.7483274415424992,True,0.8638241459925969,0.9762315521637598,0.9750696619351704,0.11124551594257348,0.9949006388102664,0.9949010610580444,4.222477780757572e-07,True,0.08056217432022095,-0.0026980241139730188,0.08326019843419397,0.8863157894736842,0.008534861191265081,True,0.036959727605183956,-0.3958445017757522
convnext_small_full,p1_26760,standing,standing,True,Q3,0.4265556407219009,0.9112951789651967,0.5401785714285714,1.6870257858529263,True,0.9214559733867645,0.9960573772589366,0.9790863474210103,0.05763037403424576,0.9999745581464339,0.9999746084213257,5.027489180520206e-08,True,0.009229501088460323,5.634625752770628e-05,0.009173154830932617,0.8512396694214877,7.23135081816877e-05,True,0.00028808911641442503,-0.49204313994228427
convnext_small_full,p1_27210,walking,walking,True,Q1,0.13230792641886,0.562600067470135,0.26291454081632654,2.1398590801532364,True,0.912372158964475,0.9967788497606913,0.992455267906189,0.080083108941714,0.9991719090991268,0.9991718331972758,7.590185102657188e-08,True,0.025185147921244266,0.0015644232432047156,0.02362072467803955,1.0,0.023953552256681564,True,0.0668174227078755,-0.23645794658711985
convnext_small_full,p1_27288,sitting,sitting,True,Q1,0.0801092398725534,0.7995062738032614,0.11519451530612244,6.94048906476686,True,0.5915481666723887,0.9497506851951281,0.8063024004300435,0.2147542337576548,0.9999922785556152,0.9999922513961792,2.7159436033485918e-08,True,0.12534117698669434,-2.384185791015625e-07,0.12534141540527344,1.0,9.621200439034414e-07,True,2.423922220828878e-06,-0.6005159511509508
convnext_small_full,p1_27369,standing,standing,True,Q2,0.2525729888678849,0.2663801882748593,0.3259327168367347,0.8172858216264731,True,0.9129898210366567,0.8712093393007915,0.8946538746356965,-0.018335946400960257,0.9999965870317606,0.9999965826670328,4.364727801409174e-09,True,0.49604636430740356,0.00010192394256591797,0.49594444036483765,1.0,0.0002277911111852217,True,0.0006798108418781812,-0.6165823277309238
convnext_small_full,p1_27460,standing,standing,True,Q3,0.4150490845755973,0.8065017080028245,0.5089285714285714,1.5847051104616903,True,0.6684134314457575,0.9715090240041415,0.8809412469466528,0.21252781550089528,0.9997364899537995,0.999736467997233,2.195656645387345e-08,True,0.04640539487202955,0.001634359359741211,0.04477103551228834,0.9649122807017544,0.000231577749313681,True,0.0011999805768330152,-0.4747109361388575
convnext_small_full,p1_27472,walking,walking,True,Q2,0.2607770276164058,0.5151847990297633,0.4869858099489796,1.0579051555603602,True,0.5497879092892012,0.9685793464382491,0.8816871951023738,0.33189928581317263,0.999820236506154,0.9998201926549276,4.385122642780459e-08,True,0.10802243153254198,0.003578344980875725,0.10444408655166626,1.0,0.0002907204244322332,True,0.0012367566426595422,-0.4351439530927362
convnext_small_full,p1_27478,sitting,sitting,True,Q4,0.7861442709927559,0.9687499999999999,0.96875,0.9999999999999999,True,0.9993803997834523,0.9995202700297038,0.9981630663077037,-0.0012173334757485943,0.999999947124056,0.9999999602635702,1.3139514143389874e-08,True,1.1920928955078125e-07,3.9736429924275285e-08,7.947285962650597e-08,0.03225806451612903,0.0,True,0.0,1.0
convnext_small_full,p1_27507,walking,walking,True,Q1,0.0982162544825745,0.6898100400376928,0.14227917729591838,4.848285273698175,True,0.7495204384128253,0.970033582051595,0.9622454166412353,0.21272497822840997,0.9997703376836887,0.9997703433036804,5.6199916942389905e-09,True,0.024980227152506473,9.21885172522341e-06,0.02497100830078125,1.0,0.0028858719378733514,True,0.009406288464864132,-0.3064801137956137
convnext_small_full,p1_27614,running,running,True,Q1,0.0385487660546982,0.5919891742604886,0.07629145408163265,7.7595738787080135,True,0.2844199354449908,0.9528978034853934,0.3677904228369395,0.08337048739194874,0.9781653720537217,0.9781655073165894,1.3526286768428264e-07,True,0.8278094232082367,-0.00970049699147546,0.8375099201997122,1.0,0.1788360090603079,True,0.4705972572167715,-0.42694781394656056
convnext_small_full,p1_27620,sitting,sitting,True,Q3,0.3587670009977419,0.941402830196735,0.48130580357142855,1.9559349237246948,True,0.15113125825270496,0.8834844939837543,0.5010299129722019,0.34989865471949694,0.9999961284334302,0.9999961455663046,1.7132874341463378e-08,True,0.9907206062537929,-3.4968058267859092e-06,0.9907241030596197,1.0,1.4781876336715826e-07,True,0.0,-0.39916974478267075
convnext_small_full,p1_27672,standing,standing,True,Q3,0.3496901368999685,0.6163507590378876,0.47767857142857145,1.2903043927522133,True,0.8800414512554804,0.9829532027244569,0.7666804446528356,-0.11336100660264481,0.9994917711062765,0.9994917710622152,4.4061310155996125e-11,True,0.07668296496073412,-6.16908073425293e-05,0.07674465576807665,1.0,8.313951157804736e-06,True,0.0001891454060872766,-0.6401271444432447
convnext_small_full,p1_27731,sitting,sitting,True,Q3,0.423216910478057,0.9416386060508048,0.5491071428571429,1.7148540467917095,True,0.7883282949527104,0.9812929819027583,0.903347952167193,0.1150196572144826,0.9999137718097905,0.9999139308929443,1.5908315387225258e-07,True,0.19606294234593713,-2.117951711022581e-05,0.19608412186304736,0.8211382113821138,9.244942635702835e-06,True,5.9485435485839844e-05,-0.5248408815429341
convnext_small_full,p1_27807,sitting,sitting,True,Q2,0.1849359949451218,0.8897009910717676,0.3486926020408163,2.5515338893471085,True,0.13904095602618255,0.9158421904861882,0.5056440521886657,0.36660309616248316,0.9999976676236471,0.9999976952870687,2.7663421664492205e-08,True,0.989065474520127,-1.430511474609375e-06,0.9890669050316017,1.0,1.2569465643940166e-06,True,7.62939453125e-06,-0.46640816275313535
convnext_small_full,p1_27859,running,standing,False,Q4,0.5751410577575914,0.6461548867755367,0.7677375637755102,0.8416351071815931,False,0.12506809945528707,0.856555547316869,0.29829671295980614,0.17322861350451907,0.9298635031323004,0.9298344254493713,2.907768292903512e-05,True,0.07485135396321618,0.5213023324807484,-0.4464509785175323,0.3025284253154042,0.45350216574495894,False,0.8671513646841049,-0.7556700465048151
convnext_small_full,p1_27888,running,running,True,Q3,0.4291600744127823,0.9705552698333967,0.5058992346938775,1.9184754656145806,True,0.975458084543546,0.9974490125974018,0.9926803737878798,0.017222289244333777,0.9996258664787816,0.9996258417765299,2.470225168860196e-08,True,0.011318902174631718,0.00900854667027784,0.002310355504353878,0.9766782225023637,1.4521114526911465e-05,True,0.0001773834228515625,-0.7365346845498688
convnext_small_full,p1_28031,sitting,sitting,True,Q1,0.0401121262945543,0.7474256360134581,0.08231026785714286,9.080588066007572,True,0.08411748674698173,0.953605458078285,0.7603986003746589,0.6762811136276772,0.9999969058305939,0.9999969402949015,3.4464307629988866e-08,True,0.7533693710962931,-1.827875773185994e-06,0.7533711989720663,1.0,4.205897545046352e-06,True,1.3907750447517131e-05,-0.415287416821071
convnext_small_full,p1_28065,running,running,True,Q1,0.0781135114316725,0.6871907061294574,0.1563297193877551,4.395777775465534,True,0.9524008055528005,0.9944999794165292,0.9913071145613989,0.03890630900859837,0.9997747546135473,0.9997747540473938,5.661534574485927e-10,True,0.19554968674977624,9.910265604651247e-05,0.19545058409372973,1.0,0.0008282222640895858,True,0.0031494696935018274,-0.1726904695356981
convnext_small_full,p1_28180,sitting,sitting,True,Q2,0.2708238507055075,0.875270301695045,0.4931042729591837,1.7750207201459292,True,0.5265041196796423,0.9499404029649061,0.731795050522002,0.20529093084235972,0.9999996688560465,0.9999996821085612,1.3252514641237667e-08,True,0.9888580423624564,1.9868214917728722e-07,0.9888578436803073,1.0,1.9393505268808092e-08,True,1.9868214917728722e-07,-0.284383380393085
convnext_small_full,p1_28221,walking,walking,True,Q3,0.3981240981240981,0.4723474463814658,0.5089285714285714,0.9281212981530557,True,0.8682362735271454,0.9328727354605992,0.8974563936392467,0.02922012011210129,0.999909215666829,0.999909241994222,2.6327393043423797e-08,True,0.19427142540613818,0.01377524932225549,0.1804961760838827,0.9649122807017544,0.00010046372015692943,True,0.0004914005597432825,-0.6564467764440107
convnext_small_full,p1_28820,sitting,sitting,True,Q4,0.6403312208956269,0.9628523122552357,0.8035714285714286,1.1982162108065155,True,0.6627509303390979,0.9999338209629058,0.9901312390963236,0.3273803087572257,0.9999976369557977,0.999997615814209,2.1141588701922842e-08,True,-1.1920928955078125e-06,-7.549921671179405e-07,-4.37100728389872e-07,0.24444444444444444,2.490535204756602e-08,True,6.755193074914345e-07,-0.6150144444158167
convnext_small_full,p1_28940,standing,standing,True,Q2,0.2150251508467257,0.7767761363903135,0.37021683673469385,2.098165343428099,True,0.1424710881508266,0.6568891183317949,0.43133374437068894,0.28886265621986235,0.980086327643761,0.9800741672515869,1.2160392174109802e-05,True,0.978596972883679,-0.013302922248840332,0.9918998951325193,1.0,0.06922326583521862,True,0.2393369277318319,-0.4492216117216117
convnext_small_full,p1_29225,running,running,True,Q4,0.5942974044239867,0.9769549599676007,0.9419642857142857,1.0371464977855098,True,0.9995781948169071,0.9999105046192804,0.9996461321910223,6.793737411514567e-05,0.9997301614127186,0.9997302095095316,4.809681297679447e-08,True,0.0006904800732929761,9.198983510261272e-06,0.0006812810897827148,0.061611374407582936,0.0,True,0.0,-0.7366613428770546
convnext_small_full,p1_29288,running,running,True,Q1,0.0820149948202904,0.696036211669175,0.16310586734693877,4.267389168708764,True,0.46580208064212153,0.9583725477258365,0.8753440181414287,0.4095419374993072,0.9802811637609095,0.9802811741828918,1.0421982388209017e-08,True,0.04726231098175049,-0.014269411563873291,0.06153172254562378,1.0,0.0011927210274524287,True,0.011276264985402462,-0.4593871842864741
convnext_small_full,p1_30030,standing,standing,True,Q3,0.3654692296021381,0.6773299692533112,0.5491071428571429,1.2335114887214773,True,0.9894106348355611,0.9557587544123332,0.9484884192546208,-0.040922215580940335,0.9999062662625916,0.9999062220255533,4.423703825473524e-08,True,0.0026205976804096753,0.0001963973045349121,0.0024242003758747632,0.8211382113821138,6.347904951920902e-10,True,6.159146627160439e-07,-0.5284338757759756
convnext_small_full,p1_30045,sitting,sitting,True,Q4,0.461920213781256,0.8926030378562925,0.6637834821428571,1.3447201713648391,True,0.8173629661401112,0.9810918460289637,0.7852917442719141,-0.03207122186819711,0.9955666031336405,0.9955657919247946,8.112088459855116e-07,True,-0.004406193892161014,-0.0011952519416809082,-0.0032109419504801062,0.5065153425809164,0.0014780715774633316,True,0.004412511984507206,-0.43285009249517536
convnext_small_full,p1_30059,sitting,sitting,True,Q1,0.1457829858998209,0.9185755742273004,0.2607421875,3.522926546849272,True,0.8818178196748098,0.9850753684838613,0.9701424062252045,0.08832458655039477,0.9999964595371497,0.9999964237213135,3.581583618572637e-08,True,0.18024118741353357,5.284945170047628e-06,0.18023590246836352,1.0,1.9558846196698692e-06,True,1.1165936787960185e-05,-0.553497684049314
convnext_small_full,p1_30271,running,running,True,Q2,0.1521188567160346,0.7460476151876337,0.2256457270408163,3.306278496701529,True,0.6078441391388576,0.9685143063465753,0.8314350614945094,0.2235909223556518,0.9993647477792283,0.9993647535641988,5.784970502631381e-09,True,0.2194387515385946,0.0004070401191711426,0.21903171141942346,1.0,2.7623947323812917e-05,True,0.0003203948338825757,-0.22679609896022968
convnext_small_full,p1_31007,sitting,sitting,True,Q4,0.5510019490447347,0.9751357826080934,0.7608816964285714,1.2815865951108936,True,0.8645720700422923,0.9838568826516471,0.9384370962778728,0.07386502623558044,0.999999621524502,0.9999996423721313,2.0847629400577716e-08,True,2.4636586507531533e-06,2.781550089148155e-07,2.1855036418383378e-06,0.3142647598093143,1.0160164773554238e-08,True,7.947285973752827e-08,-0.7434230157474832
convnext_small_full,p1_31024,running,running,True,Q2,0.2163388451013869,0.911130127874508,0.31760204081632654,2.86877919780568,True,0.9870981325705845,0.999047952890396,0.9932227989037832,0.006124666333198636,0.9999531201572929,0.9999530712763468,4.888094606858573e-08,True,0.009272634983062744,-1.450379689538206e-05,0.009287138779958126,1.0,0.00045675381538631317,True,0.0015101432800292969,-0.572164966169849
convnext_small_full,p1_31164,sitting,sitting,True,Q4,0.7424242424242424,0.8928571428571428,0.8928571428571429,0.9999999999999999,False,0.9179214720924695,0.5550682756428917,0.8129139428337415,-0.10500752925872803,0.9999999072683561,0.9999998807907104,2.6477645631572955e-08,True,-1.1920928955078125e-07,0.0,-1.1920928955078125e-07,0.12,0.0,True,0.0,1.0
convnext_small_full,p1_31455,sitting,sitting,True,Q3,0.3554878048780487,0.9472693103091833,0.47181919642857145,2.0076955695731002,True,0.6296426544586817,0.9087670654058455,0.7506816564748684,0.12103900201618667,0.99999899335932,0.9999990065892538,1.3229933815139816e-08,True,0.14178818464279175,-5.960464477539062e-07,0.1417887806892395,1.0,3.063868500472411e-08,True,4.371007282788497e-07,-0.308588132812112
convnext_small_full,p1_31598,walking,walking,True,Q4,0.4911464767579875,0.8868449527049759,0.6116071428571429,1.4500238642767487,True,0.9556599338849384,0.9979038735230765,0.9969879378875097,0.041328004002571306,0.999859072351653,0.999859074751536,2.39988295902549e-09,True,0.019234776496887207,0.00030171871185302734,0.01893305778503418,0.635036496350365,3.765275304081791e-05,True,2.352396647142818e-05,-0.5416723944459599
convnext_small_full,p1_31776,running,running,True,Q4,0.7719383854649555,0.9999999999999999,1.0,0.9999999999999999,True,0.9952018121878307,0.9996373732884725,0.996182264884313,0.0009804526964823923,0.9999164462906837,0.9999164740244547,2.773377105746988e-08,False,,,,,0.0,True,0.0,-0.48297256153074425
convnext_small_full,p1_31780,sitting,sitting,True,Q2,0.2474878330590665,0.9901258487067709,0.47263632015306123,2.094900045739445,True,0.7375752538442613,0.9773578892151514,0.890177063147227,0.15260180930296574,0.9999952441321129,0.9999951918919882,5.224012478155515e-08,True,0.627228856086731,-1.470247904422628e-06,0.6272303263346355,1.0,1.0656374298381367e-07,True,1.9470850627367753e-06,-0.6456486599822177
convnext_small_full,p1_31884,walking,walking,True,Q4,0.4404142434445465,0.267580778081577,0.5669642857142857,0.4719534983486082,False,0.9350726654132206,0.9802988618612289,0.9230709592501323,-0.012001706163088377,0.999933925351356,0.999933918317159,7.034196891630984e-09,True,0.011119365692138672,0.0003279844919841235,0.010791381200154548,0.7637795275590551,6.436549586816422e-07,True,1.2715657552453408e-06,-0.8122526828927339
convnext_small_full,p1_31899,standing,standing,True,Q4,0.4751290922683728,0.8809038333818591,0.5714285714285714,1.5415817084182535,True,0.9110878239075343,0.9397326926390328,0.8912963161865871,-0.019791507720947177,0.9985056021821582,0.9985063870747884,7.848926302234105e-07,True,0.006322642167409298,0.002422471841176388,0.00390017032623291,0.75,0.0015181799069153696,True,0.007581949234008789,-0.4368868691548727
convnext_small_full,p1_32133,running,running,True,Q3,0.3827071881236651,0.8503466490583953,0.6428571428571429,1.322761454090837,True,0.39926546538869545,0.8901498138904572,0.8467373212178548,0.4474718558291594,0.9228520032055353,0.9229650696118673,0.00011306640633201859,True,-0.07325110832850135,0.055916011333465576,-0.12916711966196692,0.5555555555555556,0.021598874212113733,True,0.14507480462392175,-0.5053858217572612
convnext_small_full,p1_32222,standing,standing,True,Q4,0.4774704290325758,0.5771987557690643,0.5848214285714286,0.9869658113913771,True,0.7854174604018529,0.9723276158173879,0.9013752450545629,0.11595778465271,0.9996579928594137,0.9996580084164938,1.555708006861778e-08,True,0.0014648636182149621,0.0018887122472127649,-0.00042384862899780273,0.7099236641221374,0.00014622798035113157,True,0.0009381572405497973,-0.7841438457778196
convnext_small_full,p1_32524,sitting,sitting,True,Q2,0.1870732817478379,0.9023199597149836,0.32459741709183676,2.7798125068250146,True,0.24905126430094246,0.9520070960745216,0.6841849536945422,0.43513368939359975,0.9967585045965471,0.9967584808667501,2.3729797016258658e-08,True,0.6781111756960552,-0.0007952451705932617,0.6789064208666484,1.0,0.0011164031653660717,True,0.0032393336296081543,-0.4997600417282962
convnext_small_full,p1_32723,running,running,True,Q2,0.2641800531607535,0.9254322334705735,0.4245057397959184,2.180022898902324,True,0.5418245335419973,0.9643918936451277,0.9605852882067363,0.41876075466473894,0.9996859785701806,0.9996859232584635,5.5311717095385404e-08,True,0.6727782040834427,-7.257858912157467e-05,0.6728507826725643,1.0,0.07961328681877111,True,0.21359751621882117,-0.5522089630787482
convnext_small_full,p1_32774,sitting,sitting,True,Q3,0.3777178670214628,0.9810329781999816,0.5401985012755102,1.8160601628541702,True,0.8332068691651027,0.956498039762179,0.8662046134471894,0.03299774428208668,0.999970862472446,0.9999708334604899,2.9011956170776898e-08,True,0.009644905726114872,7.4704488117749435e-06,0.009637435277303097,0.851171370595831,2.9431463870151996e-06,True,2.054373423265865e-05,-0.4297506141899589
convnext_small_full,p1_32872,running,running,True,Q4,0.6614455364455365,0.9641564029408651,0.8928571428571429,1.079855171293769,True,0.9969633917013805,0.9999671300252279,0.9999229550361632,0.0029595633347827555,0.9999530503062016,0.9999530712763468,2.097014517588036e-08,True,2.6981035868289815e-05,8.26517740881716e-06,1.8715858459472656e-05,0.12,0.0,True,0.0,-0.7670611738312061
convnext_small_full,p1_33044,sitting,sitting,True,Q1,0.0764679107874374,0.7156644086358838,0.15425701530612246,4.639428600479858,True,0.7936864376068116,0.9784063965082168,0.9150183836619059,0.12133194605509434,0.9998941418001893,0.9998942017555237,5.995533436387035e-08,True,0.19184106588363647,-0.0001017451286315918,0.19194281101226807,1.0,3.2508364812826806e-05,True,0.0001038511594136926,-0.6396202578672626
convnext_small_full,p1_33151,sitting,sitting,True,Q1,0.0398170567662093,0.053172831632653045,0.05317283163265306,0.9999999999999998,False,0.9011921698693186,0.11970150673296301,0.2144390375819057,-0.686753132287413,0.9999999150359844,0.9999999205271403,5.491155863346364e-09,True,0.6962530811627705,-3.9736429924275285e-08,0.6962531208992004,1.0,1.5204235230513548e-07,True,6.357828775671592e-07,1.0
convnext_small_full,p1_33322,running,running,True,Q4,0.4624613134714145,0.9386492821170555,0.6294642857142857,1.4911875120157476,True,0.992147863904635,0.9995641609032948,0.9994887163241704,0.007340852419535304,0.9991386097729124,0.9991386532783508,4.3505438473978586e-08,True,0.0003231366475423547,-0.0004971822102864953,0.0008203188578288501,0.5886524822695035,1.8264102806425753e-06,True,7.051229476928711e-05,-0.5992853794019164
convnext_small_full,p1_33505,running,running,True,Q2,0.2796354722557793,0.8824784164206689,0.430484693877551,2.0499646769594206,True,0.995830703775088,0.999426257610321,0.9986984948317209,0.002867791056632929,0.9992393043769805,0.9992392857869467,1.8590033845633513e-08,True,0.0014186302820842212,-0.0006434917449951172,0.0020621220270793383,1.0,2.4168227324516365e-06,True,0.00012570619583129883,-0.6498761221395319
convnext_small_full,p1_33596,walking,walking,True,Q2,0.2911352583069754,0.3023898258875669,0.5348772321428571,0.5653443588842149,True,0.5537181586027144,0.8282536447048187,0.7791232059399287,0.22540504733721423,0.9831212687994604,0.9831212759017944,7.102334054209791e-09,True,0.13687560955683387,0.6094004561503727,-0.47252484659353894,0.8695878977569118,0.00016915576210573208,True,0.005000968774159786,-0.8044652702669646
convnext_small_full,p1_33694,walking,walking,True,Q3,0.4208754208754209,0.6447644422290396,0.5803571428571429,1.110978731225422,True,0.8265945523977279,0.9823650419712066,0.9713701903820039,0.14477563798427595,0.9976693094926885,0.9976693193117777,9.819089208384923e-09,True,0.3952436149120331,-0.00032025575637817383,0.39556387066841125,0.7230769230769231,0.03908778695557905,True,0.11929015318552649,-0.8075641892034261
convnext_small_full,p1_34017,running,running,True,Q3,0.3489192843221603,0.8189255693560047,0.4955357142857143,1.6526065543760815,True,0.998990449309349,0.9997151186068853,0.99920680920283,0.0002163598934810107,0.9999860736996307,0.9999860525131226,2.118650810345457e-08,True,0.0014332930246988562,-5.404154459598409e-06,0.0014386971791584546,1.0,3.919677755157386e-05,True,0.00015654166539513792,-0.6974922752701577
convnext_small_full,p1_34029,running,running,True,Q2,0.2780255446330585,0.916107269246827,0.4158960459183674,2.2027313753943254,True,0.9898355692625045,0.9998919655879339,0.9982144137223561,0.008378844459851598,0.9999984144174465,0.999998410542806,3.874640497336657e-09,True,0.0007214744885762903,2.1457672119140625e-06,0.0007193287213643762,1.0,1.1461840634538024e-06,True,5.9207280477258095e-06,-0.4831804697711502
convnext_small_full,p1_34353,running,running,True,Q3,0.341860977374996,0.9727698992082465,0.5999880420918368,1.6213154779163919,True,0.8858828594287236,0.9999242335557939,0.999045306444168,0.11316244701544442,0.9999623817762356,0.9999623696009318,1.2175303876205135e-08,True,-9.258588155147685e-06,8.424123128181193e-06,-1.7682711283328878e-05,0.6666998837402425,2.2804657507584478e-06,True,2.1775563557979716e-05,-0.7254094930632929
convnext_small_full,p1_34386,running,running,True,Q3,0.3433312767022503,0.9693457330389438,0.431640625,2.2457240512033447,True,0.13530249007453676,0.8855164428551991,0.5265710666775705,0.3912685766030337,0.5158172352288283,0.5157216986020406,9.553662678762898e-05,True,0.4986161291599274,-0.4760723908742268,0.9746885200341542,1.0,0.190875722269293,True,0.47752205530802405,-0.501528046945057
convnext_small_full,p1_34430,sitting,sitting,True,Q3,0.3370563589043334,0.9825181583914246,0.47572544642857145,2.06530503206737,True,0.9486967941125234,0.984871581196785,0.9523302217324575,0.0036334276199341264,0.9999995678135845,0.9999995628992716,4.914312845549773e-09,True,0.25761357943216956,-1.9868214928830952e-07,0.25761377811431885,1.0,1.1912386549322833e-08,True,1.9868214928830952e-07,-0.29257738046575993
convnext_small_full,p1_34488,running,running,True,Q2,0.1900026843131076,0.9697652533065366,0.3515625,2.7584433871830374,True,0.9674757222334543,0.9853355775276821,0.9697491427262623,0.002273420492807987,0.9999962097288364,0.9999962250391642,1.5310327783346622e-08,True,0.24935418367385864,1.7484029133374435e-06,0.2493524352709453,1.0,5.458988801118829e-07,True,3.9736429846559673e-07,-0.5825667317471357
convnext_small_full,p1_34740,running,running,True,Q4,0.6830255416114002,0.999516181351493,0.84375,1.1846117704906585,True,0.9980286975701649,0.9998000333706538,0.9994263112545014,0.0013976136843365516,0.9999357948585389,0.9999357461929321,4.8665606766640224e-08,True,4.5935312906864034e-05,-9.973843892452372e-06,5.5909156799316406e-05,0.18518518518518517,3.825815678293813e-08,True,4.0531158447265625e-06,-0.7801247824981979
convnext_small_full,p1_34954,running,running,True,Q2,0.2864005048970337,0.9106289142044137,0.5057397959183674,1.8005878152238595,True,0.9713131129741668,0.9999537368615469,0.8845211068789164,-0.0867920060952504,0.9999912326216879,0.9999911785125732,5.410911463332724e-08,True,0.0054549376169840125,2.5431315103796592e-06,0.005452394485473633,0.9773013871374527,2.6937140126977296e-06,True,1.9073486328125e-05,-0.6054787470611217
convnext_small_full,p1_35040,running,running,True,Q4,0.6206849641193075,0.9473443816420488,0.84375,1.1227785263905763,True,0.9348297377427419,0.9979460130135218,0.9980431616306304,0.06321342388788853,0.995053198944296,0.9950531919797262,6.9645698097531294e-09,True,0.009820501009623284,-0.0016438961029052734,0.011464397112528557,0.18518518518518517,0.0,True,0.0,-0.5380052709038136
convnext_small_full,p1_35138,running,running,True,Q4,0.6812449204690584,0.9963986956572286,0.8214285714285714,1.2130071077566262,True,0.9960228482882181,0.9991411546866099,0.9981790681680044,0.002156219879786314,0.9999341841181348,0.999934196472168,1.2354033129824415e-08,True,7.09096590677527e-05,-2.1060307821008095e-06,7.301568984985352e-05,0.21739130434782608,3.4324571241554827e-06,True,4.9491723378536356e-05,-0.7366540755956098
dinov2_base_top4,p1_00036,running,running,True,Q2,0.2608218666479932,0.8861030963830894,0.7678571428571429,1.1539947301733255,True,0.23783490843294808,0.9495809470924237,0.5349564820372811,0.297121573604333,0.9993954049791732,0.9993963638941447,9.589149714273049e-07,True,0.01640629768371582,0.00014537572860717773,0.016260921955108643,0.3023255813953488,2.53377834795408e-06,True,0.00011535485585523197,0.9772435897435896
dinov2_base_top4,p1_00147,standing,standing,True,Q1,0.0728265817023213,0.7856385839945887,0.6787308673469388,1.1575112047954101,True,0.3976377807557583,0.8077607054263354,0.7183176554739475,0.32067987471818926,0.8319437824899655,0.8317543466885885,0.00018943580137698035,True,0.8270358486721914,0.06196161111195886,0.7650742375602325,0.47333803147756637,0.37052042509143923,False,0.7877777346099417,0.9413461538461538
dinov2_base_top4,p1_00234,standing,standing,True,Q2,0.2825817093493861,0.8129726128192245,0.7589285714285714,1.0712109721853311,True,0.9976226131121317,0.9971334397792816,0.998172644774119,0.0005500316619873047,0.9990322897255298,0.9990307092666626,1.5804588672230224e-06,True,-0.0009126663208007812,-0.0002209941546121863,-0.000691672166188595,0.3176470588235294,0.0002741280479205734,True,0.0009347200393676758,0.9804945054945052
dinov2_base_top4,p1_00397,sitting,sitting,True,Q4,0.6917124750533945,0.7191201837804586,0.84375,0.8522905881842472,True,0.9999098459879558,0.9998455395301182,0.9999596496423084,4.9803654352587046e-05,0.9999831976215192,0.9999832312266032,3.360508393779327e-08,True,-1.239776611328125e-05,-1.3629595438713338e-05,1.2318293254320878e-06,0.18518518518518517,6.136875980872397e-07,True,7.907549540275838e-06,0.9843864468864468
dinov2_base_top4,p1_00425,standing,standing,True,Q3,0.3464044317469166,0.8784032551679615,0.7216597576530612,1.217198611745585,True,0.9730705112218857,0.8500565941135089,0.9752225170532861,0.0021520058314004054,0.9654116337456038,0.965468188126882,5.655438127816215e-05,True,0.004573265711466545,-0.02146259943644202,0.026035865147908566,0.38569455951394643,0.0008697796388412323,True,0.013531366984049442,0.7808608058608059
dinov2_base_top4,p1_00741,standing,standing,True,Q4,0.4692583402260821,0.8852553274991809,0.7678571428571429,1.1528906590687007,False,0.6610311945745101,0.9505871517506118,0.900901651987806,0.23987045741329593,0.9602742866599869,0.9601659576098124,0.0001083290501745493,True,0.4266777137915293,-0.03580941756566369,0.462487131357193,0.3023255813953488,0.010290809658532936,True,0.037465135256449456,0.9266483516483517
dinov2_base_top4,p1_00749,walking,walking,True,Q3,0.3767829044210953,0.9310114550065056,0.7678571428571429,1.212480034427077,True,0.762793594226241,0.8839319718380769,0.759606985685726,-0.0031866085405150013,0.9999975780554701,0.999997615814209,3.775873891331827e-08,True,3.2583872476843467e-06,8.742014567020284e-06,-5.4836273193359375e-06,0.3023255813953488,6.424499375577701e-06,True,1.696745554602419e-05,0.9307692307692306
dinov2_base_top4,p1_00849,sitting,sitting,True,Q3,0.3225281924102756,0.836774744502012,0.7589285714285714,1.1025737809908864,False,0.4005772538948804,0.8757880383481582,0.8725414988895258,0.4719642449946454,0.9674128627594866,0.967207670211792,0.00020519254769457707,True,0.08144408464431763,-0.019866923491160038,0.10131100813547766,0.3176470588235294,0.0008100844949040759,True,0.011653284231821659,0.9324175824175823
dinov2_base_top4,p1_00862,walking,walking,True,Q1,0.0976658990203008,0.7858347265236854,0.7678571428571429,1.0234126671006134,True,0.16900301136386892,0.8883730967839558,0.6296804393331211,0.4606774279692522,0.9602428921542567,0.9602384169896444,4.4751646123275535e-06,True,0.944979802860568,0.009631137053171868,0.9353486658073962,0.3023255813953488,0.013244942051192012,True,0.0394762555758158,0.9662545787545787
dinov2_base_top4,p1_01079,running,running,True,Q1,0.11734556244942,0.8117227313540114,0.7678571428571429,1.0571272780424334,True,0.27004200113005933,0.8756793223670685,0.49128904684912417,0.22124704571906484,0.9997090306275516,0.9997090697288513,3.9101299753596663e-08,True,0.005855600039164188,0.00031463305155432497,0.005540966987609863,0.3023255813953488,1.0670011145973258e-05,True,0.00013663371404015745,0.9904761904761904
dinov2_base_top4,p1_01317,walking,walking,True,Q2,0.2568887643990056,0.8243050864463142,0.7589285714285714,1.086143172729261,True,0.9705802470445634,0.9543070326248805,0.9765290915966033,0.0059488445520399225,0.9799381716516933,0.9798842469851176,5.3924666575722036e-05,True,0.5943327993154526,-0.015914996465047238,0.6102477957804997,0.3176470588235294,0.0015806937446088106,True,0.012822190920511956,0.9893315018315018
dinov2_base_top4,p1_01497,walking,running,False,Q2,0.167881118349048,0.8607777682164433,0.7589285714285714,1.1342012945910782,True,0.06427033827276318,0.281450037083899,0.15517909581540154,0.09090875754263836,0.5409012650128456,0.5423612346251806,0.001459969612334966,True,0.37182815838605165,0.3085083750387033,0.06331978334734836,0.3176470588235294,0.20608062111704414,False,0.5248428741469979,0.9761904761904759
dinov2_base_top4,p1_01572,sitting,sitting,True,Q1,0.0617409676985116,0.6712015427482054,0.7589285714285714,0.8844067386799883,False,0.6996836557984352,0.998992121219635,0.9988045384486517,0.2991208826502165,0.9995418173212367,0.9995431105295817,1.2932083449657128e-06,True,-0.0001852114995321008,-0.0004177093505859375,0.0002324978510538367,0.3176470588235294,1.3409389710839215e-05,True,0.0001856088638305664,0.9705586080586079
dinov2_base_top4,p1_01646,standing,standing,True,Q2,0.2584342371438732,0.8491949607182494,0.7678571428571429,1.1059283209353945,True,0.968823567032814,0.9924529721339543,0.973442483941714,0.004618916908899928,0.9983712410971585,0.9983735084533691,2.267356210672311e-06,True,-0.00014189879099524294,-0.0010002851486206055,0.0008583863576253625,0.3023255813953488,3.898878727816896e-05,True,5.78761100769043e-05,0.7756410256410255
dinov2_base_top4,p1_01658,sitting,sitting,True,Q4,0.4386294708875354,0.9392050069473471,0.84375,1.1131318600857447,True,0.41800038994600375,0.8227943445245425,0.7049671749273936,0.28696678498138983,0.8784250914513284,0.8780147234598795,0.00041036799144889,True,-0.06354765097300219,0.005050818125406864,-0.06859846909840905,0.18518518518518517,0.0035209719951239714,True,0.060023367404937744,0.9658882783882782
dinov2_base_top4,p1_01663,sitting,sitting,True,Q4,0.4505914407230196,0.821829434496395,0.7589285714285714,1.0828811372187794,True,0.3575872527474227,0.6160088755170972,0.3386365473270416,-0.018950705420381075,0.906518802192634,0.9061913092931112,0.0003274928995228299,True,0.6075340695679188,0.23393908143043518,0.37359498813748365,0.3176470588235294,0.03182601602129067,True,0.09310108423233032,0.9845695970695969
dinov2_base_top4,p1_01845,sitting,sitting,True,Q4,0.4653696588255067,0.8898839245690552,0.8456632653061225,1.0522910963229852,True,0.9932566980520884,0.9979700098435084,0.9959469189246497,0.002690220872561322,0.9999214939717819,0.9999215404192606,4.6447478752043025e-08,True,0.00015439589818311283,0.00018719832102453982,-3.280242284142698e-05,0.18250377073906485,9.56170815356034e-06,True,9.729464848828862e-05,0.8999542124542124
dinov2_base_top4,p1_01881,sitting,sitting,True,Q2,0.2887106940261923,0.8181385471746212,0.8526785714285714,0.9594923275765191,True,0.9963645726442336,0.999719532330831,0.9991380532582601,0.002773480614026491,0.9999079449696189,0.9999081691106161,2.2414099720702296e-07,True,5.6882699330684794e-05,-1.1285146077399943e-05,6.816784540808474e-05,0.17277486910994763,3.819268826905126e-06,True,4.458427429199219e-05,0.9213369963369962
dinov2_base_top4,p1_01899,sitting,sitting,True,Q2,0.2347677107778117,0.828712391230102,0.7589285714285714,1.091950444914958,True,0.5425607450772078,0.8532064178221238,0.7301690996314089,0.1876083545542011,0.9999995220182077,0.9999995231628418,1.1446340542065059e-09,True,3.5762786865234375e-06,7.947285970422158e-07,2.7815500894812217e-06,0.3176470588235294,2.5842458833871646e-06,True,9.21885172522341e-06,0.9590201465201464
dinov2_base_top4,p1_01974,standing,standing,True,Q1,0.0333788499468972,0.7749295066211246,0.7678571428571429,1.0092105202507669,True,0.9992255131403605,0.993828225135803,0.99817001024882,-0.0010555028915404385,0.9999615257309404,0.9999613761901855,1.4954075489015395e-07,True,7.470448811885966e-06,0.0006651480992635461,-0.0006576776504516602,0.3023255813953488,0.015561389861177433,True,0.044530729452768925,0.947481684981685
dinov2_base_top4,p1_02033,sitting,standing,False,Q2,0.2737001720467734,0.7422495695163072,0.7633928571428571,0.9723035296587884,True,0.9986007312933602,0.9985522200663884,0.9726641376813252,-0.02593659361203504,0.9972574128790103,0.9972455700238546,1.1842855155652643e-05,True,0.017927904923756954,0.0036348501841227954,0.014293054739634159,0.30994152046783624,0.0009806184390882165,True,0.0027207533518474047,0.9712912087912088
dinov2_base_top4,p1_02397,sitting,sitting,True,Q2,0.1637516549369382,0.9241878761475695,0.7013313137755102,1.3177621731622748,True,0.9484143753846487,0.8763700316349665,0.9799315204222996,0.03151714503765091,0.9999008096867653,0.9999011953671774,3.856804120516699e-07,True,0.0009211897850036621,0.00025016069412231445,0.0006710290908813477,0.4258596192100028,6.7472964972106385e-06,True,8.688370386766842e-05,0.9299450549450547
dinov2_base_top4,p1_02507,walking,walking,True,Q1,0.0386891215293582,0.7586490469395766,0.7589285714285714,0.9996316853792069,True,0.8118306666612625,0.5072302817987899,0.6365327268838883,-0.17529793977737418,0.6886224507549198,0.6894888083140055,0.0008663575590857064,True,0.025410423676172855,0.5548913565774758,-0.5294809329013029,0.3176470588235294,0.12179741794548424,True,0.31047379970550537,0.9639652014652013
dinov2_base_top4,p1_02606,walking,walking,True,Q2,0.1802582657956158,0.8296484100087731,0.7589285714285714,1.0931837873056776,True,0.3115325118104617,0.9638829896847407,0.5852652321259181,0.27373272031545637,0.961917341082505,0.9621567726135254,0.00023943153102035097,True,-0.01564004023869836,0.02783787250518799,-0.04347791274388635,0.3176470588235294,0.008700334995725414,True,0.034579694271087646,0.9328754578754577
dinov2_base_top4,p1_02694,running,running,True,Q1,0.0703022109299425,0.6688919304629102,0.7589285714285714,0.8813634848452464,True,0.4411116272288685,0.8578345097174558,0.7326195494349426,0.2915079222060741,0.9988897459173186,0.9988886713981628,1.0745191557637312e-06,True,0.015278796354929569,0.0032552083333333703,0.012023588021596199,0.3176470588235294,0.0003685105690098933,True,0.0011052489280700684,0.9253205128205128
dinov2_base_top4,p1_02742,sitting,sitting,True,Q1,0.1059133940299859,0.7372134235367125,0.7589285714285714,0.9713870992483742,False,0.869839146733284,0.9717144161462784,0.9725988755623498,0.10275972882906581,0.9594814771621317,0.9595504204432169,6.894328108519865e-05,True,-0.03137324253718066,-0.03740980227788293,0.006036559740702274,0.3176470588235294,0.00612900388934522,True,0.032547692457834954,0.9750915750915751
dinov2_base_top4,p1_02885,standing,standing,True,Q2,0.2662430120327252,0.9298163801016709,0.7589285714285714,1.2251698184869075,True,0.9992572327454885,0.9873948236306508,0.9994154125452042,0.0001581797997156631,0.9999451384597456,0.9999458392461141,7.007863684904692e-07,True,-3.560384114575932e-05,-1.3311703999763225e-05,-2.2292137145996094e-05,0.3176470588235294,1.594213719503351e-05,True,5.233287811279297e-05,0.9643315018315018
dinov2_base_top4,p1_02919,running,running,True,Q4,0.5263265892395453,0.9583264068692794,0.7300302933673469,1.3127214248177168,True,0.8410846511522929,0.9862628812591234,0.9722975860039393,0.13121293485164642,0.9999937168836092,0.9999937216440836,4.760474459075681e-09,True,0.0012455185254414136,3.2186508178710938e-06,0.0012422998746235425,0.3698061698061698,1.6534608130406906e-09,True,2.781550090258378e-07,0.9713369963369963
dinov2_base_top4,p1_02956,running,running,True,Q1,0.0835638341327918,0.7515624680351172,0.7678571428571429,0.9787790281387572,False,0.4573364285441736,0.8084462291017795,0.6888997726452848,0.23156334410111118,0.9997827635345496,0.9997844696044922,1.7060699425419656e-06,True,-0.0001394351323446008,0.0017893115679422644,-0.0019287467002868652,0.3023255813953488,2.91504513719509e-07,True,1.9689400990841044e-05,0.9304029304029304
dinov2_base_top4,p1_03074,running,running,True,Q3,0.3178699066597482,0.8650086818324414,0.7721819196428571,1.1202135919376586,False,0.9907379845778147,0.999979478120804,0.9999416172504425,0.009203632672627804,0.9999817589954834,0.9999818801879883,1.211925049204865e-07,True,-1.4146169026729716e-05,-7.549921671512472e-06,-6.596247355217244e-06,0.2950316169828365,3.120195477590595e-07,True,7.3909759521484375e-06,0.9964285714285713
dinov2_base_top4,p1_03121,walking,walking,True,Q2,0.2141615022816661,0.7507712628145372,0.7678571428571429,0.9777486213398624,True,0.30045368247277415,0.8015231007787709,0.8408838648504267,0.5404301823776525,0.9732853904421703,0.9733694990475973,8.410860542695797e-05,True,0.0015253822008769458,-0.004231313864390018,0.005756696065266964,0.3023255813953488,0.004239718735687879,True,0.021795809268951416,0.9660256410256408
dinov2_base_top4,p1_03136,walking,walking,True,Q4,0.7086948206617174,0.9234848267047253,0.9017857142857143,1.0240623820884083,True,0.9247163951396943,0.9966949552297591,0.9965950349966686,0.07187863985697429,0.9999980894287869,0.999998132387797,4.2959010126963904e-08,True,-1.1920928955078125e-07,8.503595987918722e-06,-8.622805277469503e-06,0.10891089108910891,0.0,True,0.0,0.936584249084249
dinov2_base_top4,p1_03146,walking,walking,True,Q4,0.5683347350714887,0.8468711338623506,0.7678571428571429,1.1029019417742238,False,0.7003920954962571,0.8835397839546204,0.9262201140324275,0.2258280185361704,0.7540098298678337,0.7522520621617635,0.001757767706070168,True,-0.2476664582888285,0.2848306546608607,-0.5324971129496892,0.3023255813953488,0.005297723998492873,True,0.09369371334711718,0.8869047619047619
dinov2_base_top4,p1_03226,walking,walking,True,Q2,0.1800715864827876,0.8830806320852955,0.7678571428571429,1.1500584975994546,True,0.9902633110682171,0.8627210571120182,0.9839543630679448,-0.006308948000272263,0.9882993790041981,0.9882952769597372,4.102044460885246e-06,True,-0.011426826318104988,-0.0051711201667785645,-0.006255706151326423,0.3023255813953488,0.5037463413441327,False,0.8941629249602556,0.9364926739926738
dinov2_base_top4,p1_03634,walking,walking,True,Q1,0.0952931153204253,0.7924194842285013,0.7589285714285714,1.0441292027481428,True,0.36863356428220867,0.5404269271064549,0.36084721181541674,-0.007786352466791935,0.970699348076493,0.9709970951080322,0.00029774703153917503,True,0.7094366550445557,0.37163377801577246,0.3378028770287832,0.3176470588235294,0.0025243170678361055,True,0.007501860459645626,0.7443681318681318
dinov2_base_top4,p1_03670,walking,walking,True,Q4,0.4424591028126381,0.9182480115181066,0.7678571428571429,1.1958578754654412,True,0.9995532234509786,0.9898363302151362,0.9995465020338694,-6.72141710922336e-06,0.9999991546001185,0.9999991257985433,2.880157512485937e-08,True,1.5497207641601562e-06,1.1523564656945595e-06,3.9736429846559673e-07,0.3023255813953488,1.2876086974207635e-07,True,5.960464477539062e-07,0.9585164835164836
dinov2_base_top4,p1_03755,sitting,sitting,True,Q3,0.3513882567137005,0.8065386953815379,0.7589285714285714,1.06273333979685,True,0.9876894772052764,0.989859852194786,0.9696620225906374,-0.01802745461463906,0.9961388465350774,0.9961313009262085,7.545608868952947e-06,True,-0.0015344421068826941,7.961193720495974e-05,-0.0016140540440876538,0.3176470588235294,0.00040492647476333195,True,0.004364411036173466,0.9836080586080587
dinov2_base_top4,p1_03772,walking,standing,False,Q3,0.2967683204369595,0.7138396397100233,0.7678571428571429,0.9296516238084024,False,0.9758882313966751,0.8916957229375839,0.9624124775330226,-0.013475753863652518,0.9504694109642075,0.9504023989041647,6.701206004278148e-05,True,-0.03807475169499708,-0.016856173674265507,-0.02121857802073157,0.3023255813953488,0.5132134460544087,False,0.904506865888834,0.960576923076923
dinov2_base_top4,p1_03850,standing,standing,True,Q2,0.2916964255348094,0.7901970064513157,0.7678571428571429,1.0290937758435739,True,0.9980215907096863,0.9996724168459574,0.9994717240333556,0.0014501333236692782,0.9996080818130051,0.9996079603830973,1.2142990779562268e-07,True,-4.049142201745237e-05,-0.0002000729242961352,0.00015958150227868284,0.3023255813953488,0.00017135660172121276,True,0.00075409809748328,0.9362637362637362
dinov2_base_top4,p1_03985,walking,walking,True,Q1,0.0871293021953012,0.8297205150337787,0.7589285714285714,1.0932787962798027,True,0.9539625863234202,0.9976882835229238,0.9859954824050268,0.03203289608160653,0.9992098899503089,0.9992129405339559,3.050583647024041e-06,True,0.0016076962153117602,0.0014984806378682825,0.00010921557744347776,0.3176470588235294,0.003346648183948997,True,0.011376221974690792,0.9441849816849816
dinov2_base_top4,p1_04168,walking,walking,True,Q1,0.006318700553105,0.9251732780479717,0.75,1.233564370730629,True,0.9996385633945464,0.99996413787206,0.9999427755673727,0.0003042121728262792,0.9999442839743825,0.99994428952535,5.5509674634635076e-09,True,0.00010830163955688477,-2.8649965922000753e-05,0.00013695160547888552,0.3333333333333333,0.11449268430266919,True,0.2941345969835918,0.9799450549450549
dinov2_base_top4,p1_04174,sitting,sitting,True,Q1,0.0425057487283116,0.7730390424642253,0.75,1.0307187232856336,True,0.9999936779340108,0.9999934375286101,0.9999973595142363,3.6815802254563934e-06,0.9999997226245317,0.9999997615814209,3.895688915900308e-08,True,0.0,7.947285973752827e-08,-7.947285973752827e-08,0.3333333333333333,7.168111575884147e-07,True,2.821286519405497e-06,0.8860474728669575
dinov2_base_top4,p1_04177,walking,walking,True,Q2,0.2743188970217501,0.7564380772646742,0.7946428571428571,0.9519220747600394,False,0.5455305489401022,0.8596723596254985,0.9493241806825001,0.4037936317423979,0.9880584460307413,0.9880816340446472,2.3188013905883764e-05,True,0.009593625863393185,0.0070313215255737305,0.0025623043378194543,0.25842696629213485,0.000373714829909042,True,0.00023863712946570192,0.8818223443223442
dinov2_base_top4,p1_04178,standing,standing,True,Q1,0.1095441778067854,0.8235928804928285,0.7589285714285714,1.085204736649374,True,0.9989312996466955,0.9998516162236533,0.9999695301055909,0.001038230458895395,0.9999211331730304,0.9999213218688965,1.8869586604353117e-07,True,-5.857149759924685e-05,8.793671925866331e-05,-0.00014650821685791016,0.3176470588235294,0.011003293514605269,True,0.03201170762379968,0.9258241758241756
dinov2_base_top4,p1_04278,sitting,sitting,True,Q3,0.424950106788978,0.7965088987646681,0.78125,1.0195313904187753,False,0.8132227723797162,0.9843276227513948,0.9688001016775766,0.1555773292978604,0.9999881876298194,0.9999881585439047,2.9085914787785327e-08,True,0.00026659170786547115,3.488858540856565e-05,0.0002317031224569055,0.28,0.000306998721322547,True,0.0009539326032003137,0.8658882783882781
dinov2_base_top4,p1_04333,standing,standing,True,Q1,0.0917828069726803,0.7739332694138557,0.7589285714285714,1.0197708961688452,True,0.9989464779694875,0.9684295396010081,0.9975768695274989,-0.0013696084419886345,0.9997779514962649,0.9997771382331848,8.13263080101656e-07,True,-0.00020005305608117308,-0.00010587771733605589,-9.417533874511719e-05,0.3176470588235294,1.570299387846654e-05,True,0.00019689400990807737,0.9038919413919413
dinov2_base_top4,p1_04452,standing,standing,True,Q3,0.3050208351545881,0.9170306040003987,0.671875,1.364882759442454,True,0.9963119745254517,0.999339951078097,0.9987387806177139,0.0024268060922622015,0.9995799734957417,0.9995800058046976,3.230895595507377e-08,True,-6.190935770677974e-05,-0.0003089308738708496,0.00024702151616406987,0.4883720930232558,2.8955073921637905e-06,True,8.803606033325195e-05,0.9771520146520146
dinov2_base_top4,p1_04492,walking,walking,True,Q4,0.6550527090541347,0.768042073117088,0.8616071428571429,0.891406343928641,False,0.3187815968335296,0.5441879630088805,0.7624652783075968,0.4436836814740672,0.39415100706939105,0.39528391261895496,0.0011329055495639118,True,-0.2754255185524623,0.11724271128575003,-0.3926682298382123,0.16062176165803108,0.0,True,0.0,0.961996336996337
dinov2_base_top4,p1_04508,walking,walking,True,Q3,0.3941510615021908,0.8000016232910827,0.7678571428571429,1.041862579169782,True,0.588712496482185,0.9241809795300165,0.8284125333031018,0.23970003682091678,0.9998764239309149,0.9998767177263895,2.937954746151661e-07,True,7.067124048865114e-05,0.0003919204076130445,-0.00032124916712439333,0.3023255813953488,9.443228795725407e-06,True,7.631381352746214e-05,0.8885531135531135
dinov2_base_top4,p1_04546,walking,walking,True,Q4,0.5767253139319318,0.9598523473447746,0.8571428571428571,1.1198277385689037,True,0.9988675216833751,0.9996462454398474,0.999814110994339,0.000946589310963919,0.9996265887740253,0.9996250867843628,1.501989662533454e-06,True,-0.0003020763397216797,5.207459131872927e-05,-0.00035415093104040896,0.16666666666666666,6.577191053566559e-05,True,0.0005797942479451867,0.8515567765567765
dinov2_base_top4,p1_04697,standing,standing,True,Q3,0.4075780493882968,0.5003334708537206,0.7589285714285714,0.6592629263013731,False,0.9993281612793604,0.9995399445295334,0.9992649793624878,-6.318191687260111e-05,0.9997498540460238,0.999753495057424,3.641011400157268e-06,True,0.0013618071873983117,0.00017368793487548828,0.0011881192525228235,0.3176470588235294,7.789943705313116e-05,True,0.0002431670824686316,0.9799908424908426
dinov2_base_top4,p1_04698,running,walking,False,Q3,0.3016488506951722,0.7832088352691404,0.7589285714285714,1.031992818236985,True,0.9951821972926458,0.9594829599062602,0.9882636030515035,-0.006918594241142273,0.9792538201493125,0.9791710575421652,8.27626071473464e-05,True,-0.01826002200444532,-0.018282870451609257,2.2848447163936747e-05,0.3176470588235294,0.3795640153258487,False,0.7830186349650224,0.9865384615384614
dinov2_base_top4,p1_04727,walking,walking,True,Q2,0.2172381835032437,0.8473931083357649,0.7678571428571429,1.1035817224837867,True,0.7440513908863068,0.9825087080399195,0.9443050543467203,0.2002536634604135,0.9999928955554626,0.9999929269154867,3.136002413306471e-08,True,-9.93410746219503e-07,-1.3113021850585938e-06,3.1789143883909077e-07,0.3023255813953488,1.8127639689591964e-06,True,6.635983784919475e-06,0.7968864468864468
dinov2_base_top4,p1_04776,sitting,sitting,True,Q3,0.3442729118532521,0.8102530522217026,0.6403459821428571,1.2653363569335871,True,0.9947087367375693,0.9981182575225831,0.9962609231472016,0.0015521864096322835,0.9999789433855595,0.9999789396921793,3.6933801572658354e-09,True,2.7815500894812217e-06,-4.3312708537524e-06,7.112820943233622e-06,0.5616557734204793,6.341735981021298e-08,True,2.7815500894812217e-06,0.8738553113553111
dinov2_base_top4,p1_04859,standing,standing,True,Q1,0.013080402743324,0.9415409323690992,0.7589285714285714,1.2406186402981072,True,0.8290374440451462,0.9921013842026393,0.9654864192008973,0.13644897515575105,0.9985050260278857,0.9984933535257975,1.1672502088222458e-05,True,0.11734292904535926,-0.0010733803113301965,0.11841630935668945,0.3176470588235294,0.0006035418317896315,True,0.0006064573923746375,0.9951923076923076
dinov2_base_top4,p1_04904,walking,standing,False,Q1,0.0193562316912339,0.8117899243041227,0.7589285714285714,1.069652606141903,True,0.9597545127073923,0.7098772883415223,0.8360813508431117,-0.12367316186428057,0.7558322894467078,0.7569661935170492,0.0011339040703414183,True,-0.2369168003400166,0.008500774701436398,-0.245417575041453,0.3176470588235294,0.34069758525328825,False,0.736305595530818,0.9864468864468864
dinov2_base_top4,p1_05035,running,running,True,Q2,0.1959510473548364,0.8154197478281832,0.7589285714285714,1.0744354324324297,True,0.9900021364291511,0.9833057989676793,0.9008735030889512,-0.08912863334019994,0.9863418459471577,0.9863876303037008,4.578435654312152e-05,True,-0.010448098182678223,0.07105012734731042,-0.08149822552998864,0.3176470588235294,0.004719643506401131,True,0.013607124487558964,0.9814102564102563
dinov2_base_top4,p1_05146,sitting,sitting,True,Q1,0.1259990477162194,0.8392857126872126,0.7589285714285714,1.1058823508349156,True,0.9999827245871227,0.9995237876971562,0.9999940474828084,1.1322895685728085e-05,0.9999994622615733,0.999999483426412,2.1164838659437635e-08,True,3.1789143883909077e-07,8.344650268554688e-07,-5.16573588016378e-07,0.3176470588235294,2.708919337290363e-09,True,3.973642981325298e-08,1.0
dinov2_base_top4,p1_05190,standing,standing,True,Q3,0.3004096495220755,0.8993302225145723,0.7678571428571429,1.1712207549026987,True,0.9995286097129188,0.9998612155516942,0.9903041452169419,-0.009224464495976914,0.9998946420173812,0.9998948375384012,1.955210200410562e-07,True,7.226069768262455e-05,-7.520119349169185e-05,0.0001474618911743164,0.3023255813953488,7.716977508834989e-05,True,0.00042208035786939213,0.9570054945054945
dinov2_base_top4,p1_05253,standing,standing,True,Q4,0.4918082190193044,0.9014356615395553,0.9041972257653061,0.9969458386433188,True,0.7396896402041118,0.8843065917491915,0.9196885446707408,0.17999890446662903,0.8592733678071899,0.8591558138529459,0.0001175539542439541,True,0.26297430197397864,-0.12181788682937622,0.38479218880335486,0.1059534043069056,0.023401332797045017,True,0.11456288894017541,0.9608058608058607
dinov2_base_top4,p1_05279,sitting,sitting,True,Q3,0.3183037015447391,0.9224917507076656,0.7678571428571429,1.2013846055727737,True,0.9999986549218496,0.9999942163626353,0.9999986747900645,1.9868214962137642e-08,0.999997571082905,0.9999975760777792,4.994874180930253e-09,True,-2.384185791015625e-07,-6.755193073804122e-07,4.371007282788497e-07,0.3023255813953488,1.3716864412476378e-07,True,1.3510386148718467e-06,0.8815880721220527
dinov2_base_top4,p1_05556,running,running,True,Q4,0.4507002996306877,0.8713959654809273,0.8292211415816326,1.050860767754729,True,0.9998684644699096,0.9999368786811829,0.9999642789363861,9.581446647644043e-05,0.9999616965995464,0.9999618530273438,1.564277973820083e-07,True,-3.655751546227659e-05,-2.5391578674316406e-05,-1.1165936787960185e-05,0.2059509217199029,7.133236300154859e-07,True,1.3311703999874247e-05,0.8940476190476189
dinov2_base_top4,p1_05642,running,running,True,Q2,0.1596745310082236,0.9568842596961902,0.7678571428571429,1.2461748498368987,True,0.5902768269026032,0.9787284761667251,0.986519280076027,0.39624245317342377,0.999469219212008,0.9994695782661438,3.590541357567645e-07,True,0.0003137787183126184,0.0009365479151407508,-0.0006227691968281324,0.3023255813953488,0.0037364641851276377,True,0.012913525104522705,0.9414377289377288
dinov2_base_top4,p1_05663,standing,standing,True,Q4,0.5901095907876512,0.9692418210307366,0.9821428571428571,0.9868643995949319,True,0.9619386206070583,0.955545224249363,0.9648912151654562,0.002952594558397914,0.9991675618144159,0.9991665283838908,1.0334305251546994e-06,True,-0.00038077433904015745,-0.00035327672958374023,-2.7497609456417216e-05,0.01818181818181818,2.650537809269515e-08,True,1.2973944346073019e-05,0.6228479853479852
dinov2_base_top4,p1_05677,standing,standing,True,Q4,0.4704944178628389,0.902103814247406,0.8526785714285714,1.0579646826775861,True,0.999901654322942,0.9998165130615233,0.99992595911026,2.4304787318074617e-05,0.999979196092195,0.9999790191650391,1.7692715592598773e-07,True,7.110834121704102e-05,1.5894571939734092e-06,6.95188840230676e-05,0.17277486910994763,3.7395062514022954e-05,True,0.0001636346181234094,0.8618589743589743
dinov2_base_top4,p1_05733,standing,standing,True,Q2,0.1692517390486933,0.8386362425810758,0.7678571428571429,1.0921774321986104,True,0.8833651393651962,0.9417992532253265,0.9165516952673594,0.03318655590216313,0.9989230470937255,0.9989208976427714,2.1494509541142293e-06,True,0.0004204114278156812,3.30805778503418e-05,0.0003873308499653394,0.3023255813953488,0.00020518225357838592,True,0.0006652474403381348,0.7505036630036629
dinov2_base_top4,p1_05902,standing,standing,True,Q4,0.5362548039315717,0.8577639254701186,0.7678571428571429,1.117087902937829,True,0.9989140669504804,0.998665310939153,0.9992957562208176,0.00038168927033721545,0.9997324984872865,0.9997331897417704,6.912544838755252e-07,True,6.496906280517578e-06,0.00023351113001501833,-0.00022701422373450075,0.3023255813953488,1.7629187620286935e-05,True,1.1146068572998047e-05,0.8206043956043956
dinov2_base_top4,p1_06182,walking,walking,True,Q3,0.4286537454164484,0.7965004165329967,0.7678571428571429,1.0373028680429723,True,0.6629062725347468,0.6490546090276137,0.5612669630092569,-0.10163930952548983,0.90815006893267,0.9081133802731832,3.668865948680544e-05,True,-0.06562562783559156,-0.008764982223510742,-0.05686064561208082,0.3023255813953488,0.026554349211892144,True,0.08655424912770582,0.9706043956043956
dinov2_base_top4,p1_06190,walking,walking,True,Q3,0.4275672345847784,0.7450314016682564,0.7678571428571429,0.9702734533354037,True,0.7647962565223376,0.6660537155965964,0.8336395089824996,0.06884325246016199,0.9206736865666908,0.9209136764208475,0.00023998985415674134,True,0.04420181115468336,-0.046153485774993896,0.09035529692967725,0.3023255813953488,0.019362583386419482,True,0.07279078165690112,0.9861721611721611
dinov2_base_top4,p1_06264,walking,walking,True,Q2,0.2204322680970768,0.7011481218179415,0.7438616071428571,0.9425787204034143,True,0.9946507970492044,0.9099102387825648,0.9842117706934611,-0.010439026355743342,0.9691200635627094,0.969109833240509,1.023032220037745e-05,True,-0.02029019594192505,-0.030774831771850586,0.010484635829925537,0.34433608402100524,0.006018014513950523,True,0.02568485339482629,0.9832417582417582
dinov2_base_top4,p1_06597,standing,standing,True,Q2,0.2102167291061237,0.7993858244690153,0.7589285714285714,1.0533083804768202,True,0.9461848576863607,0.984192423025767,0.9790632834037145,0.032878425717353776,0.9858582712037918,0.985822598139445,3.5673064346819494e-05,True,0.014522194862365723,-0.010851522286733029,0.02537371714909875,0.3176470588235294,0.0018567811560647443,True,0.01056261857350671,0.9389194139194138
dinov2_base_top4,p1_06891,standing,standing,True,Q1,0.1260460067924792,0.8509714462508344,0.7589285714285714,1.1212800232952171,True,0.999732322494189,0.9996037393808364,0.9997196366389594,-1.2685855229621623e-05,0.9998519984090934,0.9998521606127421,1.622036486237377e-07,True,0.00013468662897742067,9.632110595703125e-05,3.8365523020389425e-05,0.3176470588235294,7.992351982059722e-06,True,3.612041473388672e-05,0.9689560439560437
dinov2_base_top4,p1_07023,standing,standing,True,Q1,0.0530914914357331,0.8046956999694559,0.75,1.0729275999592744,True,0.6081806243707737,0.97094710568587,0.8032696237166722,0.19508899934589852,0.9568676514691292,0.9566787878672282,0.0001888636019010681,True,0.1417765816052754,0.02254120508829749,0.11923537651697791,0.3333333333333333,0.007280019941319871,True,0.03586248556772875,0.9184523809523808
dinov2_base_top4,p1_07087,running,running,True,Q1,0.0519498583027626,0.826475857297708,0.7521524234693877,1.098814324742178,False,0.6572048572512964,0.8156139551506689,0.8102129347932836,0.1530080775419872,0.938816113361205,0.9389351407686869,0.00011902740748193086,True,0.05280756950378418,0.11216672261555982,-0.05935915311177564,0.3295177530471648,0.33496259323919964,False,0.6608896702528,0.9859432234432235
dinov2_base_top4,p1_07148,walking,walking,True,Q3,0.3620293847566574,0.888227748436158,0.7678571428571429,1.156761718893601,True,0.9907640606164931,0.9950518608093262,0.998267795642217,0.007503735025723879,0.9999582494546884,0.9999583959579468,1.4650325841358836e-07,True,7.112820943200315e-05,0.00018137693405151367,-0.00011024872461951052,0.3023255813953488,7.4258042147929376e-06,True,3.540515899658203e-05,0.966712454212454
dinov2_base_top4,p1_07328,walking,standing,False,Q1,0.1490863570770381,0.8000126439060627,0.7589285714285714,1.0541343072644591,True,0.832584364215533,0.9495405028263728,0.8498838216066361,0.017299457391103168,0.9530450989852421,0.9530696272850037,2.4528299761517047e-05,True,0.05298395951588952,-0.038784901301066044,0.09176886081695557,0.3176470588235294,0.10667823044295963,True,0.3685251077016195,0.945558608058608
dinov2_base_top4,p1_07341,walking,walking,True,Q1,0.1175661499009208,0.9050472878744612,0.7589285714285714,1.192532896963996,True,0.9629622707764309,0.9978507300217947,0.9885861128568649,0.025623842080434,0.9998188781059673,0.9998188018798828,7.622608444446399e-08,True,0.0004511276880899695,0.0004433790842691687,7.748603820800781e-06,0.3176470588235294,5.1021697202768214e-05,True,0.00016407171885168825,0.996062271062271
dinov2_base_top4,p1_07488,running,running,True,Q3,0.4010209671215953,0.7839260634412584,0.7194475446428571,1.0896222654153462,True,0.9999663054943085,0.999965763092041,0.9999715328216554,5.227327346868371e-06,0.999996743805153,0.9999967416127523,2.192400705425257e-09,True,7.788340250725057e-06,-1.1920928955078125e-06,8.980433146232869e-06,0.3899554004266046,5.2646547929682e-07,True,2.7020772297436935e-06,0.9961996336996336
dinov2_base_top4,p1_07588,walking,walking,True,Q2,0.1840213344537422,0.7501600788520606,0.7678571428571429,0.9769526608305905,True,0.27463122283418967,0.5855652377164612,0.35394984156203774,0.07931861872784807,0.9915493811268437,0.9915318290392557,1.7552087587913157e-05,True,0.021373212337493896,0.09853827953338623,-0.07716506719589233,0.3023255813953488,0.00297103736575744,True,0.007397651672363281,0.9820512820512819
dinov2_base_top4,p1_08079,running,running,True,Q3,0.3688529374000537,0.900806334027277,0.84375,1.067622321810106,True,0.9967086454232533,0.9996893167495728,0.9961271027723949,-0.0005815426508584132,0.9999934347542715,0.9999934434890747,8.73480321406106e-09,True,1.3629595438602315e-05,1.080830891930784e-05,2.8212865192944747e-06,0.18518518518518517,5.0609757147507805e-06,True,2.7298927307128906e-05,0.9227564102564101
dinov2_base_top4,p1_08262,standing,standing,True,Q3,0.2971826383296569,0.9154544166508285,0.7678571428571429,1.19221970540573,True,0.999361511071523,0.9994431614875794,0.9997163941462834,0.0003548830747603926,0.9999333845717535,0.9999334414800009,5.6908247336728834e-08,True,-1.4225641886356222e-05,1.7702579498291016e-05,-3.192822138464724e-05,0.3023255813953488,1.7104387021657884e-07,True,9.85463460290159e-06,0.9822802197802197
dinov2_base_top4,p1_08616,sitting,sitting,True,Q4,0.7790021426385063,0.9620185019387835,0.9151785714285714,1.0511811923623782,True,0.8405307004849116,0.9764727453390757,0.9592440317074457,0.11871333122253402,0.9997881728864266,0.9997889995574951,8.266710684878831e-07,True,0.0002667506535848352,-1.9351641337039815e-05,0.000286102294921875,0.09268292682926829,0.0,True,0.0,0.939010989010989
dinov2_base_top4,p1_08863,running,running,True,Q1,0.0432949018807604,0.9433327346074696,0.7589285714285714,1.2429796032474894,True,0.7042051821947098,0.9886260310808817,0.9741845905780792,0.2699794083833693,0.9999978110554444,0.9999978144963583,3.4409138871538403e-09,True,3.6160151164477128e-06,1.9470850627367753e-06,1.6689300537109375e-06,0.3176470588235294,0.055561171651795464,True,0.15139577786127734,0.9752289377289376
dinov2_base_top4,p1_08877,sitting,sitting,True,Q1,0.1350393792254257,0.7347304025003076,0.6979432397959183,1.0527079576200868,True,0.9999764263629913,0.9999446868896483,0.99997594555219,-4.808108012843704e-07,0.9999558993586524,0.999955972035726,7.267707358149522e-08,True,1.3709068298339844e-05,-6.556510925292969e-06,2.0265579223632812e-05,0.4327812678469446,6.487193758427919e-05,True,0.0002951224644979211,0.9915293040293041
dinov2_base_top4,p1_08972,walking,standing,False,Q4,0.6308602639963586,0.8516330357768679,0.8571428571428571,0.9935718750730126,True,0.9117464423179628,0.9641978785395624,0.913140602906545,0.0013941605885822161,0.9942585827425283,0.9942570130030314,1.5697394969427236e-06,True,0.009024858474731445,-0.0014199415842692797,0.010444800059000725,0.16666666666666666,0.08825360285474246,True,0.25560893615086866,0.854532967032967
dinov2_base_top4,p1_09451,standing,standing,True,Q2,0.2930861431089014,0.7648256654507211,0.6478794642857143,1.180506108947194,True,0.9838344166676203,0.9981602480014166,0.9357689847548802,-0.04806543191274004,0.9991861627095877,0.9991933703422546,7.207632666927921e-06,True,7.528066635131836e-05,0.003916045029958126,-0.003840764363606808,0.5434969853574505,7.403310181285662e-06,True,0.00012969970703125,0.953021978021978
dinov2_base_top4,p1_09518,walking,walking,True,Q3,0.3432592041478243,0.7370539046248988,0.7678571428571429,0.9598841548603333,True,0.7761958539485933,0.9934388508399328,0.88517457395792,0.10897872000932673,0.9994520722534881,0.9994504054387411,1.6668147470033645e-06,True,-0.00048041343688964844,0.005982855955759758,-0.006463269392649407,0.3023255813953488,0.00013280553719967672,True,0.0005109707514444617,0.8988553113553113
dinov2_base_top4,p1_09554,walking,walking,True,Q2,0.2458665195419569,0.8716552920493676,0.84375,1.0330729387251765,True,0.4694786200610299,0.9465772266189257,0.6976152862111729,0.22813666615014294,0.9969896807486306,0.9969989061355591,9.225386928490842e-06,True,0.006352126598358154,0.06747170289357507,-0.061119576295216915,0.18518518518518517,0.0014798550596192743,True,0.0005570451418558386,0.9856227106227103
dinov2_base_top4,p1_09800,sitting,sitting,True,Q2,0.1976375566718336,0.7678571428571428,0.7678571428571429,0.9999999999999999,False,0.9999880611896514,0.999998394648234,0.9999985734621684,1.0512272516916e-05,0.9999986025337236,0.9999986092249552,6.691231568822786e-09,True,-3.9736429857661903e-07,2.781550089148155e-07,-6.755193074914345e-07,0.3023255813953488,6.798496290851742e-08,True,2.384185791015625e-07,1.0
dinov2_base_top4,p1_10438,standing,standing,True,Q2,0.2519694688561325,0.8127113385297831,0.7678571428571429,1.0584147664573917,True,0.9987881431976955,0.9996113091707229,0.998880390326182,9.224712848654448e-05,0.9988823702304833,0.998884359995524,1.9897650407330048e-06,True,-0.0008215705553691333,-0.0008469820022583008,2.541144688916752e-05,0.3023255813953488,0.00029402403754379554,True,0.001059730847676632,0.9541666666666666
dinov2_base_top4,p1_10483,walking,walking,True,Q1,0.0445712685130072,0.7445062391927648,0.75,0.992674985590353,True,0.3991228856611997,0.6988169269170612,0.9245301192005476,0.5254072335393479,0.9838666936354943,0.983915905157725,4.921152223069658e-05,True,0.02596137921015418,0.23950684070587158,-0.2135454614957174,0.3333333333333333,0.0012073342858814938,True,0.008944809436798096,0.9780677655677654
dinov2_base_top4,p1_10548,running,walking,False,Q2,0.1648401666608312,0.7526437930612251,0.7678571428571429,0.9801872653820605,False,0.6483912562330564,0.9613283889368176,0.9879797250032425,0.3395884687701861,0.9998317897983344,0.9998313585917155,4.312066189671171e-07,True,0.0019016067186991004,0.05708922942479444,-0.05518762270609534,0.3023255813953488,0.08367799786998616,True,0.22150156895319617,0.9129120879120878
dinov2_base_top4,p1_10980,standing,standing,True,Q1,0.0176469565519759,0.8234586865006124,0.7589285714285714,1.0850279163302188,False,0.833951505025228,0.5621869463473559,0.734943191210429,-0.09900831381479902,0.7557351341653159,0.7553306023279825,0.00040453183733335507,True,0.44821843504905695,0.7018581988910834,-0.2536397638420264,0.3176470588235294,0.09698541547562345,True,0.2244855364163717,0.9790293040293039
dinov2_base_top4,p1_11298,walking,walking,True,Q1,0.1183186420246767,0.7873970653898963,0.7678571428571429,1.0254473409728881,False,0.8172722016771635,0.7972712663002312,0.9877085606257121,0.17043635894854858,0.999668251651825,0.9996675451596578,7.064921672128577e-07,True,0.008277475833892822,0.0002962350845336914,0.00798124074935913,0.3023255813953488,0.02981678071713542,True,0.08362460136413574,0.9794871794871794
dinov2_base_top4,p1_11326,walking,walking,True,Q2,0.1809285389167046,0.8640795133175915,0.7589285714285714,1.1385518293125911,True,0.12918120740602412,0.3918406185383598,0.31184890069998805,0.18266769329396393,0.544021237226204,0.5439381003379822,8.313688822181309e-05,True,0.4373156602183978,0.32675650964180625,0.1105591505765915,0.3176470588235294,0.19139754311048243,True,0.455606480439504,0.9879578754578754
dinov2_base_top4,p1_11420,running,running,True,Q1,0.0092433738314484,0.7305825752084381,0.7678571428571429,0.9514563770156402,True,0.9999029159545899,0.999952244758606,0.9999065319697062,3.6160151163366905e-06,0.9999994812178499,0.999999483426412,2.208562110972423e-09,True,-3.5762786865234375e-07,1.5497207641601562e-06,-1.9073486328125e-06,0.3023255813953488,0.0004359474226000351,True,0.0012629230817159387,0.9911630036630036
dinov2_base_top4,p1_11469,walking,walking,True,Q1,0.0482854283356451,0.8248644241029306,0.7589285714285714,1.086880182347391,True,0.2246854371934508,0.9185534058138729,0.8789651231219371,0.6542796859284863,0.8161073253503944,0.8161121408144633,4.815464068830266e-06,True,0.2537281016508738,-0.15796091159184777,0.41168901324272156,0.3176470588235294,0.05875556644373256,True,0.17906326055526733,0.9915750915750915
dinov2_base_top4,p1_11495,sitting,standing,False,Q4,0.8620208822229024,0.9999999999999999,1.0,0.9999999999999999,True,0.8457075764735541,0.675576361020406,0.6537197321653366,-0.19198784430821747,0.7472822275245097,0.74769659837087,0.0004143708463603124,False,,,,,0.0,True,0.0,0.9885073260073259
dinov2_base_top4,p1_11643,running,running,True,Q4,0.5177385671056557,0.9401630570973173,0.8616071428571429,1.0911737035740885,True,0.9902913133303324,0.9989460686842601,0.9983580549558004,0.008066741625468055,0.9989470964909087,0.9989515542984009,4.457807492141974e-06,True,0.0010999441146850586,-0.0004548827807108191,0.0015548268953958777,0.16062176165803108,0.00020694503264846837,True,0.0009219845136007043,0.8691849816849816
dinov2_base_top4,p1_11824,standing,standing,True,Q4,0.5626126585722545,0.9799658750360671,0.7857142857142857,1.2472292955004491,True,0.8376562441388766,0.9684246192375819,0.9960040857394536,0.15834784160057702,0.9992680568507765,0.9992691079775492,1.051126772733113e-06,True,-0.0005953113238017504,-0.00037630399068200315,-0.0002190073331197473,0.2727272727272727,1.2863230091432265e-05,True,0.00024876991907762935,0.9662087912087911
dinov2_base_top4,p1_11931,walking,walking,True,Q1,0.0431383279095084,0.8821670669583057,0.75,1.1762227559444076,True,0.8956044514973958,0.9889546036720275,0.9948229600985845,0.09921850860118875,0.9826437532849585,0.98256782690684,7.59263781184849e-05,True,-0.017382105191548702,-0.01176307598749804,-0.005619029204050663,0.3333333333333333,0.0054239840223203675,True,0.03802659114201856,0.9767857142857141
dinov2_base_top4,p1_11942,standing,standing,True,Q1,0.1034771361180856,0.7727889183219367,0.7678571428571429,1.006422777349499,True,0.8991502632697423,0.987523842851321,0.9432516237099965,0.044101360440254145,0.9205959440182339,0.9207142194112142,0.00011827539298037149,True,-0.053050776322682625,-0.07879984378814697,0.025749067465464348,0.3023255813953488,0.5453539449525169,False,0.9190137416298967,0.9764194139194139
dinov2_base_top4,p1_12075,running,running,True,Q3,0.3180765722571743,0.9472001431932764,0.8571428571428571,1.1050668337254892,True,0.9991718689600626,0.9998852203289668,0.9997826298077901,0.0006107608477274873,0.9999886751532857,0.9999887148539225,3.970063677805058e-08,True,3.465016682935307e-05,-2.344449361202372e-06,3.699461619055544e-05,0.16666666666666666,3.852776587229227e-06,True,2.6742617289188253e-05,0.9696886446886446
dinov2_base_top4,p1_12085,running,running,True,Q1,0.0156168601213994,0.8388372465803605,0.7216597576530612,1.1623722089040642,True,0.9997449517250061,0.9999825497468312,0.9999695718288422,0.00022462010383605957,0.9999967733094868,0.9999967813491821,8.039695353900811e-09,True,7.947285970422158e-07,7.708867390987528e-06,-6.9141387939453125e-06,0.38569455951394643,0.09154421390797635,True,0.2404206792513529,0.9860805860805859
dinov2_base_top4,p1_12314,standing,standing,True,Q1,0.0225660032136615,0.8023123540262642,0.75,1.0697498053683523,True,0.9033321936925252,0.9838832954565685,0.9474946071704229,0.04416241347789773,0.983640472885771,0.983642041683197,1.5687974260769622e-06,True,0.29735479752222693,-0.013806958993275997,0.31116175651550293,0.3333333333333333,0.084887373130659,True,0.27248966693878174,0.996245421245421
dinov2_base_top4,p1_12363,running,running,True,Q4,0.4676733428874363,0.8955889464538305,0.7678571428571429,1.1663483953817326,True,0.3787711660532901,0.9749175014595192,0.8663002426425614,0.48752907658927136,0.9813251222568415,0.9813022613525391,2.2860904302479668e-05,True,-0.017628033955891964,-0.011495113372802734,-0.00613292058308923,0.3023255813953488,0.005092080381461181,True,0.017863452434539795,0.9754578754578752
dinov2_base_top4,p1_12367,standing,standing,True,Q1,0.0306128403533956,0.7941073349926169,0.7589285714285714,1.046353194343213,True,0.9203993340333301,0.998147843281428,0.9932064046462377,0.07280707061290759,0.99529184350927,0.9952809611956278,1.0882313642213148e-05,True,0.0007732907931009558,-0.0038965940475463867,0.0046698848406473425,0.3176470588235294,0.0019853130002685637,True,0.012807528177897098,0.9726190476190475
dinov2_base_top4,p1_12879,sitting,sitting,True,Q3,0.3114242909901749,0.8164503811557049,0.8080357142857143,1.0104137313750159,True,0.9949725310007731,0.9990339100360871,0.9920453240474065,-0.002927206953366568,0.9998899276009714,0.9998901883761088,2.607751373728817e-07,True,-7.110834121704102e-05,0.0005688865979511792,-0.0006399949391682203,0.23756906077348067,4.62146144704355e-06,True,5.449851353966917e-05,0.9541666666666666
dinov2_base_top4,p1_13171,standing,standing,True,Q1,0.0218246326575866,0.8230499997327048,0.75,1.0973999996436063,True,0.999266125758489,0.9941986819108328,0.9994387954473496,0.00017266968886053835,0.9998966249992134,0.999896784623464,1.596242505952361e-07,True,0.0008252859115600586,7.23401705424731e-05,0.0007529457410175855,0.3333333333333333,0.0016105141566878933,True,0.005132595698038811,0.9886904761904761
dinov2_base_top4,p1_13395,standing,standing,True,Q2,0.1561170615727089,0.8167877776118087,0.7589285714285714,1.0762380128532067,True,0.9982716540495555,0.9982600033283234,0.9992767085631689,0.0010050545136133238,0.999454792456042,0.9994533260663351,1.4663897068833975e-06,True,-0.00013150771458936283,-0.00032659371693921635,0.00019508600234985352,0.3176470588235294,0.0012688929505709147,True,0.004710018634796143,0.9564560439560438
dinov2_base_top4,p1_13422,walking,walking,True,Q1,0.0228168206891611,0.8768286398318027,0.7678571428571429,1.1419163681530453,True,0.8438601056734721,0.9757178048292795,0.9861785332361858,0.14231842756271362,0.9998675185392024,0.999868114789327,5.962501246070673e-07,True,7.263819376635006e-05,-6.33398691812781e-05,0.00013597806294762815,0.3023255813953488,0.00646996384881813,True,0.01839987436930346,0.9459706959706957
dinov2_base_top4,p1_13514,running,running,True,Q4,0.5144241743191754,0.7897407434943837,0.8526785714285714,0.9261880970824187,True,0.999861279129982,0.9998249163230261,0.9817322780688604,-0.018129001061121586,0.999703187141208,0.9997023542722067,8.328690013215123e-07,True,-0.00019135077794385502,-2.7616818745856975e-05,-0.00016373395919799805,0.17277486910994763,3.6780974431643546e-06,True,3.68952751159668e-05,0.9882783882783882
dinov2_base_top4,p1_13559,walking,standing,False,Q2,0.162534435261708,0.8555033871337763,0.7678571428571429,1.1141439460346854,True,0.7299005006750425,0.7820500830809275,0.9120636597275733,0.18216315905253078,0.7553111376508529,0.7544746696949005,0.0008364679559523802,True,-0.08539196848869324,-0.048457711935043335,-0.0369342565536499,0.3023255813953488,0.3838704673440657,False,0.7544477272152411,0.9274267399267399
dinov2_base_top4,p1_13594,walking,walking,True,Q3,0.3775124987246199,0.9480012850666888,0.7678571428571429,1.2346063247380132,True,0.9999615271886191,0.9969877352317174,0.9998491823673248,-0.00011234482129429679,0.9999996724517025,0.9999996423721313,3.007957116718529e-08,True,2.781550089148155e-07,-1.1920928955078125e-07,3.9736429846559673e-07,0.3023255813953488,3.363838105987298e-08,True,1.9868214928830952e-07,0.9543498168498167
dinov2_base_top4,p1_14079,running,running,True,Q2,0.2315511828484063,0.820355527770288,0.7678571428571429,1.0683699896543284,True,0.9856182167927424,0.9831496755282084,0.9863253970940908,0.0007071803013484201,0.9997667112453227,0.999767025311788,3.1406646527898374e-07,True,-0.00021970272064208984,0.0006426374117534106,-0.0008623401323955004,0.3023255813953488,0.0013768737496140655,True,0.004880070686340332,0.8372252747252746
dinov2_base_top4,p1_14563,standing,standing,True,Q1,0.1079837760960792,0.6388104182773459,0.7589285714285714,0.8417266687889734,False,0.9962662676970164,0.8968987534443538,0.9463933736085892,-0.04987289408842721,0.961155325589599,0.9612109065055847,5.5580915985675716e-05,True,-0.018646498521169064,-0.035679519176483154,0.01703302065531409,0.3176470588235294,0.0004562752550364371,True,0.012496590614318848,0.9810897435897434
dinov2_base_top4,p1_14826,standing,standing,True,Q4,0.4411610237736774,0.9174388757673801,0.7678571428571429,1.1948041172784485,True,0.9230406713982423,0.9731338808933894,0.9599350094795227,0.0368943380812804,0.9995479000569173,0.9995496471722921,1.7471153748171986e-06,True,0.014413535594940186,4.5498212178585185e-05,0.0143680373827616,0.3023255813953488,2.6271776818343937e-05,True,4.404783248901367e-05,0.967948717948718
dinov2_base_top4,p1_15176,walking,walking,True,Q3,0.3233458177278402,0.8637881624135995,0.7678571428571429,1.1249334208177109,True,0.8667402605215707,0.9496780018011729,0.9223702053229015,0.055629944801330766,0.9999555789971571,0.999955415725708,1.6327144913841352e-07,True,0.0006826917330423621,6.600220998131956e-05,0.0006166895230610425,0.3023255813953488,1.4247507941323494e-05,True,6.053845087683474e-05,0.7266025641025641
dinov2_base_top4,p1_15232,sitting,sitting,True,Q4,0.5354635935044526,0.989468381029772,0.8060825892857143,1.2275024844619946,True,0.9999175349871317,0.9999939163525899,0.9999952455361684,7.77105490367136e-05,0.9999958363653424,0.9999958276748657,8.69047667162448e-09,True,-2.6226043701171875e-06,-1.5099843343469033e-06,-1.1126200357702842e-06,0.24056767047421254,1.486325725672808e-07,True,1.867612202999247e-06,0.8839644970414201
dinov2_base_top4,p1_15326,walking,walking,True,Q4,0.481630275822195,0.7886279123845303,0.7589285714285714,1.0391332492596166,True,0.47723153682818514,0.9147218087179985,0.8860343185789437,0.4088027817507585,0.9999752744712047,0.9999752839406332,9.469428463582119e-09,True,0.0030907591183980676,0.004064480463663811,-0.0009737213452657434,0.3176470588235294,6.139916470354876e-07,True,9.099642435672628e-06,0.9733058608058607
dinov2_base_top4,p1_15393,walking,walking,True,Q1,0.0175832072836436,0.8172717562494407,0.75,1.0896956749992543,True,0.994125497341156,0.9999767959117891,0.9880891442298889,-0.0060363531112670454,0.9999824987049979,0.9999824364980062,6.220699166892274e-08,True,2.4080276489257812e-05,1.6887982686397685e-05,7.192293802860128e-06,0.3333333333333333,0.008190613608479424,True,0.023601750532786125,0.9656593406593406
dinov2_base_top4,p1_15777,standing,standing,True,Q4,0.7883072368933551,0.9641700143523146,0.9732142857142857,0.9907068037381582,True,0.995182250936826,0.998912999033928,0.9975647588570913,0.0023825079202652866,0.998948451458739,0.9989452958106995,3.1556480395433795e-06,True,0.0001973112424215051,-0.00017366806666052614,0.00037097930908203125,0.027522935779816515,0.0,True,0.0,0.8886446886446885
dinov2_base_top4,p1_16050,running,running,True,Q3,0.4013006841412104,0.9507780309417883,0.7270607461734694,1.3077009533876585,True,0.9991179585456849,0.9998755921920142,0.9997551043828329,0.0006371458371480232,0.9999979509220974,0.9999979734420776,2.2519980213964175e-08,True,-1.5099843343469033e-06,-1.1920928955078125e-07,-1.390775044796122e-06,0.3754008936158548,2.29194502382617e-08,True,2.384185791015625e-07,0.9588369963369963
dinov2_base_top4,p1_16139,running,running,True,Q1,0.0330112721417069,0.9096712040903145,0.7589285714285714,1.1986255865660616,True,0.24071119861716092,0.8877844418088595,0.40865927170962096,0.16794807309246004,0.9792853078969299,0.9793937802314758,0.00010847233454591709,True,-0.009874800841013553,0.003377377986907959,-0.013252178827921512,0.3176470588235294,0.17227648567896026,True,0.4706174234549204,0.9809523809523808
dinov2_base_top4,p1_16365,sitting,sitting,True,Q1,0.1476664870096377,0.7206805343848636,0.7610012755102041,0.947016197708331,True,0.9999949753284454,0.9999897221724192,0.9999907493591308,-4.2259693145974e-06,0.9999865206470552,0.999986489613851,3.1033204228592126e-08,True,4.609425862667216e-06,-1.0212262471442912e-05,1.4821688334110128e-05,0.3140582442908024,3.057161040846827e-05,True,0.00012038151423143795,0.8739752598242267
dinov2_base_top4,p1_16433,standing,standing,True,Q4,0.6443914081145584,0.988441313040779,0.84375,1.1714860006409233,True,0.9996047735214233,0.9997901539007823,0.999802553653717,0.00019778013229365676,0.9999886869801973,0.9999887148539225,2.7873725216842615e-08,True,4.6094258625561935e-06,-3.4173329671594033e-06,8.026758829715597e-06,0.18518518518518517,1.9967179235530965e-07,True,7.549921672289628e-07,0.9692307692307692
dinov2_base_top4,p1_16771,standing,standing,True,Q3,0.3782547296429863,0.845238096563164,0.7678571428571429,1.1007751955241205,True,0.9999922732512156,0.9999969482421875,0.9999952077865601,2.9345353445009437e-06,0.9999992718656153,0.9999992450078329,2.685778244249093e-08,True,-3.1789143872806847e-07,-3.973642981325298e-08,-2.781550089148155e-07,0.3023255813953488,8.647919958450334e-08,True,5.56310017829631e-07,0.9133611092951083
dinov2_base_top4,p1_17150,standing,standing,True,Q4,0.8237333579881657,0.9377644746000006,0.9285714285714286,1.0099002034153852,False,0.9511699368556341,0.8215813299020132,0.9082659820715586,-0.04290395478407549,0.7220329141797955,0.7217326561609904,0.00030025801880517733,True,-0.19548696279525757,-0.08613038063049316,-0.1093565821647644,0.07692307692307693,0.0,True,0.0,0.9836538461538461
dinov2_base_top4,p1_17228,standing,standing,True,Q4,0.5218923205684219,0.8911503571461942,0.7589285714285714,1.1742216470632205,True,0.997565044959386,0.999291439851125,0.9990309993426005,0.0014659543832145072,0.9993902730095522,0.9993901451428732,1.2786667902275894e-07,True,0.0006450812021892016,-0.00014545520146680424,0.0007905364036560059,0.3176470588235294,7.835699538545739e-06,True,6.184975306189333e-05,0.9280219780219781
dinov2_base_top4,p1_17240,sitting,sitting,True,Q2,0.2115938984395971,0.8379191236027176,0.7678571428571429,1.0912435098081903,True,0.999538924296697,0.9999652743339539,0.9995902756849926,5.135138829559516e-05,0.9999650650478921,0.9999650716781616,6.630269555607526e-09,True,2.2490819295284403e-05,-1.6371409098270284e-05,3.886222839355469e-05,0.3023255813953488,5.189878728518065e-05,True,0.0002351999282836914,0.8959201438029182
dinov2_base_top4,p1_17356,sitting,sitting,True,Q4,0.6557771325579104,0.9998585651188905,0.9598214285714286,1.0417131097052625,True,0.9998365004857381,0.9999964614709219,0.9999760746955872,0.00013957420984911373,0.9999954098684053,0.9999954303105673,2.04421619631745e-08,True,1.7086664836352128e-06,-1.2318293253210655e-06,2.9404958089562783e-06,0.04186046511627907,5.3167978649748726e-08,True,9.139378864819747e-07,0.9784276113443491
dinov2_base_top4,p1_17358,walking,walking,True,Q3,0.3898326701357004,0.8943864760635518,0.7678571428571429,1.1647823874316023,True,0.736858148748676,0.9867730518182118,0.9730624576409657,0.23620430889228972,0.9999956424676794,0.9999955892562866,5.3211392736507435e-08,True,-3.774960835811747e-06,1.5497207641601562e-06,-5.324681599971903e-06,0.3023255813953488,1.3734936020401033e-06,True,4.291534423828125e-06,0.8999084249084249
dinov2_base_top4,p1_17593,walking,walking,True,Q3,0.3358929898439435,0.9502726929532272,0.7589285714285714,1.2521240189501348,True,0.9988710383574169,0.9998900671799976,0.999862269560496,0.0009912312030790904,0.9999973065877347,0.9999972979227701,8.664964523674712e-09,True,-1.827875773185994e-06,-1.1920928955078125e-07,-1.7086664836352128e-06,0.3176470588235294,1.7515206811175668e-09,True,1.1920928955078125e-07,0.9524267399267398
dinov2_base_top4,p1_17651,walking,walking,True,Q4,0.5203831041257367,0.8797133039378988,0.7678571428571429,1.1456731400121472,True,0.216190337727312,0.9377297932398504,0.6007631420080239,0.38457280428071194,0.9912924781558038,0.9912783900896708,1.4088066133011168e-05,True,-0.0021061102549235766,0.002879023551940918,-0.004985133806864495,0.3023255813953488,0.33993825796218113,False,0.703967958688736,0.9348901098901098
dinov2_base_top4,p1_17747,sitting,sitting,True,Q2,0.2694295670884299,0.8348228628451582,0.7348931760204082,1.135978520532588,True,0.9757328033447266,0.9835898568232855,0.9974040240049362,0.021671220660209656,0.9995752111820287,0.9995779991149902,2.787932961489936e-06,True,0.00041057666142785276,0.005798737208048466,-0.005388160546620613,0.3607419862233552,1.267434196031518e-06,True,1.470247904422628e-06,0.9737179487179486
dinov2_base_top4,p1_17749,standing,standing,True,Q3,0.3708086785009862,0.8658198213602323,0.7678571428571429,1.1275793022365814,True,0.9993036677440008,0.9937902053197225,0.9995173871517181,0.00021371940771730547,0.9999487287902483,0.999948779741923,5.0951674657184753e-08,True,-2.8570493062374247e-05,0.0007266402244567871,-0.0007552107175191614,0.3023255813953488,5.5877169946496034e-06,True,3.647804260253906e-05,0.8805860805860805
dinov2_base_top4,p1_18189,running,running,True,Q2,0.2893405427960429,0.841439508279106,0.7678571428571429,1.095828196828603,True,0.5875632264961798,0.8733194559812546,0.8552730083465576,0.26770978185037786,0.8184147743286795,0.8188024163246155,0.00038764199593599447,True,-0.1757309238115946,0.07518395781517029,-0.2509148816267649,0.3023255813953488,0.058928577712217635,True,0.1772345701853434,0.9815934065934065
dinov2_base_top4,p1_18412,standing,standing,True,Q2,0.2156429768537391,0.997657358712067,0.7589285714285714,1.314560284420606,True,0.9930942475795748,0.9994350254535675,0.9880930721759796,-0.005001175403595126,0.9999969221969311,0.9999969005584717,2.163845946867582e-08,True,9.032090504967893e-05,7.152557373046875e-07,8.960564931237425e-05,0.3176470588235294,8.116261262633958e-07,True,4.331270853641378e-06,0.0
dinov2_base_top4,p1_18438,walking,walking,True,Q4,0.4594594594594595,0.7648351447939018,0.7589285714285714,1.007782779022553,True,0.7529886697729428,0.9845366090536116,0.9870238681634267,0.23403519839048392,0.9680977785031574,0.9680362741152445,6.15043879128585e-05,True,0.012824157873789432,-0.00027318795522057737,0.01309734582901001,0.3176470588235294,0.006731276452402853,True,0.028524001439412472,0.9811813186813184
dinov2_base_top4,p1_18473,sitting,sitting,True,Q3,0.4133045316238125,0.654753203490148,0.7803531568877551,0.8390472925123653,True,0.9966104418039321,0.9981857756773631,0.9981972475846609,0.0015868057807287839,0.9994969380467782,0.9994986653327942,1.7272860159955883e-06,True,-5.6425730387332784e-05,0.0006274978319803504,-0.0006839235623676831,0.2814710764908696,0.00010564445752991492,True,0.00044943888982140745,0.9436813186813185
dinov2_base_top4,p1_18650,standing,standing,True,Q3,0.3703703703703703,0.7843764980104481,0.7589285714285714,1.033531385613767,True,0.8549567033847173,0.9994193245967229,0.998481641213099,0.14352493782838172,0.9999070129686579,0.9999071756998698,1.6273121183907335e-07,True,-5.539258321130003e-05,0.00011074542999267578,-0.0001661380132039758,0.3176470588235294,1.5456938761626925e-05,True,7.68899917602539e-05,0.9205586080586079
dinov2_base_top4,p1_18717,standing,standing,True,Q1,0.0294933431952662,0.7723926230168858,0.7678571428571429,1.0059066718359442,True,0.9965827604134876,0.9342423220475515,0.9836333632469177,-0.012949397166569843,0.9552736330920717,0.9551692207654318,0.0001044123266399355,True,-0.03435468673706055,-0.04137512048085523,0.007020433743794685,0.3023255813953488,0.034964014036397796,True,0.16960138082504272,0.9688644688644688
dinov2_base_top4,p1_18852,walking,walking,True,Q4,0.4474373363262252,0.9109115225862932,0.7678571428571429,1.1863033782519166,True,0.8301593753198782,0.9167864744861922,0.9442244668801625,0.11406509156028433,0.9999986937115225,0.9999986886978149,5.0137075602307846e-09,True,4.291534423828125e-06,2.3047129312780967e-06,1.9868214925500283e-06,0.3023255813953488,6.33878836927448e-08,True,1.1920928955078125e-07,0.841437728937729
dinov2_base_top4,p1_18956,standing,standing,True,Q1,0.0374845697793695,0.9166666680659243,0.75,1.222222224087899,True,0.9999982655048371,0.9999850153923036,0.9999955336252848,-2.731879552242411e-06,0.9999974502071632,0.9999974568684896,6.661326379386878e-09,True,-1.3113021850585938e-06,6.755193074914345e-07,-1.9868214925500283e-06,0.3333333333333333,0.021162586925290792,True,0.059766391913096184,1.0
dinov2_base_top4,p1_19358,sitting,sitting,True,Q2,0.2064029151483602,0.7302221038036826,0.7269810267857143,1.004458269058683,True,0.9999299734830855,0.9998613844315211,0.9999369839827219,7.0104996363618e-06,0.9999362681084454,0.9999361832936605,8.481478486199734e-08,True,0.00016806523005175045,-3.941853841138432e-05,0.00020748376846313477,0.37555171752062944,9.456786513799705e-06,True,8.195638656616211e-05,0.9893772893772893
dinov2_base_top4,p1_19579,sitting,sitting,True,Q1,0.1471415913521176,0.7627175923605669,0.6444515306122449,1.183514284830647,True,0.9997484882672629,0.9999103228251139,0.9999671399593353,0.00021865169207235802,0.9999978668824899,0.9999979337056478,6.682315789596771e-08,True,-1.9868214917728722e-07,-2.781550089148155e-07,7.947285973752827e-08,0.5517070757050965,4.415421980152518e-07,True,3.6954879760742188e-06,0.24486084269730746
dinov2_base_top4,p1_19612,running,running,True,Q3,0.4274360141451629,0.9162009572254681,0.7678571428571429,1.1931919442936327,True,0.943162856499354,0.9999984304110208,0.9999962588151297,0.056833402315775605,0.9999988168974312,0.9999988476435343,3.074610310793702e-08,True,1.0808308919196818e-05,4.371007282788497e-07,1.0371208190917969e-05,0.3023255813953488,1.424816633138879e-06,True,6.834665934207784e-06,0.9946382771669002
dinov2_base_top4,p1_19664,walking,walking,True,Q3,0.3272880318334863,0.9191580432557711,0.7678571428571429,1.1970430330772832,True,0.5069370466284454,0.9589556843663255,0.9073326708128054,0.40039562418436003,0.999998133141111,0.999998132387797,7.533139667614819e-10,True,1.0530153910282003e-05,8.702278137207031e-06,1.8278757730749717e-06,0.3023255813953488,4.698296065543802e-07,True,1.7484029134484658e-06,0.9370421245421245
dinov2_base_top4,p1_19682,sitting,sitting,True,Q1,0.1297942669923571,0.7881450943022723,0.7678571428571429,1.0264215181610987,True,0.9999975661436716,0.9999940971533458,0.9999985953172047,1.029173533062533e-06,0.999997442231507,0.9999974568684896,1.4636982625937378e-08,True,-1.9073486328125e-06,-1.1920928955078125e-06,-7.152557373046875e-07,0.3023255813953488,1.0350787197047714e-07,True,9.139378864819747e-07,0.9503205128205127
dinov2_base_top4,p1_19943,sitting,sitting,True,Q2,0.1840373431282522,0.8080357142857142,0.8080357142857143,0.9999999999999999,False,0.9987651487191518,0.9998096783955892,0.9999932944774628,0.0012281457583109834,0.9999988340314752,0.9999988476435343,1.3612059146517197e-08,True,-7.549921672289628e-07,-3.9736429857661903e-07,-3.5762786865234375e-07,0.23756906077348067,1.653151590940941e-07,True,1.5894571936403423e-07,1.0
dinov2_base_top4,p1_20106,running,running,True,Q1,0.0536980749746707,0.6664656649639742,0.75,0.8886208866186323,True,0.9998118837674459,0.9998838543891906,0.9999378164609272,0.00012593269348126768,0.999999584074457,0.9999995628992716,2.117518538291563e-08,True,1.9073486328125e-06,3.814697265625e-06,-1.9073486328125e-06,0.3333333333333333,0.0016317429474840817,True,0.004705568154652839,0.983562271062271
dinov2_base_top4,p1_20516,standing,standing,True,Q3,0.3744616785126571,0.9695484474814972,0.7589285714285714,1.277522660210914,True,0.9971224407354992,0.9999842713276544,0.9999617874622345,0.002839346726735359,0.999992882698249,0.9999928871790568,4.4808077248603695e-09,True,6.238619486453878e-06,1.6689300537109375e-06,4.5696894327429405e-06,0.3176470588235294,1.427357500248058e-06,True,6.278355916378153e-06,0.9742673992673992
dinov2_base_top4,p1_20561,standing,standing,True,Q2,0.2920766079619061,0.9260143248533369,0.7678571428571429,1.2059721439950433,True,0.9984562903642654,0.9993136058251063,0.9993972977002462,0.0009410073359807924,0.9993048723147807,0.999304453531901,4.1878287970753547e-07,True,0.0006953875223795203,-0.00023023287455248287,0.0009256203969320032,0.3023255813953488,6.074655564952293e-05,True,0.00044858455657958984,0.9374542124542125
dinov2_base_top4,p1_20622,sitting,sitting,True,Q4,0.7635769845311046,0.8963975398983623,0.90625,0.9891283198878481,False,0.5937698510785898,0.9480951398611068,0.9564123888810475,0.3626425378024577,0.994173514947321,0.9941634138425192,1.0101104801818472e-05,True,-0.0014462471008300781,0.017678936322530148,-0.019125183423360226,0.10344827586206896,0.0,True,0.0,0.9184065934065933
dinov2_base_top4,p1_20720,walking,walking,True,Q4,0.7366572132161572,0.8950719950749341,0.8616071428571429,1.0388400357346383,True,0.04368327131620997,0.30869401839251315,0.10448654922462691,0.06080327790841694,0.4540911459411441,0.45473146438598633,0.0006403184448422472,True,0.35468244304259616,-0.019353359937667847,0.374035802980264,0.16062176165803108,0.0,True,0.0,0.9445512820512818
dinov2_base_top4,p1_20784,running,running,True,Q2,0.2910470036696925,0.8769509431517722,0.7678571428571429,1.1420756468953313,True,0.9880029688278835,0.9999878674745559,0.9999767323335012,0.01197376350561763,0.9999968040518967,0.9999967813491821,2.270271459714479e-08,True,1.5099843343135966e-05,2.821286519405497e-06,1.2278556823730469e-05,0.3023255813953488,1.1155225021422948e-07,True,1.5099843343469033e-06,0.9874084249084248
dinov2_base_top4,p1_20795,running,running,True,Q4,0.5237560793116348,0.982097990522965,0.8169642857142857,1.2021308736455965,True,0.999797801176707,0.9999515434106191,0.9999887069066367,0.00019090572992963573,0.9999750102519005,0.9999750455220541,3.527015357551733e-08,True,-1.8318494160896037e-05,2.0623207092285156e-05,-3.8941701253181193e-05,0.22404371584699453,6.638701554411762e-07,True,1.0212262471442912e-05,0.983562271062271
dinov2_base_top4,p1_20815,sitting,sitting,True,Q3,0.4051562153519368,0.7689333545918366,0.7689333545918368,0.9999999999999999,False,0.9999988079071045,0.9998184561729431,0.9999989748001098,1.6689300530448037e-07,0.9999984872228119,0.9999984900156657,2.7928537260635267e-09,True,-1.2715657552453408e-06,5.960464477539062e-07,-1.867612202999247e-06,0.30050282515162513,5.0575691408238586e-08,True,6.755193074914345e-07,1.0
dinov2_base_top4,p1_20869,running,running,True,Q4,0.4992472252372116,0.8522293512988145,0.8080357142857143,1.0546926778504666,True,0.9965978880723319,0.9998817841211955,0.9998521447181702,0.003254256645838338,0.9998911576581958,0.9998917977015177,6.400433218978208e-07,True,-8.507569630944456e-05,2.282857894897461e-05,-0.00010790427525841917,0.23756906077348067,0.00030280774434154726,True,0.0012092391649881629,0.9807234432234432
dinov2_base_top4,p1_20899,running,running,True,Q3,0.4034872728545919,0.8878816428539644,0.7678571428571429,1.1563109767400466,True,0.8554647515217464,0.9927853951851529,0.9856384694576263,0.13017371793587995,0.9999719007592652,0.9999717473983765,1.5336088876605203e-07,True,6.290276845299925e-05,6.310145060217653e-05,-1.9868214917728722e-07,0.3023255813953488,9.784517676975119e-08,True,1.5894571936403423e-07,0.8930860805860804
dinov2_base_top4,p1_21122,sitting,sitting,True,Q4,0.6000781952079176,0.8100798607951091,0.8928571428571429,0.9072894440905221,False,0.9998563577731451,0.9998315334320068,0.9999015122652054,4.515449206032862e-05,0.9997593342334349,0.9997607469558716,1.4127224366999869e-06,True,0.00019492705663048948,-1.1801719665527344e-05,0.00020672877629601683,0.12,0.0,True,0.0,0.9868589743589743
dinov2_base_top4,p1_21492,sitting,sitting,True,Q4,0.6009653499976683,0.919642857142857,0.9196428571428571,0.9999999999999999,True,0.9999996860822042,0.9999991774559022,0.9999998052914938,1.1920928955078125e-07,0.9999998057959655,0.9999998410542806,3.5258315156383446e-08,True,0.0,7.947285973752827e-08,-7.947285973752827e-08,0.08737864077669903,0.0,True,0.0,1.0
dinov2_base_top4,p1_21643,standing,standing,True,Q2,0.245645723132499,0.7260172253376646,0.7946428571428571,0.9136396543575105,True,0.9998975078264871,0.9993648211161295,0.9998940487702688,-3.4590562183467455e-06,0.9992392091139498,0.9992395440737406,3.349597907931212e-07,True,-0.0007178187370300293,-0.00024147828420006956,-0.00047634045282995974,0.25842696629213485,0.0014966109743483557,True,0.0047377745310465125,0.9818223443223442
dinov2_base_top4,p1_21703,running,running,True,Q4,0.5544152660653757,0.8249051914048414,0.8580596301020408,0.9613611484166239,False,0.9989526828130085,0.9990916927655539,0.9984720865885417,-0.0004805962244668338,0.9999792138589255,0.9999792575836182,4.3724692644353524e-08,True,2.7934710184696065e-05,0.00010661284128821169,-7.867813110351562e-05,0.16542017001904585,1.2744965358806924e-05,True,7.367134094238281e-05,0.9915293040293041
dinov2_base_top4,p1_21897,running,running,True,Q1,0.1008368054339834,0.8779712585265278,0.7678571428571429,1.1434044297089663,True,0.9945429126421609,0.9997130016485851,0.9993501087029775,0.004807196060816588,0.9999651958997888,0.9999650716781616,1.2422162720682195e-07,True,0.00027797619501745974,1.4742215474483622e-05,0.0002632339795429761,0.3023255813953488,5.085209331583027e-06,True,4.8299630483028544e-05,0.9724358974358972
dinov2_base_top4,p1_22034,sitting,sitting,True,Q1,0.0363370829493888,0.8392857159573006,0.7589285714285714,1.1058823551437373,True,0.9999873061974843,0.9175407193601133,0.9999971667925517,9.860595067356925e-06,0.9999962034077107,0.9999962250391642,2.1631453517301225e-08,True,-2.781550089592244e-06,-1.7484029134484658e-06,-1.0331471761437783e-06,0.3176470588235294,1.4607593692670374e-05,True,5.519390106201172e-05,0.7743751631638346
dinov2_base_top4,p1_22274,sitting,sitting,True,Q3,0.3705072813533781,0.8244050466493389,0.7370057397959183,1.1185870097533053,True,0.9999962945779165,0.999963249762853,0.9999965767065686,2.8212865210708316e-07,0.9999974642991615,0.9999975363413492,7.204218777090432e-08,True,3.2186508178710938e-06,-2.781550090258378e-07,3.4968058268969315e-06,0.3568415359653867,5.555256874353579e-09,True,3.973642981325298e-08,1.0
dinov2_base_top4,p1_22293,walking,standing,False,Q4,0.4778466483011938,0.7930857714894098,0.7678571428571429,1.0328558884513244,False,0.71603022525087,0.46982515218357246,0.3749181151390075,-0.3411121101118625,0.855855695820502,0.85609898964564,0.00024329382513799125,True,0.33687924345334364,0.44502783815066016,-0.10814859469731652,0.3023255813953488,0.06813972296758856,True,0.33511601885159803,0.9271520146520144
dinov2_base_top4,p1_22450,sitting,sitting,True,Q1,0.1473825129961576,0.9262497679356818,0.6890146683673469,1.3443106663178517,True,0.9976491242647172,0.9992004861434302,0.9992479304472607,0.0015988061825434885,0.9987305899143339,0.9987259109814962,4.678932837731686e-06,True,0.0003775755564372485,-0.0008410016695657996,0.001218577226003048,0.45134791160476684,0.00036679259135585703,True,0.000705420970916748,0.9372710622710622
dinov2_base_top4,p1_22625,walking,walking,True,Q4,0.7039631564088086,0.8742110983677445,0.8348214285714286,1.047183347777405,True,0.9987839818000793,0.9999939699967703,0.9998443563779195,0.0010603745778401397,0.9999965339092283,0.9999965031941732,3.071505505491956e-08,True,1.6291936238976845e-06,8.861223856682088e-06,-7.232030232784403e-06,0.19786096256684493,1.908750951600917e-07,True,2.6623408000414628e-06,0.9464285714285713
dinov2_base_top4,p1_22668,walking,walking,True,Q3,0.3879264845591771,0.9990347450346824,0.7589285714285714,1.316375193457464,True,0.9996582210063935,0.9998774041732152,0.9999761203924815,0.0003178993860880608,0.9999974285014974,0.9999974568684896,2.836699219965766e-08,True,6.115436553955078e-05,1.5894571947505653e-07,6.0995419820075725e-05,0.3176470588235294,4.967376527452213e-08,True,0.0,0.9689854089463346
dinov2_base_top4,p1_22983,running,running,True,Q1,0.0234293850588798,0.9832014381644095,0.7589285714285714,1.2955124832283984,True,0.999992686510086,0.9999980489412943,0.9999991257985432,6.439288457227299e-06,0.999999095104499,0.9999990860621134,9.042385618052151e-09,True,-4.37100728389872e-07,5.5233637491491905e-06,-5.9604644775390625e-06,0.3176470588235294,2.499144929038791e-07,True,1.8278757730749717e-06,0.9986610028626837
dinov2_base_top4,p1_23124,walking,walking,True,Q3,0.4279835390946502,0.9539940116945583,0.7678571428571429,1.2424108059277967,True,0.9085752964019777,0.9231111947447063,0.8408790799478689,-0.06769621645410873,0.9999983777048248,0.9999983708063761,6.898448701164739e-09,True,1.5894571936403423e-07,2.6226043701171875e-06,-2.4636586507531533e-06,0.3023255813953488,1.5666076504779378e-07,True,1.0728836059570312e-06,0.9412545787545787
dinov2_base_top4,p1_23163,sitting,sitting,True,Q1,0.0537737941015137,0.7161928441637831,0.5998883928571429,1.1938768155734878,True,0.9991415103276571,0.99904263317585,0.9999896248181661,0.0008481144905090332,0.9999925359831224,0.9999926090240479,7.304092541904339e-08,True,-5.642573038699972e-06,-4.4902165731164345e-06,-1.1523564655835372e-06,0.6669767441860465,0.00012009832860262099,True,0.00038444995880126953,0.98089492789082
dinov2_base_top4,p1_23244,sitting,sitting,True,Q2,0.1779078571844603,0.8967712134945314,0.7589285714285714,1.1816279518986768,True,0.9999986986319224,0.9999540567398072,0.9999951342741649,-3.564357757501746e-06,0.9999986445543969,0.9999986489613851,4.406988218796926e-09,True,1.3113021850585938e-06,3.9736429924275285e-08,1.2715657551343185e-06,0.3176470588235294,2.001534644549494e-07,True,1.867612202999247e-06,0.9981464318813714
dinov2_base_top4,p1_23254,running,running,True,Q2,0.280231067722508,0.9216772764739425,0.7589285714285714,1.2144453525303713,True,0.9974458475907644,0.9999313433965047,0.9996371189753215,0.002191271384557103,0.9999930908988631,0.9999930461247762,4.4774086882526376e-08,True,8.265177408928182e-06,1.8874804178947713e-05,-1.0609626770019531e-05,0.3176470588235294,5.316369772556032e-08,True,1.6291936237866622e-06,0.9766941391941392
dinov2_base_top4,p1_23338,standing,standing,True,Q3,0.3817093239032246,0.9406731970011488,0.7589285714285714,1.2394752713426902,True,0.8123084443931778,0.9896768848101298,0.7318188349405925,-0.08048960945258532,0.9997823221265505,0.9997821052869161,2.1683963435936704e-07,True,0.0016614596048991626,-8.567174275708744e-05,0.00174713134765625,0.3176470588235294,0.00043841361649783674,True,0.0018681685129802172,0.9833791208791208
dinov2_base_top4,p1_23576,running,running,True,Q1,0.1299789627414503,0.7943989607180261,0.7589285714285714,1.0467374541225756,True,0.9856036653121313,0.9963775227467218,0.9423081636428834,-0.04329550166924789,0.9998574152138654,0.9998578031857809,3.879719154831207e-07,True,0.0005619128545125696,2.131859461473873e-05,0.0005405942598978308,0.3176470588235294,4.043696304223925e-06,True,5.990266799926758e-05,0.7987179487179485
dinov2_base_top4,p1_23738,sitting,sitting,True,Q2,0.1557684394758651,0.9965800441978673,0.6924426020408163,1.4392240472505236,True,0.9906040688355763,0.9978739798069001,0.9957642157872517,0.005160146951675437,0.9999979827107173,0.9999979734420776,9.268639633575049e-09,True,-7.947285970422158e-07,-8.344650268554688e-07,3.973642981325298e-08,0.4441630209532581,6.576054683655327e-08,True,7.947285970422158e-07,0.8457500404804986
dinov2_base_top4,p1_23875,walking,walking,True,Q2,0.1668183196845617,0.8520511525130643,0.7678571428571429,1.1096480125751533,True,0.29000841714441783,0.48577874102629726,0.582390263521423,0.29238184637700515,0.5425664595819827,0.5427150477965673,0.0001485882145846329,True,0.27037057032187783,0.016296257575353024,0.2540743127465248,0.3023255813953488,0.19249577855875827,True,0.4571885714928309,0.9836996336996336
dinov2_base_top4,p1_23900,standing,standing,True,Q4,0.490968283973955,0.7589285714285714,0.7589285714285714,1.0,False,0.999999080101649,0.999997971455256,0.9999990781148274,-1.9868215961338365e-09,0.99999955772426,0.9999995628992716,5.175011641433969e-09,True,3.1789143872806847e-07,7.947285962650597e-08,2.384185791015625e-07,0.3176470588235294,2.3483688698382278e-08,True,2.384185791015625e-07,1.0
dinov2_base_top4,p1_23979,walking,walking,True,Q2,0.2804902974136169,0.8287024604680722,0.7589285714285714,1.0919373596755775,True,0.9941898465156556,0.9704256465037664,0.9890030135711033,-0.005186832944552244,0.9139807153162844,0.9141486287117004,0.00016791339541599726,True,-0.08330247799555457,-0.048212309678395626,-0.03509016831715894,0.3176470588235294,0.023020604991080277,True,0.0811569094657898,0.9869505494505493
dinov2_base_top4,p1_23987,standing,walking,False,Q2,0.1511388371780881,0.7917545168935514,0.7589285714285714,1.0432530104950324,True,0.7799220408002536,0.9473875671625136,0.9883679399887721,0.20844589918851852,0.9983435453401744,0.9983411629994711,2.3823407033773947e-06,True,0.002655208110809326,-0.0015009045600891113,0.0041561126708984375,0.3176470588235294,0.015345332401339042,True,0.05067265033721924,0.9223901098901098
dinov2_base_top4,p1_24059,standing,standing,True,Q2,0.2504673876959097,0.5371759952709665,0.7589285714285714,0.7078083702393911,False,0.8709601253271103,0.8989923937867085,0.7409586876630783,-0.13000143766403205,0.7871369384169956,0.7858231067657471,0.0013138316512485426,True,0.4476019541422526,0.1310484608014425,0.3165534933408101,0.3176470588235294,0.0800160909843391,True,0.2140040795008341,0.8935439560439559
dinov2_base_top4,p1_24150,running,running,True,Q3,0.2987177680710159,0.861761793636012,0.7678571428571429,1.122294428921318,True,0.7961081549525261,0.9933663586775461,0.9722822586695354,0.17617410371700937,0.9999947021027369,0.9999947547912598,5.268852287798609e-08,True,5.924701690673828e-05,3.973642981325298e-08,5.920728047692503e-05,0.3023255813953488,1.4758727679379813e-06,True,5.0465265909460655e-06,0.912591575091575
dinov2_base_top4,p1_24848,running,running,True,Q2,0.2325548825321242,0.9793236557635917,0.704719387755102,1.3896646988572958,True,0.9945562154054641,0.9999099155267078,0.9991626580556234,0.004606442650159304,0.9999397839101322,0.9999396800994873,1.0381064485809333e-07,True,-3.314018249511719e-05,7.202227910363401e-05,-0.0001051624615987512,0.41900452488687784,1.3070249608831524e-05,True,0.00010691086451208864,0.991620879120879
dinov2_base_top4,p1_24939,running,running,True,Q3,0.3699229424942236,0.7596739184383698,0.7678571428571429,0.9893427775011328,True,0.910698519150416,0.9994062840938567,0.9827828745047251,0.07208435535430913,0.9999979997701295,0.9999979734420776,2.632805184976661e-08,True,2.8252601623535156e-05,2.5828679403039345e-06,2.5669733683231222e-05,0.3023255813953488,6.908707872520402e-09,True,3.1789143883909077e-07,0.8142399267399267
dinov2_base_top4,p1_25121,walking,walking,True,Q4,0.4685434592842,0.835056421074961,0.7678571428571429,1.0875153390743677,True,0.995097890496254,0.9999403476715087,0.999973221619924,0.004875331123670001,0.9999964739932491,0.9999965031941732,2.9200924123173877e-08,True,-1.470247904422628e-06,7.76052474975586e-05,-7.907549540198122e-05,0.3023255813953488,4.0876577664613024e-07,True,2.5828679401929122e-06,0.9284340659340657
dinov2_base_top4,p1_25152,standing,standing,True,Q4,0.500828664799253,0.9588408696501378,0.7589285714285714,1.2634138517742992,True,0.9999235192934672,0.9999877393245699,0.999973996480306,5.047718683881541e-05,0.9999992433235328,0.9999992450078329,1.6843000327781965e-09,True,4.4902165731164345e-06,0.0,4.4902165731164345e-06,0.3176470588235294,3.3811247165881814e-08,True,1.5894571936403423e-07,0.9849358974358972
dinov2_base_top4,p1_25609,standing,standing,True,Q1,0.0695794286906479,0.7374148259873093,0.7589285714285714,0.971652476595043,True,0.9995833685000737,0.9998118917147318,0.9997414320707321,0.0001580635706583955,0.9998698741020392,0.9998700022697449,1.2816770567081193e-07,True,-6.97175661722449e-05,-7.09096590677527e-05,1.1920928955078125e-06,0.3176470588235294,0.0012781939121332046,True,0.004138747851053837,0.9690934065934064
dinov2_base_top4,p1_25776,standing,standing,True,Q3,0.3395014180175764,0.9083481204876306,0.7589285714285714,1.1968822293484074,True,0.9983095993598302,0.9997737387816111,0.9990365236997605,0.0007269243399302683,0.9999362945933069,0.9999363819758097,8.738250278916837e-08,True,0.00017557541529333864,-2.5153160095214844e-05,0.0002007285753885535,0.3176470588235294,3.763739076680518e-06,True,3.643830617272581e-05,0.9794871794871794
dinov2_base_top4,p1_26077,running,running,True,Q3,0.362337131171487,0.7753017770846851,0.7644292091836735,1.0142231193816131,True,0.9859234144290288,0.8934246117870013,0.9789045244455339,-0.007018889983494869,0.9950879643899917,0.9949802756309509,0.00010768875904076936,True,-0.004143615563710568,0.0011800527572631836,-0.005323668320973751,0.3081656064240275,0.0014195325421587864,True,0.004555344581604004,0.9623168498168497
dinov2_base_top4,p1_26143,standing,standing,True,Q4,0.4600147202855967,0.9584457071400521,0.7678571428571429,1.2482083627870444,True,0.9998202621936798,0.9999450385570525,0.9998698433240254,4.958113034558842e-05,0.9999988444946264,0.9999988873799642,4.2885337836473525e-08,True,-5.16573588016378e-07,3.9736429857661903e-07,-9.13937886592997e-07,0.3023255813953488,1.6055790089645945e-07,True,8.344650268554688e-07,0.9874542124542124
dinov2_base_top4,p1_26308,sitting,sitting,True,Q3,0.3116657266403459,0.8392857130374328,0.7589285714285714,1.105882351296382,True,0.999996797243754,0.999994271993637,0.9999985655148824,1.7682711284106034e-06,0.9999976504685684,0.9999976952870687,4.481850035542578e-08,True,-1.1920928955078125e-06,-7.152557373046875e-07,-4.76837158203125e-07,0.3176470588235294,6.482429046844599e-09,True,2.781550089148155e-07,1.0
dinov2_base_top4,p1_26507,running,running,True,Q1,0.0322222222222222,0.9629918678355447,0.7589285714285714,1.2688834023244824,True,0.9999571839968364,0.9999927083651224,0.9999876519044242,3.046790758776119e-05,0.9999950187981327,0.9999950726826986,5.3884565920370164e-08,True,-3.6954879760742188e-06,-3.5762786865234375e-06,-1.1920928955078125e-07,0.3176470588235294,0.00028095319591011476,True,0.0008443593978881836,0.9471001917067969
dinov2_base_top4,p1_26564,standing,standing,True,Q3,0.3769122807017543,0.8803223821525911,0.8214285714285714,1.0716968130553284,True,0.9999922176202138,0.9999504884084065,0.9999826888243357,-9.528795878122054e-06,0.9999978870729985,0.9999978939692179,6.8962193733312915e-09,True,-1.1920928955078125e-06,1.0728836059570312e-06,-2.2649765014648438e-06,0.21739130434782608,4.415304132417695e-07,True,3.5762786865234375e-06,0.5070328929469322
dinov2_base_top4,p1_26671,sitting,sitting,True,Q2,0.2082393861534965,0.7678571428571428,0.7678571428571429,0.9999999999999999,False,0.9999988337357839,0.9999946018060049,0.9999976992607116,-1.1344750723285557e-06,0.9999993971491056,0.9999994039535522,6.804446672781239e-09,True,3.5762786865234375e-07,3.9736429846559673e-07,-3.973642981325298e-08,0.3023255813953488,6.541019324121898e-07,True,3.1789143880578408e-06,1.0
dinov2_base_top4,p1_26709,sitting,sitting,True,Q3,0.4190737952686064,0.9783618400234723,0.7459741709183674,1.311522406759758,True,0.9995881686607996,0.999987643957138,0.9994261582692465,-0.00016201039155305796,0.9999983801999685,0.999998410542806,3.034283757585854e-08,True,1.5894571940844315e-06,7.152557373046875e-07,8.74201456779744e-07,0.34052898744322735,2.354662814458654e-08,True,4.76837158203125e-07,0.9930402930402931
dinov2_base_top4,p1_26760,standing,standing,True,Q3,0.4265556407219009,0.7678571428571428,0.7678571428571429,0.9999999999999999,False,0.9999978840351106,0.9999992529551189,0.9999985158443451,6.318092344859139e-07,0.9999996311856537,0.9999996423721313,1.1186477633096104e-08,True,-1.1920928955078125e-07,0.0,-1.1920928955078125e-07,0.3023255813953488,9.760937891303442e-09,True,7.947285973752827e-08,1.0
dinov2_base_top4,p1_27210,walking,walking,True,Q1,0.13230792641886,0.9443206250012535,0.7678571428571429,1.2298129069783765,True,0.9996842652559281,0.9996845722198486,0.9999422828356426,0.0002580175797144424,0.9999726843161589,0.9999726215998331,6.271632579935016e-08,True,0.00500112771987915,5.6544939676883565e-05,0.004944582780202267,0.3023255813953488,4.082746783450539e-06,True,2.129872639977659e-05,0.9886446886446886
dinov2_base_top4,p1_27288,sitting,sitting,True,Q1,0.0801092398725534,0.7678571428571428,0.7678571428571429,0.9999999999999999,False,0.9999995390574139,0.9999963343143463,0.9999991734822592,-3.655751547038122e-07,0.9999982966567739,0.9999982913335165,5.323257390443814e-09,True,2.384185791015625e-07,-9.93410746219503e-07,1.2318293253210655e-06,0.3023255813953488,1.4425631734116577e-06,True,7.19229380297115e-06,1.0
dinov2_base_top4,p1_27369,standing,standing,True,Q2,0.2525729888678849,0.7589285714285714,0.7589285714285714,1.0,False,0.9999906818072002,0.9999977231025696,0.9999982098738353,7.5280666350652226e-06,0.999997472072612,0.9999974966049194,2.4532307407731935e-08,True,-5.960464477539062e-07,1.7484029134484658e-06,-2.344449361202372e-06,0.3176470588235294,7.807954905353959e-08,True,7.152557373046875e-07,1.0
dinov2_base_top4,p1_27460,standing,standing,True,Q3,0.4150490845755973,0.7589285714285714,0.7589285714285714,1.0,False,0.9999923189481099,0.9999991238117218,0.999998927116394,6.608168284127913e-06,0.9999997379015207,0.9999997615814209,2.3679900151840627e-08,True,3.973642981325298e-08,1.1920928955078125e-07,-7.947285973752827e-08,0.3176470588235294,1.1870965621513685e-08,True,1.5894571936403423e-07,1.0
dinov2_base_top4,p1_27472,walking,walking,True,Q2,0.2607770276164058,0.7403266027567644,0.7027264030612245,1.0535061718639651,True,0.4279122459896219,0.7242178056078653,0.8003669147069256,0.37245466871730365,0.9987153201543388,0.9987092812856039,6.0388687349588466e-06,True,0.0008304516474406665,0.007272819677988762,-0.006442368030548096,0.42302892796369823,6.723945859339187e-06,True,0.00019890069961547852,0.981043956043956
dinov2_base_top4,p1_27478,sitting,sitting,True,Q4,0.7861442709927559,0.9687499999999999,0.96875,0.9999999999999999,True,0.9999991754690807,0.9999979734420776,0.9999991734822591,-1.9868215961338365e-09,0.9999998989322215,0.9999998807907104,1.8141511071156913e-08,True,3.973642981325298e-08,0.0,3.973642981325298e-08,0.03225806451612903,0.0,True,0.0,1.0
dinov2_base_top4,p1_27507,walking,walking,True,Q1,0.0982162544825745,0.8639900097215409,0.7678571428571429,1.1251962917303788,True,0.9932506044705709,0.9981396188338598,0.99986212849617,0.006611524025599058,0.9999454438036645,0.9999453624089559,8.139470852874808e-08,True,5.819400151574339e-05,5.324681599971903e-06,5.2869319915771484e-05,0.3023255813953488,1.4811130666638365e-05,True,5.221366882324219e-05,0.9652472527472526
dinov2_base_top4,p1_27614,running,running,True,Q1,0.0385487660546982,0.7887758863152188,0.7589285714285714,1.0393282266741706,True,0.6397054927423595,0.95574269592762,0.977664104104042,0.3379586113616825,0.999969303307868,0.9999692440032959,5.93045721419827e-08,True,0.00011899073918664183,2.0384788513183594e-05,9.860595067345823e-05,0.3176470588235294,4.6551986298653713e-08,True,1.0331471761437783e-06,0.8683150183150183
dinov2_base_top4,p1_27620,sitting,sitting,True,Q3,0.3587670009977419,0.7678571428571428,0.7678571428571429,0.9999999999999999,False,0.9999911367893219,0.9997905532519022,0.9999432067076365,-4.793008168546553e-05,0.9999993155919716,0.9999993244806925,8.88872087045911e-09,True,-3.5762786865234375e-07,3.973642981325298e-08,-3.9736429846559673e-07,0.3023255813953488,5.3605750581934574e-08,True,4.37100728389872e-07,1.0
dinov2_base_top4,p1_27672,standing,standing,True,Q3,0.3496901368999685,0.9888284538800833,0.7589285714285714,1.3029269039361098,True,0.9998498221238454,0.9999447504679362,0.9999410231908162,9.120106697080299e-05,0.9999910044448519,0.999990979830424,2.46144279403282e-08,True,-5.523363749260213e-06,2.0265579223632812e-06,-7.549921671623494e-06,0.3176470588235294,8.056965934134006e-07,True,5.682309468624247e-06,0.948891376449393
dinov2_base_top4,p1_27731,sitting,sitting,True,Q3,0.423216910478057,0.8452380970718528,0.7678571428571429,1.100775196186599,True,0.9999924043814341,0.9999621669451395,0.9999789456526439,-1.345872879021659e-05,0.9999977276239255,0.9999977350234985,7.399573065391962e-09,True,1.1523564656945595e-06,5.563100179406533e-07,5.960464477539062e-07,0.3023255813953488,2.407963507851577e-07,True,1.6689300537109375e-06,1.0
dinov2_base_top4,p1_27807,sitting,sitting,True,Q2,0.1849359949451218,0.7521524234693877,0.7521524234693877,1.0,False,0.9999976356824238,0.9986617177724839,0.9999868790308634,-1.0756651560472896e-05,0.999998532051032,0.9999985297520956,2.2989363746006575e-09,True,-2.384185791015625e-07,-4.76837158203125e-07,2.384185791015625e-07,0.3295177530471648,2.56489013775278e-07,True,2.2252400716515908e-06,1.0
dinov2_base_top4,p1_27859,running,running,True,Q4,0.5751410577575914,0.9298850606757179,0.8457429846938775,1.0994889434551989,True,0.7535847614208857,0.98139186501503,0.8769675274689992,0.12338276604811349,0.9998784539712424,0.9998782475789388,2.0639230358110439e-07,True,0.0009079376856486743,0.00022149085998535156,0.0006864468256633227,0.18239230841738147,0.0006356014728097423,True,0.0022163788477580493,0.9839743589743588
dinov2_base_top4,p1_27888,running,running,True,Q3,0.4291600744127823,0.8324307654680461,0.791015625,1.0523569183200978,True,0.9979446570078533,0.9995680838823318,0.9995049397150676,0.001560282707214311,0.9999188341083526,0.9999189376831055,1.0357475288547136e-07,True,-7.56978988647461e-05,5.086263020870341e-06,-8.078416188561643e-05,0.2641975308641975,0.00021039054320875358,True,0.0008507172266641883,0.8084249084249084
dinov2_base_top4,p1_28031,sitting,sitting,True,Q1,0.0401121262945543,0.7975182814198449,0.6958705357142857,1.1460727829225037,True,0.9999927441279093,0.9999937514464061,0.9999960005283355,3.256400426199235e-06,0.9999891379235741,0.9999891519546509,1.4031076744913662e-08,True,-7.748603820800781e-06,-7.510185241699219e-06,-2.384185791015625e-07,0.4370489174017642,1.6684032234584832e-05,True,6.266434987389768e-05,0.42374573928977843
dinov2_base_top4,p1_28065,running,running,True,Q1,0.0781135114316725,0.8434178075219523,0.7589285714285714,1.1113269934406902,True,0.9999349832534788,0.9988204727570216,0.9998982042074204,-3.677904605847715e-05,0.9995248196453953,0.9995255470275879,7.273821925890545e-07,True,-0.0003880659739176062,0.00037248929341637815,-0.0007605552673339844,0.3176470588235294,9.995589625089867e-05,True,0.00042426586151123047,0.9593406593406594
dinov2_base_top4,p1_28180,sitting,sitting,True,Q2,0.2708238507055075,0.8760260362722334,0.6924426020408163,1.265124406976617,True,0.9259751429160435,0.990253762404124,0.9999507129192353,0.07397557000319177,0.9999972831313803,0.9999972979227701,1.4791389890689288e-08,True,1.9868214917728722e-07,1.0728836059570312e-06,-8.74201456779744e-07,0.4441630209532581,6.054285990103872e-08,True,1.2715657551343185e-06,0.9622271834769537
dinov2_base_top4,p1_28221,walking,walking,True,Q3,0.3981240981240981,0.9439177405365567,0.7678571428571429,1.2292882202336552,True,0.8113374690214793,0.9688165724277495,0.985821940501531,0.17448447148005175,0.9999823858598689,0.9999823570251465,2.8834722387571787e-08,True,0.0068581302960714075,2.344449361202372e-06,0.006855785846710205,0.3023255813953488,9.620660645219777e-07,True,9.417533874511719e-06,0.9269688644688644
dinov2_base_top4,p1_28820,sitting,sitting,True,Q4,0.6403312208956269,0.8392857142857141,0.8392857142857143,0.9999999999999998,False,0.9999971985816953,0.9999889353911081,0.9999985575675965,1.3589859011453598e-06,0.999998038319435,0.9999980131785074,2.5140927562006254e-08,True,-3.1789143883909077e-07,7.152557373046875e-07,-1.0331471761437783e-06,0.19148936170212766,3.15788606777295e-08,True,6.755193074914345e-07,1.0
dinov2_base_top4,p1_28940,standing,standing,True,Q2,0.2150251508467257,0.8664757452072114,0.7678571428571429,1.1284335286419496,True,0.9999750872453055,0.9999716858069103,0.9999757091204325,6.218751270603562e-07,0.9999726253211877,0.9999726613362631,3.601507536643567e-08,True,-1.8517176310184347e-05,-1.6570091247558594e-05,-1.947085062625753e-06,0.3023255813953488,2.061171670936332e-06,True,1.6927719116210938e-05,0.97760989010989
dinov2_base_top4,p1_29225,running,running,True,Q4,0.5942974044239867,0.9613095230356521,0.9419642857142857,1.0205371239809766,True,0.9999974211057028,0.9999973078568776,0.9999941567579906,-3.2643477121396813e-06,0.9999993384539883,0.9999993642171224,2.5763134181566727e-08,True,1.5099843343469033e-06,6.357828776781815e-07,8.742014566687217e-07,0.061611374407582936,0.0,True,0.0,0.0
dinov2_base_top4,p1_29288,running,running,True,Q1,0.0820149948202904,0.8006212816415444,0.7589285714285714,1.0549362769865056,False,0.8710548321406046,0.9998096843560537,0.9729009687900544,0.10184613664944975,0.9999674400708641,0.9999677340189616,2.939480974184505e-07,True,4.363059997558594e-05,2.6226043701171875e-06,4.100799560546875e-05,0.3176470588235294,4.321470415868285e-06,True,4.2180220286014425e-05,0.9852564102564101
dinov2_base_top4,p1_30030,standing,standing,True,Q3,0.3654692296021381,0.7589285714285714,0.7589285714285714,1.0,False,0.9999947488307953,0.9999989132086436,0.9999987721443175,4.023313522227845e-06,0.9999980238986076,0.9999980131785074,1.0720100140915179e-08,True,-1.351038614982869e-06,-4.37100728389872e-07,-9.13937886592997e-07,0.3176470588235294,1.7854005799451806e-07,True,6.357828776781815e-07,1.0
dinov2_base_top4,p1_30045,sitting,sitting,True,Q4,0.461920213781256,0.8594968801837658,0.7653459821428571,1.1230174329488214,True,0.9999530553817748,0.9999980906645457,0.9999949057896932,4.185040791837569e-05,0.9999971746512524,0.9999971787134806,4.0622282204694216e-09,True,1.470247904422628e-06,1.1523564655835372e-06,3.1789143883909077e-07,0.3065986146554867,5.7723031924509175e-06,True,2.447764078772341e-05,0.985668498168498
dinov2_base_top4,p1_30059,sitting,sitting,True,Q1,0.1457829858998209,0.9921730125879661,0.7589285714285714,1.3073338518806141,True,0.9995472540458042,0.9999881108601888,0.9998756309350332,0.0003283768892289318,0.9999882358995366,0.9999882777531942,4.185365765074778e-08,True,3.3775965373461503e-06,-3.2981236774975997e-06,6.67572021484375e-06,0.3176470588235294,8.053039117369704e-07,True,7.152557373046875e-07,0.994459706959707
dinov2_base_top4,p1_30271,running,running,True,Q2,0.1521188567160346,0.9211628451228946,0.7589285714285714,1.2137675135736965,True,0.9998936285575231,0.9998401612043382,0.9999005009730659,6.872415542868993e-06,0.9998626332543193,0.9998622536659241,3.7958839527174604e-07,True,-0.0001325408617655066,1.5815099080440653e-05,-0.00014835596084594727,0.3176470588235294,0.002069959121168625,True,0.0066567063331604,0.9657051282051281
dinov2_base_top4,p1_31007,sitting,sitting,True,Q4,0.5510019490447347,0.9565263604535942,0.8695790816326531,1.099987776451218,True,0.9999977191289268,0.9999914228916168,0.9999979376792908,2.1855036402840256e-07,0.9999954370420827,0.9999954303105673,6.731515456159798e-09,True,-1.7086664835241905e-06,5.165735881274003e-07,-2.2252400716515908e-06,0.14998166483314998,2.6730151867492843e-08,True,9.139378864819747e-07,1.0
dinov2_base_top4,p1_31024,running,running,True,Q2,0.2163388451013869,0.7676581607858612,0.7589285714285714,1.0115025177413701,True,0.9517221987247467,0.9987767706314723,0.9977778812249501,0.04605568250020342,0.9999712027408094,0.9999711513519287,5.1388880706326745e-08,True,-3.4570693969726562e-06,1.2795130411746847e-05,-1.6252199808719503e-05,0.3176470588235294,1.0986878721027004e-06,True,1.8159548441532003e-05,0.8534798534798534
dinov2_base_top4,p1_31164,sitting,sitting,True,Q4,0.7424242424242424,0.9578173715301347,0.8928571428571429,1.072755456113751,True,0.9999933282534281,0.9999899307886759,0.9999930640061696,-2.6424725851903474e-07,0.9999935874817848,0.9999936024347941,1.4953009275231466e-08,True,6.834665934207784e-06,-3.5365422567101845e-06,1.0371208190917969e-05,0.12,0.0,True,0.0,0.9480616548486349
dinov2_base_top4,p1_31455,sitting,sitting,True,Q3,0.3554878048780487,0.7198660714285714,0.7198660714285714,1.0,False,0.999998394648234,0.8958347529172899,0.9999976595242818,-7.351239522668251e-07,0.9999987610796716,0.9999987681706747,7.091003118020467e-09,True,5.165735880607869e-06,-1.9868214917728722e-07,5.364418029785156e-06,0.3891472868217054,6.126812288500392e-08,True,6.357828775671592e-07,1.0
dinov2_base_top4,p1_31598,walking,walking,True,Q4,0.4911464767579875,0.9634435749461006,0.7678571428571429,1.2547172138832936,True,0.9998982588450115,0.9999423841635385,0.9999896009763083,9.134213129680102e-05,0.9999995559373653,0.9999996026357015,4.6698336197970036e-08,True,-1.5894571936403423e-07,0.0,-1.5894571936403423e-07,0.3023255813953488,1.4069260481470073e-09,True,3.973642981325298e-08,0.9746336996336994
dinov2_base_top4,p1_31776,running,running,True,Q4,0.7719383854649555,0.9999999999999998,1.0,0.9999999999999998,True,0.9999987304210662,0.9999991138776143,0.9999991257985434,3.953774772025298e-07,0.9999983015157187,0.9999982913335165,1.0182202192510204e-08,False,,,,,0.0,True,0.0,1.0
dinov2_base_top4,p1_31780,sitting,sitting,True,Q2,0.2474878330590665,0.7155612244897958,0.7155612244897959,0.9999999999999999,False,0.9999987741311391,0.9999138961235682,0.9999987622102101,-1.1920929021691506e-08,0.9999990664700401,0.9999990463256836,2.0144356516205164e-08,True,-2.384185791015625e-07,-2.781550089148155e-07,3.973642981325298e-08,0.39750445632798576,6.353190668713433e-08,True,6.357828775671592e-07,1.0
dinov2_base_top4,p1_31884,walking,walking,True,Q4,0.4404142434445465,0.9208342853424313,0.7678571428571429,1.1992260460273523,True,0.9998022357622782,0.9999565005302428,0.99988694190979,8.470614751177052e-05,0.9999988308231234,0.9999988476435343,1.6820410952966824e-08,True,2.781550089148155e-07,7.549921671179405e-07,-4.76837158203125e-07,0.3023255813953488,4.9047358422940264e-08,True,2.781550090258378e-07,0.98264652014652
dinov2_base_top4,p1_31899,standing,standing,True,Q4,0.4751290922683728,0.8421984868323324,0.7678571428571429,1.0968166340142003,True,0.9999707917372385,0.999987949927648,0.9999083876609801,-6.240407625834887e-05,0.9999986609494494,0.9999986489613851,1.1988064319012892e-08,True,1.1920928955078125e-06,1.390775044796122e-06,-1.9868214928830952e-07,0.3023255813953488,4.636925443049362e-09,True,1.9868214917728722e-07,0.9891023146134298
dinov2_base_top4,p1_32133,running,running,True,Q3,0.3827071881236651,0.8234434096349339,0.7589285714285714,1.0850077868130894,True,0.9877676407496134,0.9655981371800104,0.9936401317516962,0.005872491002082758,0.9647934412660498,0.9647764364878336,1.7004778216200833e-05,True,-0.034783124923706055,-0.01485143105189013,-0.019931693871815925,0.3176470588235294,0.0005284931786240206,True,0.011003971099853516,0.9924450549450549
dinov2_base_top4,p1_32222,standing,standing,True,Q4,0.4774704290325758,0.8939029539970301,0.7678571428571429,1.164152684275202,True,0.9997825473546981,0.9995219260454178,0.9879244089126588,-0.011858138442039312,0.9999141983790447,0.9999144077301025,2.0935105782271535e-07,True,0.0009629130363464355,-3.818670908606325e-05,0.0010010997454324988,0.3023255813953488,4.641313217752987e-06,True,4.204114278161253e-05,0.9734890109890109
dinov2_base_top4,p1_32524,sitting,sitting,True,Q2,0.1870732817478379,1.0,0.7589285714285714,1.3176470588235294,True,0.9996482412020364,0.9985832214355469,0.9999332944552104,0.00028505325317396135,0.9999920271175881,0.9999920129776001,1.4139987958294853e-08,True,-2.1855036417273155e-06,-3.5762786865234375e-06,1.390775044796122e-06,0.3176470588235294,5.1080480555903426e-05,True,0.00017956892649328982,0.8031712473572938
dinov2_base_top4,p1_32723,running,running,True,Q2,0.2641800531607535,0.9647899279701698,0.7678571428571429,1.2564706038681281,True,0.9997068782647451,0.9999405572811761,0.9999403496583301,0.00023347139358498303,0.999968919148691,0.999968687693278,2.314554130578017e-07,True,5.91278076171875e-05,9.5367431640625e-06,4.9591064453125e-05,0.3023255813953488,7.0800900536359096e-06,True,2.86102294921875e-05,0.9520146520146519
dinov2_base_top4,p1_32774,sitting,sitting,True,Q3,0.3777178670214628,0.9707434925155347,0.7345145089285714,1.3216124129822133,True,0.9998179117838542,0.9999623417854309,0.9999261399110158,0.00010822812716160257,0.9999987227990093,0.9999986886978149,3.410119431279668e-08,True,4.37100728389872e-07,2.781550089148155e-07,1.5894571947505653e-07,0.36144349477682813,3.349534471006262e-08,True,5.563100179406533e-07,0.9870553756624153
dinov2_base_top4,p1_32872,running,running,True,Q4,0.6614455364455365,0.8928571428571428,0.8928571428571429,0.9999999999999999,True,0.9999994973341625,0.9999996781349183,0.9999998807907104,3.834565479587937e-07,0.9999998605802479,0.9999998410542806,1.9525967287492563e-08,True,1.5894571947505653e-07,1.5894571947505653e-07,0.0,0.12,0.0,True,0.0,1.0
dinov2_base_top4,p1_33044,sitting,sitting,True,Q1,0.0764679107874374,0.7423656839343669,0.6136001275510204,1.2098525580450432,True,0.9999954720338186,0.9999961455663045,0.9999971807003022,1.7086664836352128e-06,0.9999998094427807,0.9999998013178507,8.124929951058846e-09,True,7.947285962650597e-08,1.1920928955078125e-07,-3.9736429924275285e-08,0.6297258672209952,3.5692588220727854e-07,True,1.430511474609375e-06,0.8991455343830365
dinov2_base_top4,p1_33151,sitting,sitting,True,Q1,0.0398170567662093,0.5494274510107485,0.7148836096938775,0.7685551096157044,False,0.999990036090215,0.9999811053276062,0.999996656179428,6.6200892130385824e-06,0.9999964198799008,0.9999963839848837,3.589501718082033e-08,True,-1.3113021850585938e-06,-3.0597050983960372e-06,1.7484029133374435e-06,0.39882910510175634,2.03640026649661e-06,True,1.1205673217773438e-05,0.6425054989528246
dinov2_base_top4,p1_33322,running,running,True,Q4,0.4624613134714145,0.8900131348132673,0.7678571428571429,1.1590868732451851,True,0.998390491803487,0.9996579507986706,0.9993657708168029,0.000975279013315844,0.9999960267877919,0.9999960660934448,3.930565295462429e-08,True,-1.5497207641601562e-06,-9.93410746219503e-07,-5.563100179406533e-07,0.3023255813953488,2.6003806066159297e-07,True,7.947285973752827e-08,0.9594780219780218
dinov2_base_top4,p1_33505,running,running,True,Q2,0.2796354722557793,0.9333794267629,0.7678571428571429,1.215563904621451,True,0.9973711709181468,0.9999231368303299,0.9978000462055205,0.00042887528737378666,0.9999534435266036,0.9999532302220663,2.1330453736645438e-07,True,0.0006038546562194824,6.993611653682841e-06,0.0005968610445657996,0.3023255813953488,6.389462317195651e-07,True,1.6768773396846903e-05,0.9707875457875457
dinov2_base_top4,p1_33596,walking,walking,True,Q2,0.2911352583069754,0.8171755243925056,0.7678571428571429,1.064228589906519,True,0.6561864943554004,0.854380347703894,0.7082240457336108,0.05203755137821031,0.999425140053818,0.9994247555732727,3.8448054529016673e-07,True,0.004292428493499756,0.0002638101577758789,0.004028618335723877,0.3023255813953488,1.0540697241268782e-05,True,0.00021817286809289183,0.9478937728937729
dinov2_base_top4,p1_33694,walking,walking,True,Q3,0.4208754208754209,0.9271469479656618,0.7678571428571429,1.2074471880483035,True,0.9978676040967305,0.9978295346101125,0.9995540698369343,0.001686465740203813,0.9999922427188744,0.9999922513961792,8.677304763615723e-09,True,3.218650817871094e-05,1.219908396399294e-05,1.9987424214717997e-05,0.3023255813953488,1.1085061277096524e-06,True,5.801518758175028e-06,0.962087912087912
dinov2_base_top4,p1_34017,running,running,True,Q3,0.3489192843221603,0.9652445638016064,0.7723214285714286,1.2497964294309816,True,0.9999013344446819,0.9999770482381185,0.9999827524026235,8.141795794158746e-05,0.9999934933806267,0.9999934832255045,1.0155122187605059e-08,True,1.800060272216797e-05,9.0201695759351e-06,8.980433146232869e-06,0.2947976878612717,5.278914830324196e-07,True,4.251797994014872e-06,0.9957875457875456
dinov2_base_top4,p1_34029,running,running,True,Q2,0.2780255446330585,0.7589285714285714,0.7589285714285714,1.0,False,0.9999997774759927,0.9999991059303284,0.999999882777532,1.0530153937704512e-07,0.9999997685486027,0.9999998013178507,3.276924798178982e-08,True,1.1920928955078125e-07,0.0,1.1920928955078125e-07,0.3176470588235294,8.100667282413802e-09,True,3.9736429924275285e-08,1.0
dinov2_base_top4,p1_34353,running,running,True,Q3,0.341860977374996,0.7678571428571428,0.7678571428571429,0.9999999999999999,False,0.9999991933504739,0.9999995470046997,0.999996546904246,-2.646446227938526e-06,0.9999996452611909,0.9999996423721313,2.8890595471509073e-09,True,3.973642981325298e-08,2.781550089148155e-07,-2.384185791015625e-07,0.3023255813953488,2.4004705664786176e-09,True,7.947285973752827e-08,1.0
dinov2_base_top4,p1_34386,running,running,True,Q3,0.3433312767022503,0.7679309597558812,0.7269810267857143,1.0563287506294678,True,0.9785922855138778,0.99761922955513,0.9974094758431118,0.018817190329234013,0.9985466208891074,0.9985522429148356,5.622025728180269e-06,True,-0.0012344717979431152,0.0005246202150980261,-0.0017590920130411414,0.37555171752062944,0.020873779046368533,True,0.06584336360295606,0.9650183150183149
dinov2_base_top4,p1_34430,sitting,sitting,True,Q3,0.3370563589043334,0.845238098401426,0.7678571428571429,1.1007751979181362,True,0.9999968985716501,0.9999982396761578,0.9999976694583893,7.708867392208774e-07,0.9999971362915084,0.9999971787134806,4.24219721573138e-08,True,6.357828775671592e-07,-1.5099843343469033e-06,2.1457672119140625e-06,0.3023255813953488,5.7411422922539495e-08,True,1.0331471761437783e-06,1.0
dinov2_base_top4,p1_34488,running,running,True,Q2,0.1900026843131076,0.9828419863262894,0.7644292091836735,1.285720083061526,True,0.9998084346453349,0.9999775717655819,0.9999831120173137,0.00017467737197884858,0.9999993907838537,0.9999993642171224,2.6566731259336507e-08,True,0.0001328388849894946,1.1920928955078125e-07,0.0001327196756999438,0.3081656064240275,1.6435572007506497e-08,True,1.5894571947505653e-07,0.839566977476055
dinov2_base_top4,p1_34740,running,running,True,Q4,0.6830255416114002,0.9761333237908215,0.8526785714285714,1.1447846310426388,True,0.999019064505895,0.9999775379896164,0.9998313208421071,0.0008122563362121804,0.9999601670650181,0.9999601443608602,2.2704157887076803e-08,True,1.390775044796122e-06,1.947085062670162e-05,-1.8080075581905497e-05,0.17277486910994763,3.070741642942779e-09,True,1.1920928955078125e-07,0.9742673992673992
dinov2_base_top4,p1_34954,running,running,True,Q2,0.2864005048970337,0.7589285714285714,0.7589285714285714,1.0,False,0.9999991337458294,0.9999998291333516,0.999999765555064,6.318092345969362e-07,0.9999996163573117,0.9999996026357015,1.372161018142748e-08,True,1.1920928955078125e-07,6.755193074914345e-07,-5.563100179406533e-07,0.3176470588235294,1.0640157028500755e-08,True,1.5894571936403423e-07,1.0
dinov2_base_top4,p1_35040,running,running,True,Q4,0.6206849641193075,0.9750984911949192,0.84375,1.155672285860645,True,0.9998540063699086,0.9999844779570898,0.9999791463216147,0.00012513995170604364,0.9999980268874049,0.9999980529149374,2.602753246261358e-08,True,4.0094057718986775e-05,-7.947285962650597e-08,4.017353057861328e-05,0.18518518518518517,0.0,True,0.0,0.9907967032967033
dinov2_base_top4,p1_35138,running,running,True,Q4,0.6812449204690584,0.8643841179229894,0.8482142857142857,1.0190633811302612,False,0.999965178966522,0.9999740223089852,0.9999865810076396,2.1402041117557502e-05,0.9999395744687034,0.9999396006266276,2.6157924160052914e-08,True,7.34726587930945e-05,-3.1391779582445878e-06,7.661183675133909e-05,0.17894736842105263,2.1250358173033036e-06,True,3.600120544433594e-05,0.9891483516483515
