task,candidate,classifier,C,class_weight,feature_dimensions,train_rows,validation_rows,accuracy,macro_f1,weighted_f1,balanced_accuracy,log_loss,brier_score,ece,fit_seconds,iterations,screen,converged
label_3,fusion__dinov2_base__full_frame__dinov2_base__person_context_10,standardized_multinomial_logistic,0.001,none,7680,9958,3327,0.9588217613465584,0.9584337148723924,0.95868390414474,0.9579574284729404,0.1137991382149092,0.0628815956607535,0.0184677319533443,11.261011999973562,270,official_multilayer,True
label_3,fusion__dinov2_base__full_frame__dinov2_base__person_context_10,standardized_multinomial_logistic,0.001,balanced,7680,9958,3327,0.9570183348361888,0.9568357830401416,0.9570103309366136,0.9576935438084232,0.1139266968761703,0.0635932317324748,0.0147843474989009,9.65720220003277,233,official_multilayer,True
label_3,fusion__dinov2_base__full_frame__dinov2_base__person_context_10,standardized_multinomial_logistic,0.01,none,7680,9958,3327,0.955214908325819,0.954793114626753,0.9551356087138836,0.9544754648498488,0.1189486099274274,0.0650765175781665,0.0131438094791339,9.813105100009125,238,official_multilayer,True
label_3,fusion__dinov2_base__full_frame__dinov2_base__person_context_10,standardized_multinomial_logistic,0.1,none,7680,9958,3327,0.9546137661556958,0.9542636676273512,0.9545469348509223,0.9539852687714176,0.1552420354957495,0.0726050389507232,0.0265911485563616,11.44738480000524,282,official_multilayer,True
label_3,fusion__dinov2_base__full_frame__dinov2_base__person_context_10,standardized_multinomial_logistic,0.1,balanced,7680,9958,3327,0.9543131950706342,0.9540349873518836,0.954286146424308,0.9541386134598616,0.1547073876997601,0.0727756609021175,0.0252452274058315,11.835197200009134,282,official_multilayer,True
label_3,fusion__dinov2_base__full_frame__dinov2_base__person_context_10,standardized_multinomial_logistic,0.01,balanced,7680,9958,3327,0.9543131950706342,0.9539883880000408,0.9542821063530388,0.9541386134598616,0.1186114568924566,0.0654320254426454,0.0140645690762498,11.130758500017691,281,official_multilayer,True
label_3,fusion__dinov2_base__full_frame__dinov2_base__person_context_10,standardized_multinomial_logistic,0.0001,none,7680,9958,3327,0.94980462879471,0.9488937858200384,0.9495562341952158,0.9477954052355172,0.1656394082011178,0.0843817835625808,0.0576607504138303,3.855708400020376,82,official_multilayer,True
label_3,fusion__dinov2_base__full_frame__dinov2_base__person_context_10,standardized_multinomial_logistic,0.0001,balanced,7680,9958,3327,0.9489029155395252,0.9486043296554202,0.9489786897909768,0.9498492102114888,0.1658695338210533,0.0846679777073069,0.0557660846259868,3.3487618999788538,69,official_multilayer,True
label_3,dinov2_base__full_frame,standardized_multinomial_logistic,0.001,none,3840,9958,3327,0.948301773369402,0.9477861103035716,0.9482685962546276,0.9469170164446336,0.1466790848100885,0.0800626757476314,0.0263686746170598,4.088662099966314,155,official_multilayer,True
label_3,dinov2_base__full_frame,standardized_multinomial_logistic,0.001,balanced,3840,9958,3327,0.9461977757739706,0.9458802087831292,0.9463116640313084,0.946484893647221,0.1470030955677717,0.0806797158920358,0.0244871000595207,3.954921900003683,152,official_multilayer,True
label_3,dinov2_base__full_frame,standardized_multinomial_logistic,0.01,none,3840,9958,3327,0.9452960625187856,0.9448388778561028,0.9452724779625082,0.943967982642902,0.1435142504597351,0.0814446399882531,0.0097273274154554,5.353848300001118,225,official_multilayer,True
label_3,fusion__dinov2_base__full_frame__dinov2_base__person_context_10,standardized_multinomial_logistic,0.01,balanced,1536,9958,3327,0.9437932070934776,0.9437892104802512,0.9438303990449868,0.9443448709369994,0.1475291887628887,0.082825762938873,0.0118769898382211,2.3281818999676034,124,capacity_base,True
label_3,fusion__dinov2_base__full_frame__dinov2_base__person_context_25,standardized_multinomial_logistic,0.01,balanced,1536,9958,3327,0.943492636008416,0.9434171796417768,0.9435221615453204,0.9444640894620516,0.1484171431628681,0.0841538435754092,0.0119113426357407,3.354498800006695,117,capacity_base,True
label_3,fusion__dinov2_base__full_frame__dinov2_base__person_context_10,standardized_multinomial_logistic,0.01,none,1536,9958,3327,0.943492636008416,0.9433182314845036,0.9433690177400428,0.9426824725753796,0.1467556408238614,0.0822561887895113,0.0121966513286558,2.895280299999285,132,capacity_base,True
label_3,dinov2_base__full_frame,standardized_multinomial_logistic,0.01,balanced,3840,9958,3327,0.943492636008416,0.9432488134598268,0.9436049983914252,0.9435817365208752,0.1434590199268676,0.0819819453144651,0.0135055233173632,5.1650524999713525,202,official_multilayer,True
label_3,fusion__dinov2_base__full_frame__dinov2_base__person_context_25,standardized_multinomial_logistic,0.01,none,1536,9958,3327,0.9428914938382928,0.9425407658150408,0.9428091701422386,0.9425907192246082,0.1478514606029938,0.0840481835347716,0.0102607031847329,3.0226712999865413,110,capacity_base,True
label_3,dinov2_base__full_frame,standardized_multinomial_logistic,0.1,none,3840,9958,3327,0.9407874962428614,0.9401758006953208,0.9407668539140404,0.9397052233509744,0.1970633832039913,0.0942899459884391,0.0323060294269987,6.927141299995128,292,official_multilayer,True
label_3,dinov2_base__full_frame,standardized_multinomial_logistic,0.1,balanced,3840,9958,3327,0.9389840697324916,0.938339000525252,0.9390125888008326,0.9381463998215626,0.1966722015186879,0.0946542389772752,0.0329705186530581,7.098019300028682,293,official_multilayer,True
label_3,fusion__dinov2_base__full_frame__dinov2_base__person_context_10,standardized_multinomial_logistic,0.1,balanced,1536,9958,3327,0.9380823564773068,0.9379213070732954,0.9380850683776366,0.9382279741265688,0.2428947171537198,0.1021620802614389,0.0367830739202054,4.188719299971126,201,capacity_base,True
label_3,fusion__dinov2_base__full_frame__dinov2_base__person_context_10,standardized_multinomial_logistic,0.1,none,1536,9958,3327,0.9374812143071836,0.9371294710678374,0.937413484099688,0.9368640326864976,0.2432446341929025,0.1023809867226153,0.0375105469220221,4.219229099981021,202,capacity_base,True
label_3,fusion__dinov2_base__full_frame__dinov2_small__full_frame,standardized_multinomial_logistic,0.01,none,1152,9958,3327,0.9374812143071836,0.9370228325696324,0.937493395800956,0.9364456069915038,0.163160615239853,0.0929168606714095,0.0122779596031465,1.6697072999668308,96,capacity_base,True
label_3,dinov2_base__person_context_10,standardized_multinomial_logistic,0.001,balanced,3840,9958,3327,0.937180643222122,0.936897445174985,0.937163800936636,0.9376122736581706,0.1609825400393042,0.0919267423608314,0.0147164740783893,2.793526399997063,110,official_multilayer,True
label_3,fusion__dinov2_base__full_frame__dinov2_small__full_frame,standardized_multinomial_logistic,0.01,balanced,1152,9958,3327,0.935677787796814,0.9355136754970954,0.93586945072946,0.9362699576211044,0.1638380353583828,0.0936180781122067,0.0092684620845471,1.0266928999917582,94,capacity_base,True
label_3,dinov2_base__person_context_10,standardized_multinomial_logistic,0.001,none,3840,9958,3327,0.935677787796814,0.9349521248629532,0.9353613230667076,0.9340843623902508,0.1609701169313611,0.0914164817685344,0.0142305507738374,4.1113579999655485,170,official_multilayer,True
label_3,dinov2_base__person_context_10,standardized_multinomial_logistic,0.01,balanced,3840,9958,3327,0.9344755034565676,0.9340868255978196,0.9343375546852226,0.934276547640773,0.1760660122718048,0.0989748631102333,0.019406887931702,5.3020494999946095,230,official_multilayer,True
label_3,dinov2_base__full_frame,standardized_multinomial_logistic,0.01,balanced,768,9958,3327,0.9341749323715058,0.933893679745864,0.9344214214230736,0.9347597785753392,0.1734221663187254,0.0991144226866489,0.0087990675294401,0.9692418000195177,71,capacity_base,True
label_3,fusion__dinov2_base__person_context_25__dinov2_small__person_context_25,standardized_multinomial_logistic,0.01,none,1152,9958,3327,0.9341749323715058,0.9337373142446788,0.9339748869337356,0.9330922197213942,0.170435112242806,0.0993608019151674,0.0172070545648634,1.4200866999453865,133,capacity_base,True
label_3,dinov2_base__full_frame,standardized_multinomial_logistic,0.01,none,768,9958,3327,0.9341749323715058,0.9337289271143356,0.9342743460440094,0.9332314921832228,0.1717325437485029,0.0984164076406988,0.0076397693482673,1.2258374000084586,71,capacity_base,True
label_3,dinov2_base__person_context_10,standardized_multinomial_logistic,0.01,none,3840,9958,3327,0.9338743612864444,0.9331615905341338,0.9335580563230544,0.9321270961331792,0.1769623404420287,0.0986987783750162,0.0230685453368281,5.466744200035464,234,official_multilayer,True
label_3,fusion__dinov2_base__full_frame__dinov2_base__person_context_10,standardized_multinomial_logistic,100.0,balanced,1536,9958,3327,0.9326720769461978,0.9326576086157744,0.9327270754861944,0.9324016769065434,1.1042453374637002,0.1294545044920047,0.0636292160512276,2.290812499995809,63,capacity_base,True
label_3,fusion__dinov2_base__full_frame__dinov2_base__person_context_10,standardized_multinomial_logistic,1.0,none,1536,9958,3327,0.9329726480312592,0.9326312891904932,0.9329037260570878,0.9325898980067724,0.4345257806305942,0.1195970391353925,0.0550028367880196,3.3962010000250302,163,capacity_base,True
label_3,fusion__convnext_small__full_frame__dinov2_base__full_frame,standardized_multinomial_logistic,0.01,balanced,1536,9958,3327,0.9326720769461978,0.9324786384015812,0.9329927265949074,0.9336652574163068,0.1739688027191262,0.0990158226488073,0.0117805024963486,2.410606399993412,107,capacity_base,True
label_3,fusion__dinov2_base__full_frame__dinov2_base__person_context_10,standardized_multinomial_logistic,100.0,none,1536,9958,3327,0.9323715058611362,0.9324451406147456,0.9324067905452276,0.9324212847496806,1.0737404847373635,0.1292347874954832,0.0638262392874414,2.343765199999325,71,capacity_base,True
label_3,fusion__dinov2_base__full_frame__dinov2_base__person_context_10,standardized_multinomial_logistic,1.0,balanced,1536,9958,3327,0.9326720769461978,0.9324120414502416,0.932653041259764,0.9326436320133018,0.4337453019906774,0.1192373697158296,0.0549605682777573,3.5219815999735147,154,capacity_base,True
label_3,fusion__convnext_small__full_frame__dinov2_base__full_frame,standardized_multinomial_logistic,0.01,none,1536,9958,3327,0.9329726480312592,0.9323550762592684,0.9330112769004808,0.9318071557475108,0.1739320762411533,0.098245458325761,0.0145404117802825,2.526781100023072,107,capacity_base,True
label_3,dinov2_base__person_context_25,standardized_multinomial_logistic,0.01,none,768,9958,3327,0.9326720769461978,0.9321008712661062,0.9323896369040928,0.931169454751911,0.1735503912035567,0.100940484649404,0.0126219799648429,1.543313300004229,83,capacity_base,True
label_3,dinov2_base__full_frame,standardized_multinomial_logistic,0.0001,balanced,3840,9958,3327,0.9323715058611362,0.9317598084478352,0.9325878478123678,0.932446803333536,0.2283370468067266,0.11548063644846,0.0837916916810093,2.415010299999267,82,official_multilayer,True
label_3,fusion__dinov2_base__person_context_25__dinov2_small__person_context_25,standardized_multinomial_logistic,0.01,balanced,1152,9958,3327,0.931770363691013,0.9316884061537486,0.9317785129705094,0.9324263742725633,0.1707426867516439,0.0999103269154401,0.0131363777203464,1.3921241000061857,105,capacity_base,True
label_3,fusion__convnext_small__person_context_25__dinov2_base__person_context_25,standardized_multinomial_logistic,0.01,balanced,1536,9958,3327,0.9311692215208895,0.9309977974025104,0.9311056320894604,0.9313498894904394,0.1822351140734608,0.1048803245815381,0.0186157667789023,1.813122800027486,125,capacity_base,True
label_3,dinov2_base__person_context_25,standardized_multinomial_logistic,0.01,balanced,768,9958,3327,0.930868650435828,0.9307269417759636,0.9308395284886494,0.9314036234969686,0.173606682365726,0.1012286446877029,0.0104616255106121,1.487790099985432,85,capacity_base,True
label_3,fusion__convnext_small__person_context_10__dinov2_base__person_context_10,standardized_multinomial_logistic,0.01,none,1536,9958,3327,0.931770363691013,0.9307143949803496,0.9314021655547868,0.9295831660482188,0.1952323753863043,0.106863368659962,0.0189028508598633,3.44762069999706,134,capacity_base,True
label_3,fusion__dinov2_base__full_frame__dinov2_base__person_context_25,standardized_multinomial_logistic,0.1,balanced,1536,9958,3327,0.930868650435828,0.9305148280200638,0.9308623285312174,0.9304757690046028,0.2376717306540864,0.1090208558240405,0.0423659296832597,4.207654900033958,197,capacity_base,True
label_3,dinov2_base__full_frame,standardized_multinomial_logistic,0.0001,none,3840,9958,3327,0.9314697926059512,0.9301919179461348,0.9311351340618156,0.9274623760569378,0.2279816346880625,0.1154832700152865,0.079896656958563,2.220582199981436,69,official_multilayer,True
label_3,fusion__dinov2_base__full_frame__dinov2_base__person_context_25,standardized_multinomial_logistic,0.1,none,1536,9958,3327,0.9305680793507664,0.9299833674094106,0.9304425616860365,0.9293341748281526,0.2382772237950815,0.1099111686695111,0.0427106280828835,5.046126800007187,209,capacity_base,True
label_3,fusion__convnext_small__person_context_10__dinov2_base__person_context_10,standardized_multinomial_logistic,0.01,balanced,1536,9958,3327,0.9305680793507664,0.9298385902017428,0.9304772077016916,0.9301196848956748,0.1948000790348569,0.106943216642415,0.016252210113392,2.5954751999815926,127,capacity_base,True
label_3,fusion__convnext_small__person_context_25__dinov2_base__person_context_25,standardized_multinomial_logistic,0.01,none,1536,9958,3327,0.9302675082657048,0.929810600466853,0.9300143467373824,0.9287333678042056,0.1830077863828351,0.1051496491276649,0.0181337598430855,1.6062921999837272,120,capacity_base,True
label_3,fusion__dinov2_base__person_context_10__dinov2_base__person_context_25,standardized_multinomial_logistic,0.01,balanced,1536,9958,3327,0.9299669371806432,0.92979813948484,0.9299405285801178,0.929817334793276,0.1763299487911671,0.1008112050334859,0.0184570701958765,3.569750499969814,156,capacity_base,True
label_3,fusion__dinov2_base__full_frame__dinov2_base__person_context_10,standardized_multinomial_logistic,10.0,none,1536,9958,3327,0.9299669371806432,0.9296253950333532,0.9299613249428732,0.9294985197801976,0.680833905606266,0.1274038492664157,0.0619679900996353,2.7652668000082485,126,capacity_base,True
label_3,fusion__dinov2_base__full_frame__dinov2_base__person_context_10,standardized_multinomial_logistic,10.0,balanced,1536,9958,3327,0.92936579501052,0.9290551214072288,0.9293721946352465,0.9289200884076484,0.6843736246487417,0.127637529164203,0.0613496426691135,4.9494465999887325,121,capacity_base,True
label_3,fusion__dinov2_base__person_context_10__dinov2_base__person_context_25,standardized_multinomial_logistic,0.01,none,1536,9958,3327,0.92936579501052,0.9289059625421346,0.9291429522252558,0.9275455218281728,0.1764752970074949,0.1008842788292842,0.019140908214008,2.8310945000266656,127,capacity_base,True
label_3,dinov2_base__person_context_10,standardized_multinomial_logistic,0.0001,none,3840,9958,3327,0.9302675082657048,0.9288647462764388,0.9297773827177412,0.9274498043271082,0.2173589998689036,0.1148532135813348,0.061624603505828,1.8181367999641225,63,official_multilayer,True
label_3,dinov2_base__person_context_10,standardized_multinomial_logistic,0.1,none,3840,9958,3327,0.92936579501052,0.92859993883871,0.9290797185989864,0.9275996309588986,0.2690151976262104,0.1159698076677256,0.0446904501411741,8.07914729998447,368,official_multilayer,True
label_3,dinov2_base__person_context_10,standardized_multinomial_logistic,0.1,balanced,3840,9958,3327,0.9284640817553352,0.9280403482210964,0.9283102829558416,0.9274620009327412,0.2669706511246368,0.1160030117098164,0.0439893854082516,6.968450399988797,303,official_multilayer,True
label_3,fusion__dinov2_small__full_frame__dinov2_small__person_context_25,standardized_multinomial_logistic,0.01,none,768,9958,3327,0.9281635106702736,0.9274385267182014,0.9279892875161913,0.9275612364904596,0.1845378988462235,0.1074788672386103,0.0112177879883828,0.8944987000431865,80,required_small,True
label_3,fusion__dinov2_base__person_context_10__dinov2_small__person_context_10,standardized_multinomial_logistic,0.01,none,1152,9958,3327,0.927862939585212,0.9267639680378428,0.9274420684108006,0.925335300200742,0.185951418418358,0.1058133940071437,0.0142515135962751,2.139874099986628,113,capacity_base,True
label_3,fusion__dinov2_base__full_frame__dinov2_small__full_frame,standardized_multinomial_logistic,0.1,balanced,1152,9958,3327,0.9269612263300272,0.9267467224230428,0.927031745254456,0.92621929557759,0.2627326817761465,0.1204742874947462,0.0429902826202291,1.9248864999972284,177,capacity_base,True
label_3,fusion__dinov2_small__full_frame__dinov2_small__person_context_10,standardized_multinomial_logistic,0.01,none,768,9958,3327,0.9269612263300272,0.926313622007128,0.9267828738832236,0.9268341748281528,0.1853781777437711,0.1071406739781452,0.011817124939484,0.9612160000251606,86,required_small,True
label_3,fusion__dinov2_base__full_frame__dinov2_small__full_frame,standardized_multinomial_logistic,0.1,none,1152,9958,3327,0.9260595130748422,0.9258137789470496,0.9260559685269232,0.9246871160046232,0.2635647294953367,0.120850859941554,0.0453868785567368,1.9893062000046484,179,capacity_base,True
label_3,dinov2_base__person_context_10,standardized_multinomial_logistic,0.01,none,768,9958,3327,0.9266606552449654,0.9256430592678512,0.9263428680815604,0.924576880183304,0.1870460937811411,0.1060415966230547,0.0146020725927916,1.5588634999585338,89,capacity_base,True
label_3,fusion__dinov2_base__person_context_10__dinov2_small__person_context_10,standardized_multinomial_logistic,0.01,balanced,1152,9958,3327,0.9257589419897806,0.9251489558316094,0.925588732976276,0.9249259281789244,0.185980886582127,0.1060642959000474,0.0149033098079415,2.045227100024931,111,capacity_base,True
label_3,fusion__dinov2_base__full_frame__dinov2_base__person_context_25,standardized_multinomial_logistic,1.0,none,1536,9958,3327,0.9257589419897806,0.9251354100473976,0.9256535630215096,0.9247380822028916,0.4284619432630609,0.1296292920250813,0.0568380405247599,3.3579432999831624,153,capacity_base,True
label_3,fusion__dinov2_base__full_frame__dinov2_base__person_context_25,standardized_multinomial_logistic,1.0,balanced,1536,9958,3327,0.9254583709047188,0.9249703195355372,0.925430674185918,0.9249910375732506,0.4267476527049699,0.129131147145928,0.0580228328585924,4.481722099997569,203,capacity_base,True
label_3,fusion__dinov2_small__full_frame__dinov2_small__person_context_10,standardized_multinomial_logistic,0.01,balanced,768,9958,3327,0.9251577998196574,0.9248932970655046,0.9251987908599288,0.9268577468215828,0.1887587989209981,0.1095233995373151,0.0079808649192312,1.0700542999547906,90,required_small,True
label_3,fusion__dinov2_small__full_frame__dinov2_small__person_context_25,standardized_multinomial_logistic,0.01,balanced,768,9958,3327,0.924556657649534,0.9243111795917563,0.924735405686074,0.9263475677758176,0.1872208122931986,0.109552778379305,0.0065431001072992,1.1530453999876045,90,required_small,True
label_3,dinov2_base__person_context_10,standardized_multinomial_logistic,0.01,balanced,768,9958,3327,0.924556657649534,0.9239549284216269,0.9244570086965168,0.9242443680678064,0.1872013277581197,0.1065894778832722,0.0106216255054703,1.7454338999814354,86,capacity_base,True
label_3,dinov2_base__full_frame,standardized_multinomial_logistic,0.1,balanced,768,9958,3327,0.9233543733092876,0.9229097980620948,0.9235443270493984,0.9241205061135104,0.2347178863348581,0.1192077169675067,0.0382741308801295,1.5010390999959782,131,capacity_base,True
label_3,dinov2_base__full_frame,standardized_multinomial_logistic,0.1,none,768,9958,3327,0.9236549443943493,0.9228481267854204,0.9237143268135892,0.9228941946995964,0.2308111581500495,0.1179610428029537,0.037111647685831,1.7293322999612428,146,capacity_base,True
label_3,dinov2_base__person_context_10,standardized_multinomial_logistic,0.0001,balanced,3840,9958,3327,0.9227532311391644,0.9225269829053808,0.922988414762726,0.9242451892856418,0.2178270143168645,0.1153234093169296,0.0574612961546302,1.6968061999650672,60,official_multilayer,True
label_3,fusion__dinov2_base__full_frame__dinov2_base__person_context_25,standardized_multinomial_logistic,10.0,balanced,1536,9958,3327,0.9221520889690412,0.9217682638913164,0.9221393053959296,0.9214325891680356,0.6774108695781866,0.1416459612402683,0.0678448773135277,2.957235599984415,136,capacity_base,True
label_3,fusion__dinov2_base__full_frame__dinov2_base__person_context_25,standardized_multinomial_logistic,10.0,none,1536,9958,3327,0.9218515178839796,0.921272983010416,0.92179286404977,0.9208004237889572,0.6919142592979872,0.1428144795091716,0.0683580273452443,2.644178999995347,122,capacity_base,True
label_3,fusion__dinov2_base__person_context_25__dinov2_small__person_context_25,standardized_multinomial_logistic,0.1,balanced,1152,9958,3327,0.9203486624586716,0.9205033106058736,0.9203025393609592,0.9207561185798,0.283608271175432,0.1292991334052817,0.0470754767630433,2.2211630000383598,193,capacity_base,True
label_3,fusion__dinov2_base__full_frame__dinov2_base__person_context_25,standardized_multinomial_logistic,100.0,none,1536,9958,3327,0.9209498046287948,0.9204711001873666,0.9208807583221772,0.92026435103514,1.1350918530316554,0.1520989257518472,0.0746190866046046,1.9150019999942745,75,capacity_base,True
label_3,fusion__dinov2_base__person_context_25__dinov2_small__person_context_25,standardized_multinomial_logistic,0.1,none,1152,9958,3327,0.9206492335437332,0.9203877057911308,0.9204432831472272,0.919729028529716,0.2865914312566964,0.1292328407997505,0.0464532542348614,2.457160499994643,206,capacity_base,True
label_3,fusion__dinov2_base__full_frame__dinov2_base__person_context_25,standardized_multinomial_logistic,100.0,balanced,1536,9958,3327,0.9197475202885482,0.9191866306757248,0.9196759602275154,0.9188968915384148,1.1129229863576695,0.1530242705238706,0.0746764881893811,1.8366685000364669,79,capacity_base,True
label_3,dinov2_base__person_context_25,standardized_multinomial_logistic,0.1,none,768,9958,3327,0.919146378118425,0.9186008048200124,0.918982076448718,0.9172227426648012,0.2401316759228328,0.1242653888191847,0.0421337336455168,2.43773579999106,163,capacity_base,True
label_3,fusion__convnext_small__full_frame__dinov2_base__full_frame,standardized_multinomial_logistic,0.1,none,1536,9958,3327,0.9188458070333634,0.918227293930892,0.9188448562965694,0.917068647727964,0.291933937569605,0.1307790816499903,0.050015407688293,3.931149700016249,194,capacity_base,True
label_3,fusion__convnext_small__full_frame__dinov2_base__full_frame,standardized_multinomial_logistic,0.1,balanced,1536,9958,3327,0.9185452359483016,0.9181950850998848,0.918679409539843,0.917620435144068,0.2905178185111194,0.130616343224346,0.049656996196224,4.373047899978701,191,capacity_base,True
label_3,dinov2_base__person_context_25,standardized_multinomial_logistic,0.1,balanced,768,9958,3327,0.9176435226931168,0.9174652466807544,0.917696962337232,0.9173804266277348,0.2410671779862158,0.1255434438729143,0.0412010288305046,2.190218499978073,155,capacity_base,True
label_3,fusion__dinov2_base__person_context_10__dinov2_base__person_context_25,standardized_multinomial_logistic,0.1,none,1536,9958,3327,0.9170423805229936,0.9164880268405078,0.9169316171324302,0.915330585802056,0.2876126461207421,0.1323542356235726,0.0521959879036888,5.031540700001642,241,capacity_base,True
label_3,fusion__dinov2_base__person_context_10__dinov2_base__person_context_25,standardized_multinomial_logistic,0.1,balanced,1536,9958,3327,0.9164412383528704,0.9162305088609524,0.9165255351457772,0.9160357179066042,0.2857557800828937,0.1317981397510987,0.0529885403463124,4.191358099982608,227,capacity_base,True
label_3,dinov2_base__person_context_10,standardized_multinomial_logistic,0.1,none,768,9958,3327,0.9173429516080552,0.9161773943926682,0.916983250077934,0.9149893951375792,0.2520870996319067,0.1273077038011273,0.0378688380321859,3.086687000002712,180,capacity_base,True
label_3,dinov2_base__person_context_10,standardized_multinomial_logistic,0.1,balanced,768,9958,3327,0.9161406672678089,0.915379642301002,0.9160181363506502,0.9151274712573758,0.2524551588991428,0.1283194819358809,0.0398131096283502,3.1588099999935366,166,capacity_base,True
label_3,fusion__convnext_small__person_context_10__dinov2_base__person_context_10,standardized_multinomial_logistic,0.1,balanced,1536,9958,3327,0.916741809437932,0.9152198402869388,0.9162678503139788,0.9145191820264816,0.3357739874573373,0.1391151026753997,0.0509792642570943,3.471462399989832,220,capacity_base,True
label_3,fusion__convnext_small__person_context_10__dinov2_base__person_context_10,standardized_multinomial_logistic,0.1,none,1536,9958,3327,0.916741809437932,0.9151068249783166,0.9161430798690422,0.913821907253077,0.3388784570908985,0.1402344131056372,0.051113879046466,3.851476099982392,229,capacity_base,True
label_3,fusion__dinov2_base__person_context_10__dinov2_small__person_context_10,standardized_multinomial_logistic,0.1,balanced,1152,9958,3327,0.915238954012624,0.914390089855566,0.9149133985276108,0.9136152746517427,0.3025594031162799,0.1328412313822273,0.0473792704693026,3.430673199996818,210,capacity_base,True
label_3,fusion__dinov2_base__full_frame__dinov2_small__full_frame,standardized_multinomial_logistic,100.0,balanced,1152,9958,3327,0.9149383829275624,0.9143582700937382,0.914843360017042,0.9133615690329906,1.4000574160803607,0.1625608875852437,0.0795774015834867,2.1399841999518685,116,capacity_base,True
label_3,fusion__dinov2_small__full_frame__dinov2_small__person_context_10,standardized_multinomial_logistic,0.1,none,768,9958,3327,0.9146378118425008,0.9139214200563622,0.9144966962871676,0.9146733479327614,0.2454547970572341,0.1294796795559552,0.0345769180243019,1.7612925000139512,171,required_small,True
label_3,fusion__convnext_small__full_frame__dinov2_small__full_frame,standardized_multinomial_logistic,0.01,balanced,1152,9958,3327,0.9140366696723776,0.913916394862192,0.914303975413258,0.9155149846908772,0.2233915501869604,0.1293487416565805,0.0131942423804748,1.7191884000203572,91,required_small,True
label_3,fusion__dinov2_base__full_frame__dinov2_small__full_frame,standardized_multinomial_logistic,100.0,none,1152,9958,3327,0.9143372407574392,0.9136683437565134,0.9141925316699148,0.912495681002494,1.3994296139844724,0.1630027671447254,0.0803392327592869,2.0157523000380024,117,capacity_base,True
label_3,dinov2_base__full_frame,standardized_multinomial_logistic,1.0,balanced,768,9958,3327,0.9140366696723776,0.9132299626180966,0.9140551576848204,0.913855729261715,0.3797132724525185,0.143506890711007,0.058798685239883,3.178068400011398,276,capacity_base,True
label_3,fusion__dinov2_base__person_context_10__dinov2_small__person_context_10,standardized_multinomial_logistic,0.1,none,1152,9958,3327,0.9140366696723776,0.9130321427835912,0.9135821900330156,0.9116387756757304,0.3039454881579018,0.1329621746851886,0.0487770592445183,3.256660600018222,214,capacity_base,True
label_3,fusion__dinov2_small__full_frame__dinov2_small__person_context_10,standardized_multinomial_logistic,0.1,balanced,768,9958,3327,0.9125338142470696,0.912304483629044,0.9126820637264744,0.914451821886976,0.2516911871202786,0.1324688116238654,0.0369487434173968,1.7118715000106022,175,required_small,True
label_3,dinov2_base__full_frame,standardized_multinomial_logistic,1.0,none,768,9958,3327,0.9134355275022544,0.9122528943116552,0.913286385828161,0.911894123730154,0.3750474764800147,0.1424857456655269,0.0606164644798871,3.997487699962221,292,capacity_base,True
label_3,fusion__convnext_small__full_frame__dinov2_base__full_frame,standardized_multinomial_logistic,100.0,none,1536,9958,3327,0.9125338142470696,0.911917583142778,0.9124712286483334,0.9111133280613176,1.274729072948031,0.1675780443193931,0.0808787220289766,2.471588599961251,78,capacity_base,True
label_3,fusion__dinov2_small__person_context_10__dinov2_small__person_context_25,standardized_multinomial_logistic,0.01,none,768,9958,3327,0.9125338142470696,0.9117975370460096,0.912126110653814,0.9114066244905408,0.2171705027685452,0.1281198304871884,0.0156081529857277,0.910421199980192,101,required_small,True
label_3,fusion__dinov2_base__full_frame__dinov2_small__full_frame,standardized_multinomial_logistic,1.0,none,1152,9958,3327,0.9125338142470696,0.911734379507086,0.9123954257138516,0.9107717622726442,0.5778602277050883,0.1534906809166862,0.0719319014420935,5.1124007000471465,244,capacity_base,True
label_3,fusion__convnext_small__full_frame__dinov2_small__full_frame,standardized_multinomial_logistic,0.01,none,1152,9958,3327,0.9122332431620078,0.9116245446378024,0.9122178031273476,0.9114658941135916,0.219592848051817,0.1262743060285523,0.0120026767554408,2.2151521000196226,101,required_small,True
label_3,dinov2_small__full_frame,standardized_multinomial_logistic,0.01,none,384,9958,3327,0.9125338142470696,0.9116111898323168,0.9122702587855822,0.9107035099458604,0.2221074244172832,0.1269429592182335,0.0079119920329898,0.4429555999813601,50,required_small,True
label_3,dinov2_small__full_frame,standardized_multinomial_logistic,0.01,balanced,384,9958,3327,0.9116321009918846,0.9113885314748184,0.9118091367558906,0.9131330068738976,0.2256350649733209,0.1299405264341113,0.012763757759148,0.5140068000182509,58,required_small,True
label_3,fusion__dinov2_small__person_context_10__dinov2_small__person_context_25,standardized_multinomial_logistic,0.01,balanced,768,9958,3327,0.911331529906823,0.9112995058536894,0.9113473554627054,0.9127400287933166,0.2207130960871277,0.129983680822371,0.0138398233620369,0.8287975999992341,96,required_small,True
label_3,fusion__dinov2_base__full_frame__dinov2_small__full_frame,standardized_multinomial_logistic,1.0,balanced,1152,9958,3327,0.9119326720769462,0.9111943875956282,0.9118235021660448,0.910381176876128,0.5733796544167002,0.1527776507928872,0.0715771370266318,4.457554499967955,247,capacity_base,True
label_3,dinov2_base__person_context_25,standardized_multinomial_logistic,1.0,none,768,9958,3327,0.9119326720769462,0.9111510084962252,0.911796332288982,0.9097266358456516,0.3524207543161292,0.1451922739955572,0.0592754304570617,4.28651110001374,340,capacity_base,True
label_3,dinov2_base__full_frame,standardized_multinomial_logistic,10.0,none,768,9958,3327,0.9119326720769462,0.911027310158193,0.9118105072010574,0.9110329500983432,0.5079444396083799,0.1537895639897332,0.0698978254556591,6.383637799997814,470,capacity_base,True
label_3,fusion__dinov2_small__full_frame__dinov2_small__person_context_25,standardized_multinomial_logistic,0.1,balanced,768,9958,3327,0.911331529906823,0.9104017848311085,0.911467452415736,0.9120796479915648,0.2591669071980942,0.1349596986682522,0.0426055359802446,1.442906099953689,170,required_small,True
label_3,dinov2_small__person_context_25,standardized_multinomial_logistic,0.01,none,384,9958,3327,0.911331529906823,0.910213199772458,0.9109490037230508,0.9099736804752924,0.2154559945326873,0.1260634623781863,0.010458090622428,0.7534092999994755,58,required_small,True
label_3,fusion__dinov2_small__full_frame__dinov2_small__person_context_25,standardized_multinomial_logistic,0.1,none,768,9958,3327,0.911331529906823,0.9098941779387418,0.9111897584930944,0.9103862663990104,0.2558889775930465,0.1338195576787374,0.0427700067267251,1.6729652000358328,171,required_small,True
label_3,fusion__dinov2_base__full_frame__dinov2_small__full_frame,standardized_multinomial_logistic,10.0,balanced,1152,9958,3327,0.910429816651638,0.9097564650807094,0.9103332980787732,0.9086803840460692,1.015878976890427,0.1674320269001298,0.0810540418985071,3.276725399948191,192,capacity_base,True
label_3,dinov2_base__person_context_25,standardized_multinomial_logistic,1.0,balanced,768,9958,3327,0.9098286744815148,0.909375517458904,0.9098142622572924,0.908961554839102,0.3586406865081449,0.1472235677605549,0.0607824302579505,3.666590999986511,346,capacity_base,True
label_3,fusion__convnext_small__person_context_25__dinov2_small__person_context_25,standardized_multinomial_logistic,0.01,none,1152,9958,3327,0.9098286744815148,0.9092913772511214,0.90964247766955,0.9092348683009916,0.2200762793523059,0.1287300164103303,0.0097006415989172,1.0142532999743707,116,required_small,True
label_3,dinov2_small__person_context_25,standardized_multinomial_logistic,0.01,balanced,384,9958,3327,0.9098286744815148,0.909262197816624,0.9099378099194984,0.91087414076282,0.2190822562193722,0.1282419729910404,0.0107602205385431,0.8558830000110902,61,required_small,True
label_3,dinov2_base__person_context_10,standardized_multinomial_logistic,1.0,none,768,9958,3327,0.910429816651638,0.9092370489066726,0.910044092177828,0.908091327534116,0.3567722036833503,0.1457184860605469,0.0559282745344668,5.996797200001311,377,capacity_base,True
label_3,dinov2_base__person_context_25,standardized_multinomial_logistic,10.0,none,768,9958,3327,0.9098286744815148,0.9089862271803452,0.909755642280716,0.9075583977127564,0.429735805492522,0.1522649210706958,0.0636215223172466,6.211984900000971,540,capacity_base,True
label_3,dinov2_base__person_context_25,standardized_multinomial_logistic,100.0,none,768,9958,3327,0.9098286744815148,0.908831870880317,0.9095981271822998,0.9077007421375995,0.4818694238568182,0.154887225243006,0.0685531123217984,5.117843699990772,386,capacity_base,True
label_3,fusion__dinov2_base__full_frame__dinov2_small__full_frame,standardized_multinomial_logistic,10.0,none,1152,9958,3327,0.9095281033964532,0.9088303439406586,0.909408390569308,0.9076462578826772,1.0159098712103225,0.1674922356380253,0.0819140684035109,3.4106502000358887,185,capacity_base,True
label_3,dinov2_base__full_frame,standardized_multinomial_logistic,10.0,balanced,768,9958,3327,0.9095281033964532,0.9087557923982028,0.9094591600386204,0.9093596224425654,0.5142785702390036,0.1557183054361539,0.0701449411889015,6.402637800027151,417,capacity_base,True
label_3,dinov2_base__full_frame,standardized_multinomial_logistic,100.0,none,768,9958,3327,0.9098286744815148,0.9086179581053252,0.9095832977074866,0.9089729302268994,0.5861409362396486,0.1561104444388323,0.0706805542772688,5.402032499958295,354,capacity_base,True
label_3,fusion__convnext_small__person_context_25__dinov2_base__person_context_25,standardized_multinomial_logistic,0.1,none,1536,9958,3327,0.9092275323113916,0.90857937854327,0.908897171635246,0.9074069996147373,0.3403285772414715,0.1476271795685974,0.0626302118734413,3.4455145000247285,241,capacity_base,True
label_3,fusion__convnext_small__full_frame__dinov2_base__full_frame,standardized_multinomial_logistic,100.0,balanced,1536,9958,3327,0.9092275323113916,0.908516152900893,0.9090801251194424,0.9077854593750634,1.258510459271681,0.1682357821652919,0.0825011536081585,2.328890400007367,80,capacity_base,True
label_3,dinov2_base__person_context_10,standardized_multinomial_logistic,1.0,balanced,768,9958,3327,0.9092275323113916,0.908346234569148,0.9090667679630036,0.9081297929719976,0.3570099947660959,0.1471161961447762,0.0597209629303087,5.97347800002899,364,capacity_base,True
label_3,fusion__convnext_small__person_context_25__dinov2_base__person_context_25,standardized_multinomial_logistic,0.1,balanced,1536,9958,3327,0.9086263901412684,0.908240454153613,0.9084215645960244,0.9076027029219134,0.3357852644777489,0.1464314039044961,0.0612444665147482,3.579794700024649,238,capacity_base,True
label_3,fusion__convnext_small__person_context_10__dinov2_small__person_context_10,standardized_multinomial_logistic,0.01,none,1152,9958,3327,0.9086263901412684,0.9079191274621192,0.9084837908118946,0.9076140783097107,0.2382052535743536,0.1384071183975759,0.0158819763504982,1.6635115999961272,108,required_small,True
label_3,dinov2_base__person_context_25,standardized_multinomial_logistic,10.0,balanced,768,9958,3327,0.9083258190562068,0.907855854596074,0.9084137575676976,0.90731763894803,0.4377769381732014,0.1543288521224484,0.0668393120871168,6.386001100006979,534,capacity_base,True
label_3,fusion__dinov2_base__person_context_10__dinov2_base__person_context_25,standardized_multinomial_logistic,1.0,none,1536,9958,3327,0.9083258190562068,0.9076754315478696,0.9081147597948076,0.9068281931179918,0.5954926907884069,0.1635309380843899,0.0757446838400335,5.269683399994392,301,capacity_base,True
label_3,dinov2_base__full_frame,standardized_multinomial_logistic,100.0,balanced,768,9958,3327,0.9083258190562068,0.9074746618446364,0.9082054131579856,0.9082454934403956,0.5927494086456885,0.1581268198867268,0.0723575807472615,4.412477099976968,282,capacity_base,True
label_3,fusion__convnext_small__person_context_25__dinov2_small__person_context_25,standardized_multinomial_logistic,0.01,balanced,1152,9958,3327,0.907424105801022,0.9074333121479542,0.9075551017801275,0.9090670762617352,0.2231504407370635,0.1306373302869683,0.0127579554048659,1.12693800003035,123,required_small,True
label_3,fusion__dinov2_base__person_context_10__dinov2_base__person_context_25,standardized_multinomial_logistic,1.0,balanced,1536,9958,3327,0.9077246768860836,0.9072261237910104,0.9075962628966308,0.9067364397672204,0.5915661576909259,0.1632670278856035,0.076500399497241,5.330749800021295,294,capacity_base,True
label_3,dinov2_base__person_context_25,standardized_multinomial_logistic,100.0,balanced,768,9958,3327,0.9077246768860836,0.9070290706464288,0.9076669546014484,0.9066937060242918,0.4880977418244481,0.1574077392609439,0.0698928347240383,3.798552099964581,359,capacity_base,True
label_3,fusion__convnext_small__full_frame__dinov2_base__full_frame,standardized_multinomial_logistic,1.0,none,1536,9958,3327,0.9071235347159604,0.9062888981017616,0.9070082678807362,0.9051532939959852,0.5355005157626413,0.1606065231699027,0.0743441637723691,3.627206500037573,152,capacity_base,True
label_3,dinov2_base__person_context_10,standardized_multinomial_logistic,10.0,balanced,768,9958,3327,0.9068229636308988,0.9059312904062664,0.9066741512413968,0.9055827199545796,0.4378484294265151,0.154325743641309,0.0616700615608876,10.342485400033183,667,capacity_base,True
label_3,fusion__convnext_small__full_frame__dinov2_base__full_frame,standardized_multinomial_logistic,1.0,balanced,1536,9958,3327,0.9062218214607756,0.9056093964425468,0.9061873605809166,0.9047054565362856,0.534197967842658,0.1604175853996253,0.0746878634555002,3.9162598999682814,154,capacity_base,True
label_3,fusion__dinov2_base__person_context_10__dinov2_base__person_context_25,standardized_multinomial_logistic,10.0,balanced,1536,9958,3327,0.9059212503757138,0.9054399519460664,0.9057381469241148,0.9047450473467568,1.0102228500442056,0.1739662503310918,0.0837103846972507,4.877744099998381,258,capacity_base,True
label_3,fusion__dinov2_small__full_frame__dinov2_small__person_context_10,standardized_multinomial_logistic,10.0,none,768,9958,3327,0.9062218214607756,0.9052842876098178,0.9060288111623648,0.9060744874992396,0.4473126406926734,0.1563899777774994,0.0578525311607422,6.0393306000041775,643,required_small,True
label_3,fusion__convnext_small__person_context_10__dinov2_small__person_context_10,standardized_multinomial_logistic,0.01,balanced,1152,9958,3327,0.905019537120529,0.9050107514257274,0.9053281014031704,0.9067874769349312,0.2421437582913759,0.1412644031739242,0.015386456428895,1.63487869995879,124,required_small,True
label_3,dinov2_base__person_context_10,standardized_multinomial_logistic,10.0,none,768,9958,3327,0.9062218214607756,0.9049417459793816,0.9058543628378384,0.9037975850112536,0.437923653303047,0.1531702330182358,0.0627693874085155,9.362123600032646,637,capacity_base,True
label_3,fusion__dinov2_small__full_frame__dinov2_small__person_context_10,standardized_multinomial_logistic,1.0,none,768,9958,3327,0.9053201082055906,0.9044743954724,0.9051819657518366,0.9052623334752724,0.3513654579356801,0.1493298244715406,0.0548460653460529,3.705521500029136,374,required_small,True
label_3,dinov2_small__person_context_25,standardized_multinomial_logistic,0.1,none,384,9958,3327,0.9059212503757138,0.9044258548891316,0.9055642191225822,0.9041701340308615,0.2392053466016567,0.135954194858975,0.0248940343872841,1.409399800002575,122,required_small,True
label_3,fusion__dinov2_base__person_context_10__dinov2_base__person_context_25,standardized_multinomial_logistic,10.0,none,1536,9958,3327,0.905019537120529,0.9043699408109924,0.9047862338563418,0.9034234645254172,1.0148251101669137,0.1748137849456132,0.0845445621269561,4.813045699964277,261,capacity_base,True
label_3,dinov2_small__person_context_10,standardized_multinomial_logistic,0.01,none,384,9958,3327,0.9056206792906524,0.904365763816655,0.9052603269172356,0.9039905205101688,0.2368344811024366,0.1380796890009104,0.0093200704396457,0.5676894999924116,60,required_small,True
label_3,fusion__dinov2_base__person_context_25__dinov2_small__person_context_25,standardized_multinomial_logistic,1.0,balanced,1152,9958,3327,0.9044183949504058,0.903939129758944,0.9042463627895352,0.9028564085406656,0.7252496674606275,0.1736196004389652,0.0804752289286642,3.311831299972255,287,capacity_base,True
label_3,fusion__dinov2_base__person_context_25__dinov2_small__person_context_25,standardized_multinomial_logistic,1.0,none,1152,9958,3327,0.9044183949504058,0.9039104861083858,0.9041760696659856,0.902634436401241,0.7342820700532993,0.1743607098721248,0.0813427661124205,2.917000700021162,288,capacity_base,True
label_3,dinov2_base__person_context_10,standardized_multinomial_logistic,100.0,balanced,768,9958,3327,0.905019537120529,0.9037435623744297,0.9047092350167828,0.9036909382160307,0.5114059747131244,0.1568714074436733,0.0639680326058501,7.887199099990539,530,capacity_base,True
label_3,fusion__dinov2_small__full_frame__dinov2_small__person_context_10,standardized_multinomial_logistic,100.0,none,768,9958,3327,0.9047189660354674,0.9035420386690476,0.9044998526403554,0.9045615406452135,0.5500670779310524,0.159321190913775,0.0604900727302547,5.766712500015274,518,required_small,True
label_3,dinov2_base__person_context_10,standardized_multinomial_logistic,100.0,none,768,9958,3327,0.905019537120529,0.9034667159251262,0.9044792161538684,0.9026720806212868,0.5157886480471428,0.1551642349497712,0.0646058793722541,7.731736699992325,471,capacity_base,True
label_3,fusion__dinov2_base__person_context_10__dinov2_base__person_context_25,standardized_multinomial_logistic,100.0,balanced,1536,9958,3327,0.9038172527802826,0.9032313016104484,0.9036143100305768,0.9024316969807572,1.5757329010146417,0.1816076361232783,0.089543575789671,3.4251944000134245,192,capacity_base,True
label_3,fusion__dinov2_small__full_frame__dinov2_small__person_context_10,standardized_multinomial_logistic,1.0,balanced,768,9958,3327,0.9035166816952208,0.9030040981812476,0.9035859359104292,0.9049756980351604,0.361070008203208,0.1534049638030527,0.0600446350995649,2.9254514000494964,368,required_small,True
label_3,dinov2_small__full_frame,standardized_multinomial_logistic,0.1,none,384,9958,3327,0.904117823865344,0.9029162689795096,0.9040476844338812,0.902969787294442,0.2532595988509996,0.1389039655144105,0.0232504104973976,0.8121416000067256,94,required_small,True
label_3,dinov2_small__person_context_25,standardized_multinomial_logistic,0.1,balanced,384,9958,3327,0.9035166816952208,0.902777921284636,0.9036754461594356,0.904799227446925,0.2456653237965197,0.1386879822832007,0.0263192412593099,1.3556026000296697,119,required_small,True
label_3,fusion__dinov2_small__full_frame__dinov2_small__person_context_10,standardized_multinomial_logistic,10.0,balanced,768,9958,3327,0.9032161106101592,0.9027345818906052,0.9032641413623194,0.904807459902265,0.458557189204248,0.1603569973005684,0.0646345500002934,5.569747100002132,657,required_small,True
label_3,fusion__dinov2_base__person_context_10__dinov2_small__person_context_10,standardized_multinomial_logistic,1.0,balanced,1152,9958,3327,0.9035166816952208,0.902686713740239,0.9032332924983604,0.901139150799927,0.7352661144299635,0.1724861506487163,0.0764873098058946,5.690835099958349,325,capacity_base,True
label_3,dinov2_small__person_context_10,standardized_multinomial_logistic,0.01,balanced,384,9958,3327,0.902614968440036,0.9025064413124114,0.9029186398942666,0.9046160958695784,0.2414863392458693,0.1412880665565611,0.012625934854609,0.5758579000248574,62,required_small,True
label_3,fusion__dinov2_base__person_context_10__dinov2_base__person_context_25,standardized_multinomial_logistic,100.0,none,1536,9958,3327,0.902614968440036,0.9019929656196886,0.9024031793136692,0.9010756128718292,1.5934016767339878,0.1847615865229852,0.0916774087983451,2.647014999995008,189,capacity_base,True
label_3,fusion__convnext_small__full_frame__dinov2_base__full_frame,standardized_multinomial_logistic,10.0,balanced,1536,9958,3327,0.9023143973549744,0.901471176641552,0.9022566074725584,0.9008446580286716,0.8521815584922253,0.1754970176549066,0.0850367167058112,3.3194803000078537,130,capacity_base,True
label_3,fusion__convnext_small__full_frame__dinov2_base__full_frame,standardized_multinomial_logistic,10.0,none,1536,9958,3327,0.9017132551848512,0.9008045530602397,0.9016426490592268,0.899978769998175,0.8664769494473159,0.1765959799672156,0.0860461337901645,3.451191700005438,129,capacity_base,True
label_3,fusion__dinov2_small__full_frame__dinov2_small__person_context_10,standardized_multinomial_logistic,100.0,balanced,768,9958,3327,0.901112113014728,0.9003408310919254,0.9011217563656196,0.9026050956059776,0.5629563536323036,0.1640789744569126,0.0675099247102182,5.255627400008962,585,required_small,True
label_3,fusion__dinov2_base__person_context_10__dinov2_small__person_context_10,standardized_multinomial_logistic,1.0,none,1152,9958,3327,0.9008115419296664,0.8997991566993692,0.9004111704044123,0.8979371616278362,0.7454537022169127,0.1736695890679963,0.0794861907928232,5.351740800018888,312,capacity_base,True
label_3,fusion__convnext_small__person_context_25__dinov2_small__person_context_25,standardized_multinomial_logistic,0.1,none,1152,9958,3327,0.8999098286744815,0.8996925963019787,0.8997924937998565,0.900173276963319,0.2966223982752777,0.1534022621627737,0.0484072722094529,1.8364678000216368,221,required_small,True
label_3,dinov2_small__person_context_10,standardized_multinomial_logistic,0.1,none,384,9958,3327,0.9008115419296664,0.8995153871118874,0.9005343559088316,0.8993289433663848,0.2568776038935611,0.1456098168487676,0.024318717989886,0.9933328999904916,110,required_small,True
label_3,dinov2_small__full_frame,standardized_multinomial_logistic,0.1,balanced,384,9958,3327,0.8996092575894199,0.8990894491003038,0.8999383429695891,0.901185919662591,0.2577199530540498,0.1427490516884751,0.0278839159100833,0.7777188000036404,96,required_small,True
label_3,fusion__dinov2_base__person_context_25__dinov2_small__person_context_25,standardized_multinomial_logistic,10.0,balanced,1152,9958,3327,0.8996092575894199,0.898997734506433,0.899434439421783,0.8978846239633391,1.470673187196261,0.1925307561294289,0.0935751353944478,3.460040499980096,350,capacity_base,True
label_3,dinov2_small__person_context_25,standardized_multinomial_logistic,1.0,none,384,9958,3327,0.9008115419296664,0.8989182438503914,0.9003576811625222,0.8989532514143196,0.3037442010800829,0.1489672143982496,0.0366713954782508,1.4304142000037243,197,required_small,True
label_3,fusion__convnext_small__full_frame__dinov2_small__full_frame,standardized_multinomial_logistic,0.1,none,1152,9958,3327,0.8993086865043582,0.8988982383449287,0.8993675796122595,0.8988917310460897,0.3355955685036512,0.1617899466487926,0.0571702775810099,3.4214245000039227,198,required_small,True
label_3,dinov2_small__person_context_10,standardized_multinomial_logistic,0.1,balanced,384,9958,3327,0.8990081154192967,0.8988446815131422,0.8993859095383978,0.9009690370460492,0.2635733198767258,0.149546772487035,0.0223488413694669,0.9702909999759868,112,required_small,True
label_3,fusion__dinov2_small__full_frame__dinov2_small__person_context_25,standardized_multinomial_logistic,1.0,balanced,768,9958,3327,0.8996092575894199,0.898491872525072,0.8997156630022449,0.9001642942595859,0.4086110142362787,0.1621300515834015,0.0648285175915187,2.966079799982253,368,required_small,True
label_3,fusion__dinov2_base__person_context_25__dinov2_small__person_context_25,standardized_multinomial_logistic,10.0,none,1152,9958,3327,0.8990081154192967,0.8983341073762329,0.8988209113341814,0.8971069712269603,1.4772647746073293,0.192681531258603,0.0931575690548807,3.501799800025765,352,capacity_base,True
label_3,fusion__convnext_small__person_context_25__dinov2_base__person_context_25,standardized_multinomial_logistic,100.0,none,1536,9958,3327,0.898707544334235,0.8981603007358574,0.8984141725847102,0.8975336293772939,1.791647569094575,0.1955985577361804,0.0970427010283211,2.71460330003174,131,capacity_base,True
label_3,fusion__dinov2_small__person_context_10__dinov2_small__person_context_25,standardized_multinomial_logistic,0.1,none,768,9958,3327,0.8993086865043582,0.8981286433558274,0.8987881640530799,0.8980238254557252,0.2712227302886394,0.1497624705426372,0.0427940611392368,1.7712471000268124,201,required_small,True
label_3,fusion__convnext_small__person_context_25__dinov2_small__person_context_25,standardized_multinomial_logistic,0.1,balanced,1152,9958,3327,0.8975052599939886,0.8979313690576096,0.8977223829484869,0.9000168603118599,0.3006092929249228,0.1549066484555362,0.0508505845506034,1.8729046000516971,225,required_small,True
label_3,fusion__dinov2_small__full_frame__dinov2_small__person_context_25,standardized_multinomial_logistic,1.0,none,768,9958,3327,0.8993086865043582,0.8977282361200217,0.8991614907789626,0.8984364113794432,0.4024759287692667,0.1604543189157981,0.0648877845191823,2.825575500028208,364,required_small,True
label_3,dinov2_small__full_frame,standardized_multinomial_logistic,1.0,none,384,9958,3327,0.8993086865043582,0.8976285853184444,0.8991676376776114,0.8979866273293186,0.3103757876737952,0.1508484209927486,0.0374341471794648,1.1812624000012877,143,required_small,True
label_3,fusion__convnext_small__person_context_10__dinov2_base__person_context_10,standardized_multinomial_logistic,1.0,none,1536,9958,3327,0.8993086865043582,0.8975878651909451,0.8986249084392571,0.8966634020723077,0.7464585629579106,0.1795379113943936,0.082276307652874,3.595177599985618,246,capacity_base,True
label_3,fusion__convnext_small__person_context_10__dinov2_base__person_context_10,standardized_multinomial_logistic,1.0,balanced,1536,9958,3327,0.8990081154192967,0.8974119354517557,0.8983988492830792,0.8967171360788369,0.7409108151063011,0.1790470280077654,0.0824787896352015,3.931544599996414,266,capacity_base,True
label_3,fusion__dinov2_base__person_context_25__dinov2_small__person_context_25,standardized_multinomial_logistic,100.0,balanced,1152,9958,3327,0.8981064021641119,0.8973852968689839,0.8977913517013896,0.8958508729241438,2.069482741920399,0.1986629967660078,0.098847769556025,2.4535956000327133,252,capacity_base,True
label_3,fusion__convnext_small__person_context_25__dinov2_base__person_context_25,standardized_multinomial_logistic,1.0,balanced,1536,9958,3327,0.8978058310790502,0.8972274593296179,0.8974625380199243,0.8968097106474441,0.734649116125662,0.1840584279908216,0.0875424533367599,2.8153884000494145,223,capacity_base,True
label_3,dinov2_small__person_context_25,standardized_multinomial_logistic,10.0,none,384,9958,3327,0.8990081154192967,0.8968611575943862,0.898499744093784,0.8970728450635684,0.4003756160356116,0.1566697636492715,0.04385887052626,4.843754599976819,374,required_small,True
label_3,dinov2_small__person_context_25,standardized_multinomial_logistic,1.0,balanced,384,9958,3327,0.8978058310790502,0.8967719565474802,0.8979101645876498,0.8989043027759189,0.3145462347183524,0.1524592974622935,0.0401873561068696,2.2261700000381097,201,required_small,True
label_3,fusion__convnext_small__full_frame__dinov2_small__full_frame,standardized_multinomial_logistic,0.1,balanced,1152,9958,3327,0.8966035467388037,0.8967100615089442,0.8968827974777268,0.8979466613946508,0.3401850991024166,0.1635783098796165,0.0582073888595801,3.0449964000144973,191,required_small,True
label_3,fusion__convnext_small__person_context_25__dinov2_base__person_context_25,standardized_multinomial_logistic,1.0,none,1536,9958,3327,0.8972046889089269,0.8965374621726641,0.8968022340118617,0.8959210718413528,0.7409979939675775,0.1844482918140677,0.0882795724322569,2.9833892000024207,228,capacity_base,True
label_3,fusion__dinov2_base__person_context_25__dinov2_small__person_context_25,standardized_multinomial_logistic,100.0,none,1152,9958,3327,0.8972046889089269,0.896419599195172,0.8968921253347903,0.894927732830464,2.075408743875282,0.1987029002263523,0.0984007415180289,2.589440600015223,258,capacity_base,True
label_3,fusion__convnext_small__person_context_10__dinov2_base__person_context_10,standardized_multinomial_logistic,10.0,balanced,1536,9958,3327,0.8978058310790502,0.8963491285141206,0.8972607910801881,0.8955602733337389,1.227382583954303,0.1928333612397919,0.0916267010362363,3.705040300032124,268,capacity_base,True
label_3,fusion__convnext_small__person_context_25__dinov2_base__person_context_25,standardized_multinomial_logistic,100.0,balanced,1536,9958,3327,0.8966035467388037,0.8959595066016192,0.8963070874891741,0.8952544051746862,1.78635563513416,0.1953166928556741,0.0968791960687913,3.0573727000155486,133,capacity_base,True
label_3,fusion__convnext_small__person_context_10__dinov2_base__person_context_10,standardized_multinomial_logistic,10.0,none,1536,9958,3327,0.8972046889089269,0.8957069710364318,0.8966454425727594,0.8946830099154449,1.235818856255413,0.1932475247357974,0.0913606021526231,3.3241743000107817,265,capacity_base,True
label_3,fusion__convnext_small__person_context_10__dinov2_small__person_context_10,standardized_multinomial_logistic,0.1,balanced,1152,9958,3327,0.8957018334836189,0.8956706347859739,0.8960228704686564,0.8971544903380173,0.3294044651624382,0.167053550255884,0.0549975070305653,2.713309900020249,235,required_small,True
label_3,fusion__convnext_small__person_context_10__dinov2_base__person_context_10,standardized_multinomial_logistic,100.0,none,1536,9958,3327,0.8972046889089269,0.8956360177830985,0.8964963952112155,0.8944496623882231,1.7482002803886532,0.1962359117423654,0.0959063289313996,2.6634683000156656,177,capacity_base,True
label_3,dinov2_small__full_frame,standardized_multinomial_logistic,1.0,balanced,384,9958,3327,0.8966035467388037,0.8956156466677686,0.896893686812223,0.8978498185209968,0.3139717595229312,0.154753321454438,0.0386822333058751,1.5181211000308394,141,required_small,True
label_3,dinov2_small__full_frame,standardized_multinomial_logistic,10.0,none,384,9958,3327,0.8972046889089269,0.8954586917437056,0.8970689566790893,0.8958952491027435,0.3443528748026531,0.1546748722663738,0.0394731737248687,1.5641514000017196,161,required_small,True
label_3,dinov2_small__full_frame,standardized_multinomial_logistic,100.0,none,384,9958,3327,0.8972046889089269,0.8954172152187273,0.8970752057285551,0.8958070138086258,0.3485536807480581,0.1550507743030511,0.0408145364451264,1.3270973999751732,167,required_small,True
label_3,fusion__convnext_small__person_context_10__dinov2_base__person_context_10,standardized_multinomial_logistic,100.0,balanced,1536,9958,3327,0.8966035467388037,0.8951850846338445,0.8959490113574908,0.8942469229677393,1.7791532472267289,0.1975711898877616,0.097266954099013,2.2172929999651387,161,capacity_base,True
label_3,fusion__dinov2_small__full_frame__dinov2_small__person_context_25,standardized_multinomial_logistic,10.0,balanced,768,9958,3327,0.8966035467388037,0.89516355418644,0.8966337289102745,0.8966403471419592,0.5436558714876487,0.1723822751323218,0.072261949175039,4.662814199982677,625,required_small,True
label_3,dinov2_small__full_frame,standardized_multinomial_logistic,10.0,balanced,384,9958,3327,0.8957018334836189,0.8946420235998245,0.8959769240699531,0.8969266784273171,0.344612081849196,0.1583239029557208,0.0414146357458235,1.2544236999819989,155,required_small,True
label_3,fusion__dinov2_small__person_context_10__dinov2_small__person_context_25,standardized_multinomial_logistic,0.1,balanced,768,9958,3327,0.8951006913134957,0.8946136282533232,0.8950107240919561,0.8961975992051423,0.2773466647946214,0.1517467955436632,0.0462521285271672,1.7500005000038072,196,required_small,True
label_3,dinov2_small__person_context_25,standardized_multinomial_logistic,10.0,balanced,384,9958,3327,0.8957018334836189,0.8945153309114774,0.8959049851886883,0.8967246892552264,0.4128048460909327,0.1595894453100693,0.0438667641983019,3.996017800003756,356,required_small,True
label_3,dinov2_small__person_context_25,standardized_multinomial_logistic,100.0,none,384,9958,3327,0.8969041178238654,0.8943518643806206,0.8963673423338476,0.8945061642030132,0.4568615310496757,0.1591263678817064,0.0461423676610561,4.968202999967616,439,required_small,True
label_3,dinov2_small__full_frame,standardized_multinomial_logistic,100.0,balanced,384,9958,3327,0.8951006913134957,0.8940569392112532,0.8953599686883268,0.8964364823488857,0.3509776396023751,0.1589162512786688,0.041511756051942,1.2165626999922097,157,required_small,True
label_3,fusion__convnext_small__person_context_10__dinov2_small__person_context_10,standardized_multinomial_logistic,0.1,none,1152,9958,3327,0.8944995491433724,0.8940088452443226,0.8945574016215455,0.8942928706125676,0.3249060318470729,0.1640290785422073,0.0527607296099566,2.894193899992388,236,required_small,True
label_3,dinov2_small__person_context_25,standardized_multinomial_logistic,100.0,balanced,384,9958,3327,0.8954012623985572,0.8939854273272424,0.8955664058863956,0.8961807591702659,0.4709100759317661,0.1618142059836483,0.0468363476124438,5.623887199966703,452,required_small,True
label_3,fusion__dinov2_small__full_frame__dinov2_small__person_context_25,standardized_multinomial_logistic,10.0,none,768,9958,3327,0.8957018334836189,0.8939375820195531,0.8954621321011481,0.8945987387716202,0.5325373502048351,0.1702881988677942,0.0719473268802406,5.885842500021681,675,required_small,True
label_3,fusion__dinov2_small__full_frame__dinov2_small__person_context_25,standardized_multinomial_logistic,100.0,balanced,768,9958,3327,0.8951006913134957,0.8935462261761797,0.8950033038657574,0.8952924954883711,0.6617661039357412,0.176934356561377,0.0756523987997571,4.381598600011785,539,required_small,True
label_3,dinov2_small__person_context_10,standardized_multinomial_logistic,1.0,none,384,9958,3327,0.894800120228434,0.8932861493185146,0.8945257348240565,0.8935987387716203,0.2914516092400922,0.1551507809351449,0.0310400286505846,1.8465602999785915,167,required_small,True
label_3,fusion__convnext_small__person_context_25__dinov2_base__person_context_25,standardized_multinomial_logistic,10.0,balanced,1536,9958,3327,0.8935978358881875,0.8929516338523408,0.8933481105211103,0.8922512622422288,1.2331277228009432,0.1967851874400137,0.0965578072040728,4.362472400011029,216,capacity_base,True
label_3,fusion__dinov2_base__person_context_10__dinov2_small__person_context_10,standardized_multinomial_logistic,100.0,balanced,1152,9958,3327,0.8938984069732492,0.8929211707276972,0.8935580657641871,0.8914147859764382,2.3718328769435524,0.2061153748420545,0.1014850835775529,10.676316099998076,501,capacity_base,True
label_3,fusion__convnext_small__person_context_25__dinov2_small__person_context_25,standardized_multinomial_logistic,1.0,balanced,1152,9958,3327,0.8926961226330027,0.8928395891987505,0.8928353431197257,0.894182705760691,0.548207723683348,0.1877633825552027,0.0808540691542115,3.589222700044047,461,required_small,True
label_3,fusion__dinov2_base__person_context_10__dinov2_small__person_context_10,standardized_multinomial_logistic,10.0,balanced,1152,9958,3327,0.8938984069732492,0.8927627282514973,0.8934236201683391,0.8911159539306932,1.6995789194031934,0.2036787419596426,0.1000492618609415,9.747109199990518,542,capacity_base,True
label_3,fusion__dinov2_base__person_context_10__dinov2_small__person_context_10,standardized_multinomial_logistic,10.0,none,1152,9958,3327,0.8938984069732492,0.8927612972863684,0.8934262558986416,0.8910277186365755,1.7121925058950025,0.2038969131045145,0.0996471042377159,9.340871000022162,545,capacity_base,True
label_3,fusion__convnext_small__person_context_25__dinov2_base__person_context_25,standardized_multinomial_logistic,10.0,none,1536,9958,3327,0.8929966937180643,0.8923617977887407,0.8927188257380734,0.8915618447999676,1.243024212073481,0.1963384318995244,0.0964801844807762,4.45714010001393,205,capacity_base,True
label_3,fusion__dinov2_base__person_context_10__dinov2_small__person_context_10,standardized_multinomial_logistic,100.0,none,1152,9958,3327,0.893297264803126,0.8923005585771921,0.8929259367682724,0.8907367439219741,2.380682989749655,0.2068175061464964,0.1021274820392831,9.30301580001833,485,capacity_base,True
label_3,fusion__dinov2_small__full_frame__dinov2_small__person_context_25,standardized_multinomial_logistic,100.0,none,768,9958,3327,0.8935978358881875,0.8917324470934492,0.8932721877556558,0.8926724557454833,0.6509433481952271,0.1740651866627811,0.0760152817841348,4.611321899981704,573,required_small,True
label_3,dinov2_small__person_context_10,standardized_multinomial_logistic,1.0,balanced,384,9958,3327,0.8917944093778178,0.8912030720450655,0.8921186415471829,0.8934729302268994,0.2992495749931989,0.1595531610631688,0.0332960858847948,1.8120609000325203,162,required_small,True
label_3,fusion__dinov2_small__person_context_10__dinov2_small__person_context_25,standardized_multinomial_logistic,1.0,none,768,9958,3327,0.8920949804628795,0.8909541290763165,0.8916966696083097,0.8912136180221829,0.3824845776864461,0.1701439249652652,0.0624558787375031,3.4174305999767967,451,required_small,True
label_3,dinov2_small__person_context_10,standardized_multinomial_logistic,10.0,balanced,384,9958,3327,0.8911932672076947,0.8904969599650335,0.8914936299237247,0.8927835127846381,0.3149995587916512,0.1629416031272011,0.0363571264268237,2.042101399973035,191,required_small,True
label_3,dinov2_small__person_context_10,standardized_multinomial_logistic,100.0,balanced,384,9958,3327,0.8911932672076947,0.890458244104717,0.8914604077486871,0.8927721373968408,0.3172956857501982,0.1633934411615237,0.0367337864305075,2.317181200021878,203,required_small,True
label_3,dinov2_small__person_context_10,standardized_multinomial_logistic,10.0,none,384,9958,3327,0.8920949804628795,0.8902353543847917,0.8917357812375833,0.8906187217389542,0.3079958775738616,0.1588463526120981,0.0357327537307324,2.177733599964995,188,required_small,True
label_3,dinov2_small__person_context_10,standardized_multinomial_logistic,100.0,none,384,9958,3327,0.8920949804628795,0.8902353543847917,0.8917357812375833,0.8906187217389542,0.3108700524077715,0.1594272513771478,0.0360385396768007,2.214359699981287,205,required_small,True
label_3,fusion__convnext_small__person_context_25__dinov2_small__person_context_25,standardized_multinomial_logistic,1.0,none,1152,9958,3327,0.8899909828674482,0.8899944323766239,0.8899961183694622,0.8907814952247705,0.5408382642363735,0.1878302838534465,0.0804784633883596,3.60189900000114,463,required_small,True
label_3,fusion__dinov2_small__person_context_10__dinov2_small__person_context_25,standardized_multinomial_logistic,1.0,balanced,768,9958,3327,0.8890892696122633,0.8885354726166589,0.8890112633361538,0.8900575764949205,0.3921358131092456,0.1725854011394704,0.0633346913369083,3.244414599961601,424,required_small,True
label_3,fusion__dinov2_small__person_context_10__dinov2_small__person_context_25,standardized_multinomial_logistic,10.0,none,768,9958,3327,0.8890892696122633,0.887719308700639,0.8886057961057651,0.8878888922683862,0.4994433398977222,0.1769471582197258,0.0688471027102052,7.513271400006488,881,required_small,True
label_3,fusion__dinov2_small__person_context_10__dinov2_small__person_context_25,standardized_multinomial_logistic,100.0,none,768,9958,3327,0.8887886985272017,0.887281612853601,0.8883053099817265,0.8873677129590202,0.613211368606721,0.1803247320447378,0.0697547185964818,6.439087000035215,787,required_small,True
label_3,fusion__dinov2_small__person_context_10__dinov2_small__person_context_25,standardized_multinomial_logistic,10.0,balanced,768,9958,3327,0.886985272016832,0.886323769515806,0.8868922913454875,0.8878552121986333,0.5103915028312609,0.1795047270413953,0.0695799126155734,7.535109999997076,858,required_small,True
label_3,fusion__dinov2_small__person_context_10__dinov2_small__person_context_25,standardized_multinomial_logistic,100.0,balanced,768,9958,3327,0.8848812744214006,0.8840925559519343,0.8848192149173703,0.8856755986779407,0.6197684603814586,0.1831803611554402,0.072649963291633,7.253969300014432,835,required_small,True
label_3,fusion__convnext_small__person_context_10__dinov2_small__person_context_10,standardized_multinomial_logistic,1.0,balanced,1152,9958,3327,0.8797715659753532,0.8797694481894406,0.8801001847828586,0.8815316827868687,0.5461325303279311,0.2025101415849042,0.0851480957817943,4.808138900029007,453,required_small,True
label_3,fusion__convnext_small__full_frame__dinov2_small__full_frame,standardized_multinomial_logistic,1.0,balanced,1152,9958,3327,0.8788698527201683,0.8791063417820508,0.8792965573170364,0.8797603159154045,0.7604603964682936,0.2131041717383429,0.0986796364791118,5.7792648000177,376,required_small,True
label_3,fusion__convnext_small__full_frame__dinov2_small__full_frame,standardized_multinomial_logistic,1.0,none,1152,9958,3327,0.8788698527201683,0.878807962232254,0.8791672832885721,0.8788751951659671,0.7656720707475194,0.215567935110025,0.0997328429779776,6.543030600005295,377,required_small,True
label_3,fusion__convnext_small__person_context_25__dinov2_small__person_context_25,standardized_multinomial_logistic,10.0,balanced,1152,9958,3327,0.8779681394649834,0.8783984364723665,0.8782813708962449,0.8795516657542025,1.2360125379758264,0.2258678335707499,0.1069419197114102,6.486442100023851,798,required_small,True
label_3,fusion__convnext_small__person_context_10__dinov2_small__person_context_10,standardized_multinomial_logistic,1.0,none,1152,9958,3327,0.8782687105500451,0.8776148857053894,0.8782080364981122,0.8782029928827787,0.5438923671589485,0.200487369828584,0.0844468351948713,6.738140899979044,486,required_small,True
label_3,fusion__convnext_small__person_context_25__dinov2_small__person_context_25,standardized_multinomial_logistic,10.0,none,1152,9958,3327,0.8770664262097986,0.8774332589918954,0.8773405257316703,0.8782073321572682,1.1938873788625135,0.2236991266291888,0.1068364549721024,5.997822700010147,793,required_small,True
label_3,fusion__convnext_small__person_context_25__dinov2_small__person_context_25,standardized_multinomial_logistic,100.0,none,1152,9958,3327,0.8716561466786895,0.8719587161503742,0.8718413051344497,0.8730100573838636,2.50356206675687,0.2477719773587623,0.1215586858693127,16.093903600005433,1357,required_small,True
label_3,fusion__convnext_small__person_context_25__dinov2_small__person_context_25,standardized_multinomial_logistic,100.0,balanced,1152,9958,3327,0.8710550045085663,0.8714184560429263,0.8712894267474417,0.8727077072814647,2.6116766663278583,0.2487537406284059,0.122915453126556,19.334609300014563,1383,required_small,True
label_3,fusion__convnext_small__person_context_10__dinov2_small__person_context_10,standardized_multinomial_logistic,100.0,balanced,1152,9958,3327,0.8707544334235047,0.8706001881937926,0.8709118255784765,0.8722861386540138,0.9777357927322572,0.230753759280912,0.1084257686006529,5.237071899988223,664,required_small,True
label_3,fusion__convnext_small__person_context_10__dinov2_small__person_context_10,standardized_multinomial_logistic,100.0,none,1152,9958,3327,0.870453862338443,0.8701533332835281,0.8704564261965332,0.8710449337956486,0.9659140772922566,0.2292017759245181,0.1064620996693375,5.35093010001583,684,required_small,True
label_3,fusion__convnext_small__person_context_10__dinov2_small__person_context_10,standardized_multinomial_logistic,10.0,balanced,1152,9958,3327,0.8698527201683198,0.8694466617006897,0.8699937585073819,0.8711865279720988,0.8174351207013505,0.2283232372035153,0.1054404292087017,8.149030899978243,787,required_small,True
label_3,fusion__convnext_small__person_context_10__dinov2_small__person_context_10,standardized_multinomial_logistic,10.0,none,1152,9958,3327,0.8701532912533815,0.8694204932462601,0.8701015396873995,0.8705237544862826,0.8118451249627077,0.2265010260630312,0.1044960524336627,18.650403299950995,777,required_small,True
label_3,fusion__convnext_small__full_frame__convnext_small__person_context_10,standardized_multinomial_logistic,0.01,none,1536,9958,3327,0.8692515779981965,0.8669566931489827,0.8690174162612975,0.865826479712878,0.3455276749532542,0.1973206628068359,0.0308026196030463,3.784257700026501,118,required_small,True
label_3,fusion__convnext_small__full_frame__convnext_small__person_context_10,standardized_multinomial_logistic,0.01,balanced,1536,9958,3327,0.8662458671475805,0.8650224097784793,0.8668063132191312,0.8657889064622747,0.3493150644761677,0.2002891781499813,0.02861263253765,3.287017599970568,136,required_small,True
label_3,fusion__convnext_small__full_frame__dinov2_small__full_frame,standardized_multinomial_logistic,100.0,balanced,1152,9958,3327,0.8641418695521491,0.8642244595850178,0.86493247414381,0.8648445870592291,3.367222745977358,0.266259075249191,0.1320539458519584,10.535572100023272,772,required_small,True
label_3,fusion__convnext_small__full_frame__dinov2_small__full_frame,standardized_multinomial_logistic,10.0,balanced,1152,9958,3327,0.8629395852119026,0.8627859012187892,0.8635795387825477,0.8632551554230793,2.18687934730555,0.2596471818071195,0.1280534341963695,11.253545799991116,678,required_small,True
label_3,fusion__convnext_small__full_frame__dinov2_small__full_frame,standardized_multinomial_logistic,10.0,none,1152,9958,3327,0.8629395852119026,0.8626622327970996,0.8635365932924548,0.8628908388588113,2.205508734484107,0.2603586840651238,0.1293609493488687,11.086690700030886,715,required_small,True
label_3,fusion__convnext_small__full_frame__dinov2_small__full_frame,standardized_multinomial_logistic,100.0,none,1152,9958,3327,0.8623384430417794,0.8622604548942826,0.8630813885418438,0.8627990855080397,3.379159914410357,0.2688130045182151,0.1344690659387779,12.647978900000451,786,required_small,True
label_3,fusion__convnext_small__full_frame__convnext_small__person_context_25,standardized_multinomial_logistic,0.01,balanced,1536,9958,3327,0.8611361587015329,0.8605587759770138,0.8617344953610826,0.8626042034186994,0.3590099875388933,0.2063568365705227,0.0339586846503602,2.0301806000061333,120,required_small,True
label_3,fusion__convnext_small__full_frame__convnext_small__person_context_25,standardized_multinomial_logistic,0.01,none,1536,9958,3327,0.8578298767658551,0.8557228038211231,0.8575187664168071,0.8553260336192388,0.3552516823782485,0.2033480820544493,0.0343215349390227,2.401679800008424,118,required_small,True
label_3,convnext_small__full_frame,standardized_multinomial_logistic,0.01,none,768,9958,3327,0.8518184550646228,0.8491889513972936,0.8513016724433318,0.8478966076606445,0.3715835880611012,0.212963247720661,0.0164732193543341,0.7695410000160336,71,required_small,True
label_3,fusion__convnext_small__full_frame__convnext_small__person_context_10,standardized_multinomial_logistic,0.1,balanced,1536,9958,3327,0.848512173128945,0.8472469786036722,0.8488422862445094,0.8479441267717015,0.5352366874332998,0.2458473618987892,0.0914640659154027,3.0706761000328697,246,required_small,True
label_3,convnext_small__full_frame,standardized_multinomial_logistic,0.01,balanced,768,9958,3327,0.8473098887886985,0.8466723915737114,0.8481764492197833,0.8490783097106475,0.3782323896592623,0.2183775966287069,0.0147050431382041,0.8052673999918625,72,required_small,True
label_3,fusion__convnext_small__full_frame__convnext_small__person_context_10,standardized_multinomial_logistic,0.1,none,1536,9958,3327,0.8479110309588218,0.845671243070021,0.8476952954222059,0.8450746497151084,0.5295216598965673,0.2441344108814945,0.0898459487794618,3.250636200013105,242,required_small,True
label_3,fusion__convnext_small__person_context_10__convnext_small__person_context_25,standardized_multinomial_logistic,0.01,none,1536,9958,3327,0.8434024646828975,0.8409253653082375,0.8429406230026322,0.8401773323600382,0.3806934532331748,0.2230606400343802,0.0317140863945297,1.9801560000050813,136,required_small,True
label_3,convnext_small__person_context_25,standardized_multinomial_logistic,0.01,none,768,9958,3327,0.8440036068530208,0.8408917692376096,0.8430992367683195,0.8401239734777054,0.3773736871941113,0.2217379459502557,0.0218473567117362,0.7611311000073329,87,required_small,True
label_3,convnext_small__person_context_25,standardized_multinomial_logistic,0.01,balanced,768,9958,3327,0.8409978960024046,0.8403524888244406,0.8415711525892831,0.8422550844536367,0.3825862890690191,0.2260349868707415,0.0211418757315716,0.7856241000117734,90,required_small,True
label_3,convnext_small__full_frame,standardized_multinomial_logistic,0.1,balanced,768,9958,3327,0.840697324917343,0.8399207995334379,0.8414185262398883,0.8423029786888904,0.4378106697737097,0.2368205643297241,0.0547041978336949,1.5620486999978311,161,required_small,True
label_3,convnext_small__full_frame,standardized_multinomial_logistic,0.1,none,768,9958,3327,0.8409978960024046,0.8384910828623259,0.8406727538224616,0.8380001115234097,0.4281264252711619,0.2299612961998764,0.0511159033826396,1.7272640999872235,164,required_small,True
label_3,fusion__convnext_small__full_frame__convnext_small__person_context_25,standardized_multinomial_logistic,0.1,none,1536,9958,3327,0.8400961827472198,0.838211938168126,0.8402433371327568,0.8385456130745991,0.5512334520480353,0.2506640150164688,0.093577170608056,3.1618629000149667,236,required_small,True
label_3,fusion__convnext_small__full_frame__convnext_small__person_context_25,standardized_multinomial_logistic,0.1,balanced,1536,9958,3327,0.8385933273219116,0.8376847916397039,0.8392684055730164,0.839488807105055,0.5567222877810135,0.2527731934736991,0.0937759210998928,2.720700300007593,229,required_small,True
label_3,convnext_small__person_context_10,standardized_multinomial_logistic,0.01,none,768,9958,3327,0.8391944694920349,0.83582091485602,0.8384745270603088,0.8346569032990653,0.3878764568527542,0.2277241265248997,0.0268411171637095,1.3146324999979695,89,required_small,True
label_3,fusion__convnext_small__person_context_10__convnext_small__person_context_25,standardized_multinomial_logistic,0.01,balanced,1536,9958,3327,0.8361887586414187,0.8356526264508771,0.8371303042877931,0.8374284121094145,0.3870001137996559,0.2276352982099881,0.0358204381170967,1.998718800023198,143,required_small,True
label_3,convnext_small__full_frame,standardized_multinomial_logistic,1.0,none,768,9958,3327,0.8367899008115419,0.833850187988567,0.8363365450307271,0.8339824502706977,0.5178697411845377,0.2473696900793215,0.0692210195565405,2.4072582999942824,302,required_small,True
label_3,convnext_small__person_context_25,standardized_multinomial_logistic,0.1,none,768,9958,3327,0.8352870453862339,0.8325822988250989,0.8347541957590187,0.832532220126934,0.4376264959024842,0.2407927414883543,0.0533467842812093,1.5285693000187166,196,required_small,True
label_3,convnext_small__person_context_10,standardized_multinomial_logistic,0.01,balanced,768,9958,3327,0.8325819056206792,0.8319664434023503,0.8336623089673213,0.8336817426039702,0.3940952460139309,0.2332077647927154,0.0190812163177398,1.294610199984163,90,required_small,True
label_3,convnext_small__person_context_25,standardized_multinomial_logistic,0.1,balanced,768,9958,3327,0.830477908025248,0.8302935136638417,0.8312515639616903,0.8328711600462316,0.4472802981277869,0.2473210497443555,0.0570645050750256,2.20181820000289,188,required_small,True
label_3,convnext_small__full_frame,standardized_multinomial_logistic,1.0,balanced,768,9958,3327,0.8313796212804329,0.8300705883156536,0.831974717306316,0.8325590060222642,0.5298950134237752,0.2544051884655404,0.0765012578034283,2.6473096000263467,294,required_small,True
label_3,convnext_small__full_frame,standardized_multinomial_logistic,10.0,none,768,9958,3327,0.8325819056206792,0.8292136057661162,0.8321306111854272,0.8294240018654825,0.5780350999042616,0.2566843652048304,0.0790987085262102,3.162726600014139,380,required_small,True
label_3,convnext_small__full_frame,standardized_multinomial_logistic,100.0,none,768,9958,3327,0.8322813345356177,0.8287862826267767,0.8318197719637964,0.8288914471683192,0.5913771563439502,0.2584189505281599,0.0798020701581992,5.482530399982352,421,required_small,True
label_3,convnext_small__person_context_25,standardized_multinomial_logistic,1.0,none,768,9958,3327,0.8286744815148782,0.8263428616924425,0.8285849310018384,0.8270432203905348,0.5677505356444595,0.2652565676717091,0.0770411026828239,3.671776700008195,380,required_small,True
label_3,convnext_small__full_frame,standardized_multinomial_logistic,10.0,balanced,768,9958,3327,0.8277727682596934,0.826077180282105,0.8283177836778309,0.828479378307683,0.5895627091271392,0.2636077589160119,0.0836564909732963,4.004986700019799,416,required_small,True
label_3,fusion__convnext_small__full_frame__convnext_small__person_context_10,standardized_multinomial_logistic,1.0,none,1536,9958,3327,0.8268710550045085,0.8252284754761358,0.8271652044002603,0.8248012652837765,1.1717169802826854,0.3055984497019577,0.1414560148342096,5.100386299949605,451,required_small,True
label_3,convnext_small__full_frame,standardized_multinomial_logistic,100.0,balanced,768,9958,3327,0.826570483919447,0.8248296885730116,0.82716291684954,0.8272229048806699,0.6015442348086537,0.2652190787633921,0.0856529757278338,5.331697299960069,426,required_small,True
label_3,fusion__convnext_small__full_frame__convnext_small__person_context_10,standardized_multinomial_logistic,1.0,balanced,1536,9958,3327,0.8253681995792005,0.8242055481251956,0.825953046974174,0.8244722712249327,1.1721023906350454,0.3061473154027066,0.1420386284857872,5.253283200028818,474,required_small,True
label_3,convnext_small__person_context_10,standardized_multinomial_logistic,0.1,none,768,9958,3327,0.826570483919447,0.8234468690944023,0.8260534098615226,0.8230478638197781,0.4516740260506147,0.2522013151758789,0.0570535348063626,2.864736199961044,200,required_small,True
label_3,convnext_small__person_context_25,standardized_multinomial_logistic,1.0,balanced,768,9958,3327,0.8220619176435227,0.8217591851673715,0.823003076671946,0.8246507593730357,0.5833289728983039,0.2731296181270936,0.0846496908366634,2.6638771000434645,374,required_small,True
label_3,fusion__convnext_small__person_context_10__convnext_small__person_context_25,standardized_multinomial_logistic,0.1,none,1536,9958,3327,0.8238653441538923,0.8216489690685952,0.8239754013750161,0.8223133909199668,0.5324857511949357,0.2674033692435309,0.0922531899549413,3.1312619000091217,260,required_small,True
label_3,fusion__convnext_small__person_context_10__convnext_small__person_context_25,standardized_multinomial_logistic,0.1,balanced,1536,9958,3327,0.8217613465584611,0.8210522203362866,0.8227731817494074,0.8228232658109779,0.5435766185290684,0.2730995404017565,0.094756330348224,4.731091300025582,280,required_small,True
label_3,convnext_small__person_context_10,standardized_multinomial_logistic,0.1,balanced,768,9958,3327,0.8199579200480914,0.8191103530901183,0.8209524683584953,0.821352677575684,0.4622061319604711,0.2597658363530432,0.0646270905631516,2.717736100021284,204,required_small,True
label_3,convnext_small__person_context_25,standardized_multinomial_logistic,10.0,none,768,9958,3327,0.8214607754733995,0.8185027624759034,0.8212779191573563,0.8192055477827118,0.7335234659051092,0.2831994975135551,0.0927977566614314,6.387516600021627,637,required_small,True
label_3,fusion__convnext_small__full_frame__convnext_small__person_context_10,standardized_multinomial_logistic,10.0,none,1536,9958,3327,0.8196573489630298,0.8172771554295907,0.8197840812360211,0.8170063264188819,3.0905738484146617,0.3475228537526383,0.1699962494551852,11.648820300004443,1050,required_small,True
label_3,fusion__convnext_small__full_frame__convnext_small__person_context_10,standardized_multinomial_logistic,10.0,balanced,1536,9958,3327,0.8190562067929065,0.8168418092285749,0.8192739065648351,0.8167153517042806,3.0747438509140226,0.3470253066981263,0.1692176566711977,10.578005900024436,980,required_small,True
label_3,convnext_small__person_context_25,standardized_multinomial_logistic,100.0,none,768,9958,3327,0.8190562067929065,0.8160866722341219,0.818977893307432,0.8166157410223654,0.8112481441978021,0.288747809663119,0.0952089329174053,9.40315039997222,788,required_small,True
label_3,convnext_small__person_context_25,standardized_multinomial_logistic,10.0,balanced,768,9958,3327,0.8142470694319206,0.8131668311802196,0.8152941599268673,0.8158475880528013,0.7522175521583329,0.2907895867856647,0.1007746417565238,6.216925999964587,615,required_small,True
label_3,fusion__convnext_small__full_frame__convnext_small__person_context_10,standardized_multinomial_logistic,100.0,balanced,1536,9958,3327,0.8145476405169823,0.8127430224983551,0.8150071313524746,0.8126518137761827,4.589355246536504,0.3604568420270524,0.1790453423748741,12.896237300010398,1181,required_small,True
label_3,fusion__convnext_small__full_frame__convnext_small__person_context_10,standardized_multinomial_logistic,100.0,none,1536,9958,3327,0.8145476405169823,0.8126900068043669,0.8149576012936377,0.8122647464363201,4.582865852854299,0.3603340835644317,0.1792267095697534,13.46538310003234,1202,required_small,True
label_3,fusion__convnext_small__full_frame__convnext_small__person_context_25,standardized_multinomial_logistic,1.0,balanced,1536,9958,3327,0.8133453561767358,0.8122000771546648,0.8140896439950737,0.8134275199221364,1.2438081287885314,0.324572498591484,0.1543374015704753,6.71958709997125,493,required_small,True
label_3,fusion__convnext_small__full_frame__convnext_small__person_context_25,standardized_multinomial_logistic,1.0,none,1536,9958,3327,0.8136459272617974,0.8117066071732552,0.8139374072449012,0.8123776790964575,1.2480530164602723,0.3242206341658835,0.1538088964303431,6.386609499983024,487,required_small,True
label_3,fusion__convnext_small__person_context_10__convnext_small__person_context_25,standardized_multinomial_logistic,1.0,none,1536,9958,3327,0.8127442140066126,0.8110426077145624,0.8134071263425598,0.8121973153273719,0.969661512314674,0.3186763821118925,0.1358925647087533,12.015099299955182,596,required_small,True
label_3,convnext_small__person_context_25,standardized_multinomial_logistic,100.0,balanced,768,9958,3327,0.8121430718364894,0.8109740167307192,0.8132391494785547,0.8134146440375529,0.8291234048228241,0.2961235160637092,0.1022259977629477,8.180562299967278,738,required_small,True
label_3,convnext_small__person_context_10,standardized_multinomial_logistic,1.0,none,768,9958,3327,0.8115419296663661,0.8083022465772917,0.8113773603035616,0.8087607822860271,0.5482309497053011,0.2795475594152815,0.0888514137001021,4.904999500024132,375,required_small,True
label_3,fusion__convnext_small__person_context_10__convnext_small__person_context_25,standardized_multinomial_logistic,1.0,balanced,1536,9958,3327,0.8067327923053802,0.8059062706677022,0.807863597267839,0.8078502848916195,0.985551640635356,0.3246981256504263,0.14175581103278,12.564479299995584,614,required_small,True
label_3,convnext_small__person_context_10,standardized_multinomial_logistic,1.0,balanced,768,9958,3327,0.8064322212203187,0.8050337497754252,0.8073341183821555,0.8073832147129792,0.5623339385340111,0.2874826297382925,0.0945109641986518,4.633792800013907,359,required_small,True
label_3,fusion__convnext_small__full_frame__convnext_small__person_context_25,standardized_multinomial_logistic,100.0,none,1536,9958,3327,0.8049293657950105,0.8035892215760567,0.8056192559738136,0.8041655108786018,4.739747435097901,0.3825946175821095,0.1888492884492771,13.050464699976146,1221,required_small,True
label_3,fusion__convnext_small__full_frame__convnext_small__person_context_25,standardized_multinomial_logistic,100.0,balanced,1536,9958,3327,0.8043282236248873,0.8030836466128214,0.8051345231412816,0.803698065575765,4.742022662839536,0.383030579033422,0.1895453368819312,13.56206009996822,1132,required_small,True
label_3,fusion__convnext_small__full_frame__convnext_small__person_context_25,standardized_multinomial_logistic,10.0,none,1536,9958,3327,0.803727081454764,0.801773868710809,0.8041521395812102,0.8025647038546545,3.177394459465552,0.373318369996553,0.1836566900188561,14.96310730004916,1025,required_small,True
label_3,convnext_small__person_context_10,standardized_multinomial_logistic,10.0,balanced,768,9958,3327,0.8034265103697025,0.8016451458341365,0.8042504273148444,0.8041694750288947,0.6191662310912583,0.2978863283912911,0.1040239644714048,3.2521399999968708,455,required_small,True
label_3,convnext_small__person_context_10,standardized_multinomial_logistic,10.0,none,768,9958,3327,0.8049293657950105,0.8014862705669995,0.8047387486843889,0.8022301741792891,0.6041347690610029,0.2899940712004487,0.1007572904146807,3.810494799981825,489,required_small,True
label_3,fusion__convnext_small__full_frame__convnext_small__person_context_25,standardized_multinomial_logistic,10.0,balanced,1536,9958,3327,0.8031259392846408,0.8013980798221377,0.8037784920883135,0.8023078553034452,3.166056088821387,0.3729007222620686,0.1841854011555595,14.468610000039916,992,required_small,True
label_3,convnext_small__person_context_10,standardized_multinomial_logistic,100.0,balanced,768,9958,3327,0.8028253681995792,0.8010220340531485,0.8036399315938665,0.8035910436563457,0.6297573526111945,0.2995593609448471,0.1045136847373399,3.649533900024835,495,required_small,True
label_3,convnext_small__person_context_10,standardized_multinomial_logistic,100.0,none,768,9958,3327,0.8043282236248873,0.8008742967165384,0.8041277783795172,0.8015521321248252,0.6152032056339137,0.2917690589760537,0.1022055098190645,3.677540400007274,490,required_small,True
label_3,fusion__convnext_small__person_context_10__convnext_small__person_context_25,standardized_multinomial_logistic,10.0,none,1536,9958,3327,0.8004207995190863,0.7987611323698909,0.8010597258390333,0.7997149056106414,1.9495608393236832,0.3672058413562428,0.1733603604936312,24.078309700009413,1289,required_small,True
label_3,fusion__convnext_small__person_context_10__convnext_small__person_context_25,standardized_multinomial_logistic,10.0,balanced,1536,9958,3327,0.7974150886684701,0.7960264487938464,0.798233407927763,0.7970988300180465,1.9645602484607667,0.3719069719620344,0.1776776268246411,22.388119000010192,1242,required_small,True
label_3,fusion__convnext_small__person_context_10__convnext_small__person_context_25,standardized_multinomial_logistic,100.0,balanced,1536,9958,3327,0.7932070934776074,0.7920248807975222,0.7938814472810053,0.7934768436847336,3.6992247053153697,0.3958067108770885,0.1939253206911868,31.754886799957603,2000,required_small,False
label_3,fusion__convnext_small__person_context_10__convnext_small__person_context_25,standardized_multinomial_logistic,100.0,none,1536,9958,3327,0.7926059513074842,0.7910692733401415,0.7931102716043079,0.7923889835148125,3.7609676626366415,0.3955952350580589,0.1945109809031455,34.79929120000452,2000,required_small,False
label_4,fusion__dinov2_base__full_frame__dinov2_base__person_context_10,standardized_multinomial_logistic,0.001,balanced,7680,9958,3327,0.9329726480312592,0.9262770271156358,0.9331001190184558,0.9269357685218538,0.174883330936878,0.0969176295755524,0.0177067451761894,8.977269900031388,191,official_multilayer,True
label_4,fusion__dinov2_base__full_frame__dinov2_base__person_context_10,standardized_multinomial_logistic,0.001,none,7680,9958,3327,0.9320709347760744,0.9250299407620322,0.9318957764947708,0.9248674885093506,0.1737370270631773,0.0964041846395698,0.0205397381296478,10.573460299987346,222,official_multilayer,True
label_4,fusion__dinov2_base__full_frame__dinov2_base__person_context_10,standardized_multinomial_logistic,0.01,balanced,7680,9958,3327,0.930868650435828,0.9240411239910248,0.9308549367518698,0.924402719555284,0.1841914617016764,0.1004970257800042,0.0216187895183074,15.294689600006675,338,official_multilayer,True
label_4,fusion__dinov2_base__full_frame__dinov2_base__person_context_10,standardized_multinomial_logistic,0.01,none,7680,9958,3327,0.9299669371806432,0.922772231620928,0.9297923746437732,0.9226004259655896,0.1820704146010516,0.1001287083830535,0.0234500088619839,15.053494399995545,322,official_multilayer,True
label_4,fusion__dinov2_base__full_frame__dinov2_base__person_context_10,standardized_multinomial_logistic,0.1,none,7680,9958,3327,0.927862939585212,0.9208863519182396,0.9278142016764026,0.921021460018594,0.2343033385717678,0.1104479549133541,0.0412883305597752,10.51825480000116,236,official_multilayer,True
label_4,fusion__dinov2_base__full_frame__dinov2_base__person_context_10,standardized_multinomial_logistic,0.1,balanced,7680,9958,3327,0.9269612263300272,0.9199236058059588,0.9269868249468314,0.92028054426968,0.2368145831742273,0.1106514549305759,0.0422304122275796,10.096309799992014,229,official_multilayer,True
label_4,fusion__dinov2_base__full_frame__dinov2_base__person_context_10,standardized_multinomial_logistic,0.0001,none,7680,9958,3327,0.9236549443943493,0.9162110666879,0.9234157440451706,0.9162162827030385,0.2447752724488509,0.1249254183145994,0.0698332161857328,8.847523199976422,189,official_multilayer,True
label_4,fusion__dinov2_base__full_frame__dinov2_base__person_context_10,standardized_multinomial_logistic,0.01,none,1536,9958,3327,0.9221520889690412,0.9150201390317813,0.9222576981080228,0.915331032406206,0.2167660078245523,0.1177955817323713,0.0163446988695701,3.144266100018285,154,capacity_base,True
label_4,dinov2_base__full_frame,standardized_multinomial_logistic,0.001,none,3840,9958,3327,0.9209498046287948,0.9140565317948446,0.9209928208109608,0.9139624717924838,0.2219799884337221,0.1192457543476954,0.0313069723708079,7.210916100011673,251,official_multilayer,True
label_4,dinov2_base__full_frame,standardized_multinomial_logistic,0.001,balanced,3840,9958,3327,0.9203486624586716,0.91388445105451,0.92071909170614,0.9151402281676227,0.2239183638470236,0.1205541922654974,0.0316076295940156,4.335348399996292,149,official_multilayer,True
label_4,fusion__dinov2_base__full_frame__dinov2_base__person_context_10,standardized_multinomial_logistic,0.0001,balanced,7680,9958,3327,0.92004809137361,0.9131567769765964,0.9202784154393556,0.914912760290588,0.2465248483842308,0.1261450908059261,0.0686040324371591,8.40588779997779,175,official_multilayer,True
label_4,fusion__dinov2_base__full_frame__dinov2_base__person_context_10,standardized_multinomial_logistic,0.01,balanced,1536,9958,3327,0.92004809137361,0.912956211549422,0.9203237086119088,0.9137264718366664,0.2199097144254702,0.1189327070949383,0.0192779504192079,3.5241104000015184,162,capacity_base,True
label_4,fusion__dinov2_base__full_frame__dinov2_base__person_context_25,standardized_multinomial_logistic,0.01,none,1536,9958,3327,0.9179440937781784,0.9104358249357294,0.9180493956000212,0.9102589707826724,0.2185530311695871,0.1202952940968058,0.0148820761839474,3.011276300007012,150,capacity_base,True
label_4,fusion__dinov2_base__full_frame__dinov2_base__person_context_25,standardized_multinomial_logistic,0.01,balanced,1536,9958,3327,0.916741809437932,0.9093669512969914,0.9171192934221808,0.9100231490626376,0.2218497038386066,0.1220027378447245,0.0169415285978121,3.126627699995879,154,capacity_base,True
label_4,dinov2_base__full_frame,standardized_multinomial_logistic,0.01,none,3840,9958,3327,0.9158400961827472,0.9083159012372304,0.9158399216343368,0.9083697025779134,0.2205618203827717,0.1214300798527,0.018807673486333,8.951041599968448,350,official_multilayer,True
label_4,dinov2_base__full_frame,standardized_multinomial_logistic,0.01,balanced,3840,9958,3327,0.915238954012624,0.9078748968589736,0.915409254282443,0.9083964020829988,0.2236125709302011,0.1223344762248349,0.0204991790774913,8.205495100002736,308,official_multilayer,True
label_4,dinov2_base__person_context_10,standardized_multinomial_logistic,0.01,balanced,3840,9958,3327,0.913736098587316,0.9072474949878826,0.9138784240786256,0.90884196995081,0.2437951633687553,0.1330502990285921,0.0293229552080956,8.495342799986247,321,official_multilayer,True
label_4,dinov2_base__person_context_10,standardized_multinomial_logistic,0.01,none,3840,9958,3327,0.9134355275022544,0.90648373574198,0.9133716898111172,0.9072936660453876,0.240026065418994,0.1318119716055675,0.0253244069711556,8.610527799988631,313,official_multilayer,True
label_4,dinov2_base__person_context_10,standardized_multinomial_logistic,0.001,balanced,3840,9958,3327,0.9131349564171928,0.9062528947977102,0.9134122678422164,0.9084113276980702,0.2262373622948784,0.1256813243745946,0.0185946535388143,4.98768600000767,183,official_multilayer,True
label_4,dinov2_base__person_context_10,standardized_multinomial_logistic,0.001,none,3840,9958,3327,0.9122332431620078,0.9046261203674784,0.9120426540855744,0.9052090538972096,0.2237478993477905,0.124209635802832,0.0199232418571382,4.936922700027935,176,official_multilayer,True
label_4,dinov2_base__full_frame,standardized_multinomial_logistic,0.1,balanced,3840,9958,3327,0.9110309588217612,0.9038081438577764,0.911133080218354,0.9044877397809216,0.3046617232012625,0.1407028962338437,0.0511704867536218,9.448684600007256,357,official_multilayer,True
label_4,dinov2_base__full_frame,standardized_multinomial_logistic,0.1,none,3840,9958,3327,0.910429816651638,0.902842719474867,0.9104420221424908,0.9033172589760904,0.3001727492098686,0.1398037959786483,0.0488037202608499,9.661365200008731,366,official_multilayer,True
label_4,fusion__dinov2_base__person_context_25__dinov2_small__person_context_25,standardized_multinomial_logistic,0.01,none,1152,9958,3327,0.9101292455665764,0.9026119097972498,0.9101024814491449,0.9028170807403076,0.2345647949540553,0.1323967108925818,0.0155388971336302,3.410629500052892,146,capacity_base,True
label_4,fusion__dinov2_base__full_frame__dinov2_base__person_context_10,standardized_multinomial_logistic,0.1,none,1536,9958,3327,0.9098286744815148,0.9017478711280535,0.909986152725874,0.9021502439068824,0.340504653629863,0.1447615043755292,0.0533811407816086,5.899389500031248,268,capacity_base,True
label_4,dinov2_base__person_context_25,standardized_multinomial_logistic,0.01,none,768,9958,3327,0.9086263901412684,0.9015785010008996,0.9089212113430568,0.9019547195759408,0.2424576510355947,0.1356637071536436,0.0187413673286187,1.0696609999868087,115,capacity_base,True
label_4,fusion__dinov2_base__full_frame__dinov2_small__full_frame,standardized_multinomial_logistic,0.01,balanced,1152,9958,3327,0.9086263901412684,0.901200025425757,0.9089171546259852,0.9019906533442412,0.2442728411306219,0.1352293410240232,0.0187003662822771,3.102372800000012,140,capacity_base,True
label_4,fusion__dinov2_base__person_context_10__dinov2_base__person_context_25,standardized_multinomial_logistic,0.01,none,1536,9958,3327,0.90892696122633,0.9010613661910972,0.9090902627998936,0.9015574730785072,0.2488120331792198,0.1374466259381606,0.0224325907371882,4.880048900027759,168,capacity_base,True
label_4,fusion__dinov2_base__person_context_25__dinov2_small__person_context_25,standardized_multinomial_logistic,0.01,balanced,1152,9958,3327,0.9080252479711453,0.9008897054652852,0.908305956303624,0.902034058921522,0.238356071824861,0.1344006627161052,0.0177614476138987,3.5252325999899767,151,capacity_base,True
label_4,fusion__dinov2_base__full_frame__dinov2_base__person_context_10,standardized_multinomial_logistic,0.1,balanced,1536,9958,3327,0.90892696122633,0.900785880813437,0.9092321550790804,0.9013599465177892,0.3475466841647879,0.1459657259070693,0.0555616619154279,5.460417399997823,264,capacity_base,True
label_4,fusion__dinov2_base__full_frame__dinov2_small__full_frame,standardized_multinomial_logistic,0.01,none,1152,9958,3327,0.9086263901412684,0.9007420039876406,0.908576400940879,0.9004724864558735,0.2401317457688454,0.1333985268641952,0.017862088225656,2.685654900036752,130,capacity_base,True
label_4,fusion__convnext_small__full_frame__dinov2_base__full_frame,standardized_multinomial_logistic,0.01,none,1536,9958,3327,0.9080252479711453,0.9006815913367642,0.9080496441044118,0.900788199155858,0.2503603207875033,0.1349044117265593,0.0155679711184251,2.783045799995307,155,capacity_base,True
label_4,fusion__convnext_small__person_context_25__dinov2_base__person_context_25,standardized_multinomial_logistic,0.01,none,1536,9958,3327,0.9077246768860836,0.900225518088077,0.9079490392826725,0.9008989884742772,0.2482019996117646,0.1392514864933665,0.0218719710533634,2.8300574999884702,161,capacity_base,True
label_4,dinov2_base__full_frame,standardized_multinomial_logistic,0.01,none,768,9958,3327,0.9071235347159604,0.8998651466742746,0.907208624996511,0.8993294361021491,0.2539719749406769,0.1404765627254784,0.0133214968245925,0.714497399982065,98,capacity_base,True
label_4,fusion__convnext_small__full_frame__dinov2_base__full_frame,standardized_multinomial_logistic,0.01,balanced,1536,9958,3327,0.9065223925458372,0.8995668418805627,0.9068595413843362,0.9004728587785893,0.2550179726207325,0.1366788725001963,0.0149562363787548,2.6256055999547243,150,capacity_base,True
label_4,dinov2_base__full_frame,standardized_multinomial_logistic,0.01,balanced,768,9958,3327,0.9062218214607756,0.8995403649640461,0.9067656857921162,0.9005896236219719,0.258020525863765,0.1426298494419667,0.014847903997225,0.8543814999866299,103,capacity_base,True
label_4,dinov2_base__person_context_10,standardized_multinomial_logistic,0.1,none,3840,9958,3327,0.9065223925458372,0.899271246091384,0.9066137712039662,0.9001896597998911,0.3520566568471791,0.1533713224064291,0.056762218610891,11.717865700018592,458,official_multilayer,True
label_4,dinov2_base__person_context_10,standardized_multinomial_logistic,0.1,balanced,3840,9958,3327,0.9056206792906524,0.8983861791994632,0.9058048559414268,0.8996771385747706,0.358004770300194,0.1543198090488631,0.0580306297198095,12.046081200009212,426,official_multilayer,True
label_4,fusion__dinov2_base__person_context_10__dinov2_base__person_context_25,standardized_multinomial_logistic,0.01,balanced,1536,9958,3327,0.9047189660354674,0.8975008027527502,0.90544144636169,0.8993574351146439,0.2535937555924334,0.1400881786054502,0.0221055185735003,4.575856699957512,178,capacity_base,True
label_4,fusion__convnext_small__person_context_25__dinov2_base__person_context_25,standardized_multinomial_logistic,0.01,balanced,1536,9958,3327,0.9047189660354674,0.8972757725319163,0.9052970274285832,0.8987995224715515,0.2525343292350774,0.1416888642121359,0.0260393671394831,2.603239900025073,175,capacity_base,True
label_4,fusion__dinov2_base__full_frame__dinov2_base__person_context_10,standardized_multinomial_logistic,1.0,none,1536,9958,3327,0.905019537120529,0.896943042033685,0.9050023823307096,0.896870661213871,0.5760163746644148,0.1669363436905381,0.0742514646108587,3.522590800013859,232,capacity_base,True
label_4,fusion__dinov2_base__full_frame__dinov2_base__person_context_10,standardized_multinomial_logistic,1.0,balanced,1536,9958,3327,0.9047189660354674,0.8966576420900338,0.904736347834807,0.8967047217276807,0.5854784973186933,0.1678811754100879,0.0733911009219182,4.6326565000345,242,capacity_base,True
label_4,dinov2_base__person_context_25,standardized_multinomial_logistic,0.01,balanced,768,9958,3327,0.9035166816952208,0.8964571289454576,0.9041567860612426,0.897588191029454,0.2465882824583684,0.1381809314665605,0.012727592829836,1.1608954999828711,121,capacity_base,True
label_4,fusion__dinov2_base__full_frame__dinov2_base__person_context_10,standardized_multinomial_logistic,10.0,none,1536,9958,3327,0.9047189660354674,0.8963956155743598,0.9047475742601134,0.8965257088440668,0.8900679285158086,0.1775692321244474,0.0836078184001947,1.8251008999650369,121,capacity_base,True
label_4,dinov2_base__full_frame,standardized_multinomial_logistic,0.0001,none,3840,9958,3327,0.902614968440036,0.8949177867096128,0.9023893566821216,0.8947860479898231,0.3308520490661264,0.1661425686604978,0.102251616877908,2.485490799997933,109,official_multilayer,True
label_4,fusion__dinov2_base__full_frame__dinov2_base__person_context_10,standardized_multinomial_logistic,100.0,balanced,1536,9958,3327,0.9032161106101592,0.8948056462990147,0.9033767223363554,0.8953256431944845,1.4363245667931164,0.1822527578709811,0.0883109657714218,1.6365080999676138,73,capacity_base,True
label_4,dinov2_base__person_context_10,standardized_multinomial_logistic,0.01,none,768,9958,3327,0.9023143973549744,0.8946259795354423,0.9023944724238162,0.8956085133873363,0.2614918696667356,0.1441981137926265,0.0121001906341496,1.0385191999957897,117,capacity_base,True
label_4,fusion__dinov2_base__full_frame__dinov2_base__person_context_10,standardized_multinomial_logistic,100.0,none,1536,9958,3327,0.902614968440036,0.8945798964929041,0.9028743528868692,0.8951898401874138,1.403109045359136,0.1819762496418906,0.0878198146293575,1.5703842000220902,71,capacity_base,True
label_4,fusion__dinov2_base__full_frame__dinov2_base__person_context_10,standardized_multinomial_logistic,10.0,balanced,1536,9958,3327,0.9029155395250976,0.8945291896671207,0.9030298283636178,0.8949336694996473,0.9099707608289128,0.1787207426122809,0.0850696636375774,1.9820500000496395,118,capacity_base,True
label_4,dinov2_base__person_context_10,standardized_multinomial_logistic,0.01,balanced,768,9958,3327,0.9014126840997896,0.8944333781432698,0.9020053792314016,0.8968369350589139,0.2656936341548357,0.1460324608500384,0.0088254522142838,1.160708799958229,122,capacity_base,True
label_4,fusion__convnext_small__person_context_10__dinov2_base__person_context_10,standardized_multinomial_logistic,0.01,balanced,1536,9958,3327,0.9008115419296664,0.8936591360852555,0.901365483410532,0.8959527619589038,0.2750104036568672,0.1478580511443978,0.0264567900355557,2.903275799995754,175,capacity_base,True
label_4,fusion__dinov2_base__full_frame__dinov2_base__person_context_25,standardized_multinomial_logistic,0.1,balanced,1536,9958,3327,0.9020138262699128,0.8934891801132442,0.9023261168497247,0.8938223855321029,0.3458818823471143,0.1551103462919026,0.0570190416367866,5.562278099998366,268,capacity_base,True
label_4,fusion__dinov2_base__full_frame__dinov2_base__person_context_25,standardized_multinomial_logistic,0.1,none,1536,9958,3327,0.9020138262699128,0.8932842931711703,0.9021516676282764,0.8931513520170338,0.3389365418429479,0.1532923326835044,0.0555405851049277,4.889417700003833,273,capacity_base,True
label_4,fusion__convnext_small__person_context_10__dinov2_base__person_context_10,standardized_multinomial_logistic,0.01,none,1536,9958,3327,0.9008115419296664,0.8931970209520581,0.9010662927998278,0.8944169792786019,0.2700823463884302,0.145622129328912,0.0203153413134518,2.8966238999855705,172,capacity_base,True
label_4,fusion__dinov2_base__person_context_10__dinov2_small__person_context_10,standardized_multinomial_logistic,0.01,balanced,1152,9958,3327,0.8996092575894199,0.8926650499704589,0.900180052403312,0.8949794620019241,0.2606480274455516,0.1441402280329612,0.0192973807386128,2.446527799998876,159,capacity_base,True
label_4,fusion__dinov2_small__full_frame__dinov2_small__person_context_10,standardized_multinomial_logistic,0.01,none,768,9958,3327,0.9014126840997896,0.8922267034208755,0.9006321372544707,0.8912266750684934,0.2565576386388907,0.1445965430157001,0.0071391026112027,1.22287649998907,114,required_small,True
label_4,fusion__dinov2_base__person_context_10__dinov2_small__person_context_10,standardized_multinomial_logistic,0.01,none,1152,9958,3327,0.8996092575894199,0.8921970550932478,0.8998413498008065,0.8935970975826925,0.2564061758927287,0.1421181821123798,0.0188957500553662,3.132474199985154,150,capacity_base,True
label_4,dinov2_base__full_frame,standardized_multinomial_logistic,0.0001,balanced,3840,9958,3327,0.8981064021641119,0.8913006098514167,0.8987282171902984,0.893689866797263,0.3339540842783484,0.1681921102101397,0.0991065917847233,2.9525434999959543,95,official_multilayer,True
label_4,fusion__dinov2_small__full_frame__dinov2_small__person_context_10,standardized_multinomial_logistic,0.01,balanced,768,9958,3327,0.8996092575894199,0.891274335122185,0.8993812913045163,0.8916101443702668,0.25864271088405,0.1455514902286258,0.0117802930939883,1.3074298999854364,121,required_small,True
label_4,fusion__dinov2_small__full_frame__dinov2_small__person_context_25,standardized_multinomial_logistic,0.01,balanced,768,9958,3327,0.8984069732491734,0.8905016243012506,0.8985793357684008,0.891446040712639,0.2572490727912973,0.1457158039123381,0.0091305047207664,1.3056234999676235,122,required_small,True
label_4,dinov2_base__person_context_10,standardized_multinomial_logistic,0.0001,balanced,3840,9958,3327,0.8972046889089269,0.8903168196646369,0.897456460072102,0.892726025565825,0.3067626806983849,0.159221325314101,0.0751102196105171,3.018183800042607,98,official_multilayer,True
label_4,dinov2_base__person_context_10,standardized_multinomial_logistic,0.0001,none,3840,9958,3327,0.8981064021641119,0.889820412550245,0.8977879566936592,0.890352165539657,0.3037850672703047,0.1574702222058983,0.0744251024262474,2.448821300000418,81,official_multilayer,True
label_4,fusion__dinov2_small__full_frame__dinov2_small__person_context_25,standardized_multinomial_logistic,0.01,none,768,9958,3327,0.8978058310790502,0.8893535899842183,0.8973090309688969,0.8885863589664361,0.2551517192935804,0.1447120606559577,0.0079104535502837,1.3276023999787867,115,required_small,True
label_4,fusion__dinov2_base__person_context_25__dinov2_small__person_context_25,standardized_multinomial_logistic,0.1,none,1152,9958,3327,0.893297264803126,0.8847205203855352,0.8935240403961551,0.8857639376437272,0.3831885841528042,0.1726312758597434,0.0613736920002926,5.754343300010078,270,capacity_base,True
label_4,fusion__dinov2_base__full_frame__dinov2_base__person_context_25,standardized_multinomial_logistic,100.0,balanced,1536,9958,3327,0.8935978358881875,0.8846918186026572,0.89362736325973,0.8850295512058852,1.3972140817459149,0.2002862351909934,0.097988292404546,2.1896114999544807,83,capacity_base,True
label_4,fusion__dinov2_base__full_frame__dinov2_base__person_context_25,standardized_multinomial_logistic,100.0,none,1536,9958,3327,0.8929966937180643,0.8840443171632055,0.8930448307618835,0.8844198960695315,1.3709498981472643,0.2020143282440986,0.097487827462925,2.077752099954523,85,capacity_base,True
label_4,fusion__convnext_small__full_frame__dinov2_base__full_frame,standardized_multinomial_logistic,0.1,none,1536,9958,3327,0.8917944093778178,0.8837998736547109,0.8919500949237941,0.8845407871609414,0.4007824194238645,0.170511130036874,0.0627029606056283,4.240340199961793,255,capacity_base,True
label_4,fusion__convnext_small__full_frame__dinov2_base__full_frame,standardized_multinomial_logistic,0.1,balanced,1536,9958,3327,0.8911932672076947,0.8834194329176195,0.8915222919433371,0.8845760182068748,0.4105810976577925,0.1724942314133429,0.0636586557211268,4.013490800047293,266,capacity_base,True
label_4,fusion__dinov2_base__full_frame__dinov2_base__person_context_25,standardized_multinomial_logistic,1.0,none,1536,9958,3327,0.8926961226330027,0.8831382243387883,0.8927334817239004,0.8832131075598797,0.579752143558818,0.1837662129345139,0.0820602148830731,5.699296900012996,255,capacity_base,True
label_4,fusion__dinov2_base__full_frame__dinov2_base__person_context_25,standardized_multinomial_logistic,10.0,none,1536,9958,3327,0.8920949804628795,0.8825871521829564,0.892105414788156,0.8827448734081249,0.89632862096146,0.1983374177292454,0.0925815442444892,3.092570200038608,132,capacity_base,True
label_4,fusion__dinov2_base__person_context_25__dinov2_small__person_context_25,standardized_multinomial_logistic,0.1,balanced,1152,9958,3327,0.890892696122633,0.8823747403696013,0.8912744962241106,0.8838661666597094,0.3947014388678348,0.1752099538954792,0.0645560092276751,6.2286014999845065,281,capacity_base,True
label_4,fusion__dinov2_base__full_frame__dinov2_base__person_context_25,standardized_multinomial_logistic,1.0,balanced,1536,9958,3327,0.8911932672076947,0.8817256633691049,0.8913313042987623,0.8820562523247756,0.5893076138448478,0.1846864862749868,0.0832088837225299,6.0471841000253335,256,capacity_base,True
label_4,dinov2_base__person_context_25,standardized_multinomial_logistic,0.1,balanced,768,9958,3327,0.889389840697325,0.881468775677899,0.890187896567139,0.8830085261256361,0.3575796590378228,0.1740203059340226,0.0581142283913836,1.7402815999812449,217,capacity_base,True
label_4,fusion__dinov2_base__full_frame__dinov2_base__person_context_25,standardized_multinomial_logistic,10.0,balanced,1536,9958,3327,0.890892696122633,0.8813249289109133,0.8909740970454602,0.881710747244733,0.9148521709168094,0.1988138684575169,0.0934619736135288,3.204462499998044,135,capacity_base,True
label_4,dinov2_base__person_context_25,standardized_multinomial_logistic,0.1,none,768,9958,3327,0.889389840697325,0.8812400842958432,0.8899304057936153,0.8822363690150612,0.3486030627791796,0.1716736149799415,0.0572018445703325,1.8643946000374851,204,capacity_base,True
label_4,fusion__dinov2_base__full_frame__dinov2_small__full_frame,standardized_multinomial_logistic,0.1,balanced,1152,9958,3327,0.8896904117823865,0.8810886737482833,0.8900233817647031,0.8816927852019973,0.3960450609086253,0.1738985862270464,0.0639332366966234,4.848507400020026,230,capacity_base,True
label_4,fusion__convnext_small__person_context_10__dinov2_base__person_context_10,standardized_multinomial_logistic,0.1,none,1536,9958,3327,0.8878869852720168,0.8802848883531951,0.8882279018634974,0.8822786973955197,0.4572428145293748,0.1862429629226525,0.0697772136463548,4.896708899992518,311,capacity_base,True
label_4,fusion__dinov2_base__full_frame__dinov2_small__full_frame,standardized_multinomial_logistic,0.1,none,1152,9958,3327,0.8890892696122633,0.8800855963759853,0.8891956933667438,0.8801228758203687,0.38513685584238,0.171839309430769,0.0628747666587645,4.661289899959229,227,capacity_base,True
label_4,fusion__convnext_small__person_context_10__dinov2_base__person_context_10,standardized_multinomial_logistic,0.1,balanced,1536,9958,3327,0.886985272016832,0.879690889022676,0.8874658499835987,0.8821218416224806,0.4685939711260476,0.1882763168078186,0.0716727913106048,5.120620700006839,315,capacity_base,True
label_4,fusion__dinov2_base__person_context_10__dinov2_small__person_context_10,standardized_multinomial_logistic,0.1,none,1152,9958,3327,0.8872858431018936,0.8794285596196433,0.8877185816667101,0.8805227060194061,0.4137575482468128,0.1783498274370629,0.0630492669384509,5.523516999965068,299,capacity_base,True
label_4,fusion__dinov2_small__person_context_10__dinov2_small__person_context_25,standardized_multinomial_logistic,0.01,none,768,9958,3327,0.8878869852720168,0.8787812087699106,0.8876392640568487,0.8788429350419869,0.2865284077608487,0.1620264690959497,0.0123541614102646,0.9736195000004956,125,required_small,True
label_4,fusion__dinov2_small__person_context_10__dinov2_small__person_context_25,standardized_multinomial_logistic,0.01,balanced,768,9958,3327,0.8863841298467088,0.8778425033621184,0.8866666852635525,0.8791468862244611,0.2888715063271538,0.1634421653701272,0.0110342221991596,1.0371424000477418,130,required_small,True
label_4,fusion__dinov2_base__person_context_10__dinov2_small__person_context_10,standardized_multinomial_logistic,0.1,balanced,1152,9958,3327,0.8854824165915239,0.8777959616454379,0.8862984607240968,0.8797522054257411,0.4251950447480201,0.1809484089774058,0.0654918854854599,5.997519900032785,300,capacity_base,True
label_4,fusion__dinov2_base__person_context_10__dinov2_base__person_context_25,standardized_multinomial_logistic,0.1,none,1536,9958,3327,0.8857829876765855,0.8771989005031674,0.8863799256611717,0.8778727258082402,0.407827386791563,0.1810617797476874,0.0707030982359474,8.3798210999812,325,capacity_base,True
label_4,dinov2_base__person_context_10,standardized_multinomial_logistic,0.1,balanced,768,9958,3327,0.8851818455064623,0.8769787075531508,0.885654936675053,0.8790016532534377,0.3753455962423282,0.1761994453584316,0.0552598791637085,2.0237382000195794,221,capacity_base,True
label_4,dinov2_base__person_context_10,standardized_multinomial_logistic,0.1,none,768,9958,3327,0.8857829876765855,0.876819017504072,0.8858452347452507,0.8776357997435986,0.3667021825534121,0.1745595183858883,0.0530881006664229,1.8070257999934256,216,capacity_base,True
label_4,fusion__convnext_small__person_context_25__dinov2_base__person_context_25,standardized_multinomial_logistic,0.1,balanced,1536,9958,3327,0.8848812744214006,0.8765199983289027,0.8853468524004587,0.8777843180627226,0.4354421427852049,0.1889073732674066,0.0752075958475349,4.197664699982852,300,capacity_base,True
label_4,fusion__dinov2_base__person_context_10__dinov2_base__person_context_25,standardized_multinomial_logistic,0.1,balanced,1536,9958,3327,0.8845807033363391,0.8762089188358304,0.8853275738051651,0.8771942650969293,0.4186102685378879,0.1836035882881335,0.0752914956653428,7.091580499953125,339,capacity_base,True
label_4,fusion__convnext_small__person_context_25__dinov2_base__person_context_25,standardized_multinomial_logistic,0.1,none,1536,9958,3327,0.8845807033363391,0.8758619840071206,0.8848387507388477,0.8765252348875063,0.4245143397116876,0.1868209353405904,0.0737595562597996,4.19678549998207,303,capacity_base,True
label_4,fusion__convnext_small__full_frame__dinov2_base__full_frame,standardized_multinomial_logistic,100.0,balanced,1536,9958,3327,0.8845807033363391,0.8758607969628639,0.8845545768786481,0.8772485050070269,1.5989923051872663,0.2167179691205689,0.1046685928939209,1.6108778999769129,81,capacity_base,True
label_4,fusion__dinov2_small__full_frame__dinov2_small__person_context_25,standardized_multinomial_logistic,0.1,balanced,768,9958,3327,0.8830778479110309,0.8751646708216145,0.8830519230728686,0.8758701867193758,0.3525844948887544,0.1754538486115393,0.0553276387912239,2.128978199965786,216,required_small,True
label_4,dinov2_base__full_frame,standardized_multinomial_logistic,0.1,balanced,768,9958,3327,0.8842801322512774,0.8746380721963047,0.8844220765363842,0.8751092795501659,0.3726800765569606,0.1792220933147626,0.0606837641114836,1.4483772999956273,159,capacity_base,True
label_4,dinov2_base__full_frame,standardized_multinomial_logistic,0.1,none,768,9958,3327,0.8842801322512774,0.8743647434259825,0.884156750571807,0.8742269145929991,0.3628738283839625,0.1769207882491403,0.0600665375952689,1.2443524000118489,132,capacity_base,True
label_4,fusion__convnext_small__full_frame__dinov2_base__full_frame,standardized_multinomial_logistic,100.0,none,1536,9958,3327,0.8833784189960926,0.8743248494222831,0.8834266301527656,0.8757485055449619,1.613992926752287,0.2152012784459335,0.1061040439166103,1.9128427999676203,72,capacity_base,True
label_4,dinov2_small__person_context_25,standardized_multinomial_logistic,0.01,balanced,384,9958,3327,0.8824767057409078,0.8739339067243566,0.8828517285924982,0.8757621891758018,0.2922847359796189,0.1659603865017056,0.0098053683633848,0.4655004999949597,80,required_small,True
label_4,fusion__dinov2_small__full_frame__dinov2_small__person_context_25,standardized_multinomial_logistic,0.1,none,768,9958,3327,0.8824767057409078,0.8738968877159738,0.8819780890087278,0.8734440597133625,0.3468937986185238,0.1739804400958382,0.0551154676356978,1.9440772000234572,202,required_small,True
label_4,fusion__convnext_small__full_frame__dinov2_base__full_frame,standardized_multinomial_logistic,1.0,balanced,1536,9958,3327,0.8818755635707844,0.8737786792650777,0.8823405832007334,0.8755457333294315,0.6999818527406322,0.2024606337024599,0.090597723524709,3.354011100018397,242,capacity_base,True
label_4,fusion__convnext_small__full_frame__dinov2_small__full_frame,standardized_multinomial_logistic,0.01,balanced,1152,9958,3327,0.8821761346558461,0.8735840839430182,0.8823437100882262,0.8749627500124443,0.3050777573705507,0.1672102438160723,0.0158176355609325,1.9065135999699123,141,required_small,True
label_4,fusion__convnext_small__full_frame__dinov2_small__full_frame,standardized_multinomial_logistic,0.01,none,1152,9958,3327,0.8824767057409078,0.8732865961188997,0.882037951786262,0.8736422884585122,0.3019999067090841,0.1658581507579379,0.0209837375516337,1.7932186999823898,134,required_small,True
label_4,fusion__convnext_small__full_frame__dinov2_base__full_frame,standardized_multinomial_logistic,1.0,none,1536,9958,3327,0.8815749924857229,0.8731792026392814,0.8819159560177356,0.8747349076609541,0.6878865297748237,0.2014000294059532,0.0905097595377432,3.1928131000022404,237,capacity_base,True
label_4,fusion__dinov2_base__person_context_10__dinov2_base__person_context_25,standardized_multinomial_logistic,1.0,none,1536,9958,3327,0.8803727081454764,0.8718645120405676,0.8811185275351651,0.8725357821065045,0.7733747920492143,0.2171080671235394,0.0988219078503148,7.068159000016749,355,capacity_base,True
label_4,dinov2_small__person_context_25,standardized_multinomial_logistic,0.01,none,384,9958,3327,0.8806732792305381,0.8716912070719757,0.8805285851566955,0.872055925690669,0.2900412930017663,0.1645041103576172,0.0136481437289419,0.4540004000300541,79,required_small,True
label_4,fusion__dinov2_small__full_frame__dinov2_small__person_context_10,standardized_multinomial_logistic,0.1,balanced,768,9958,3327,0.8806732792305381,0.8715669852056562,0.880465827749952,0.8721503253502351,0.3559002976018765,0.1816477523497094,0.0562252599147021,2.1600051000132225,213,required_small,True
label_4,fusion__convnext_small__person_context_25__dinov2_small__person_context_25,standardized_multinomial_logistic,0.01,none,1152,9958,3327,0.8806732792305381,0.8708186544388012,0.8803551867149854,0.8700457381708461,0.2995783018701181,0.1682541157788123,0.0195493057967019,1.975224199995864,152,required_small,True
label_4,fusion__dinov2_base__person_context_10__dinov2_base__person_context_25,standardized_multinomial_logistic,1.0,balanced,1536,9958,3327,0.8791704238052299,0.8706500873899876,0.8799862017926857,0.871409063888455,0.7888918863416963,0.2184049258740434,0.097394978971205,7.537312399945222,374,capacity_base,True
label_4,fusion__convnext_small__person_context_25__dinov2_small__person_context_25,standardized_multinomial_logistic,0.01,balanced,1152,9958,3327,0.8794709948902916,0.8705554775845374,0.8799208951553442,0.871311020257483,0.3029531264830299,0.1702141059295076,0.0199989031946853,2.009221799962688,156,required_small,True
label_4,fusion__convnext_small__person_context_10__dinov2_small__person_context_10,standardized_multinomial_logistic,0.01,none,1152,9958,3327,0.8788698527201683,0.8701089063358322,0.8788409395165537,0.8696417948852571,0.3101262271247442,0.173861646120724,0.0121200470300784,1.984116000006907,155,required_small,True
label_4,dinov2_small__person_context_10,standardized_multinomial_logistic,0.01,balanced,384,9958,3327,0.8782687105500451,0.8698326895797461,0.8783096925391206,0.8712598299365251,0.3117119440203119,0.1748183790466025,0.0130566782088786,0.4898441999685019,85,required_small,True
label_4,fusion__convnext_small__full_frame__dinov2_base__full_frame,standardized_multinomial_logistic,10.0,balanced,1536,9958,3327,0.8776675683799219,0.8693636625124753,0.8781869813604691,0.871384889485925,1.0885124680469058,0.2205499815342552,0.104861909673734,2.0720960999606177,131,capacity_base,True
label_4,dinov2_small__full_frame,standardized_multinomial_logistic,0.01,none,384,9958,3327,0.8785692816351067,0.868932909076868,0.8781302591387881,0.8688180740551388,0.3092875785542084,0.1721279242104557,0.0168019950686192,0.4402593999984674,73,required_small,True
label_4,fusion__convnext_small__full_frame__dinov2_base__full_frame,standardized_multinomial_logistic,10.0,none,1536,9958,3327,0.8773669972948602,0.8687236549185438,0.877818835418148,0.8706348900238599,1.073568897422202,0.2195442654374576,0.1040889416202655,1.8117214000085369,129,capacity_base,True
label_4,fusion__dinov2_small__full_frame__dinov2_small__person_context_10,standardized_multinomial_logistic,0.1,none,768,9958,3327,0.8785692816351067,0.8686176674960259,0.8779936219346348,0.8682463565306667,0.3515839186970533,0.1804068420910188,0.0578588406996605,2.1166043000412174,207,required_small,True
label_4,fusion__dinov2_base__person_context_25__dinov2_small__person_context_25,standardized_multinomial_logistic,1.0,none,1152,9958,3327,0.8773669972948602,0.86819850716056,0.8778953072114154,0.869279778357887,0.85875489344446,0.2202515150481746,0.0997496549381307,8.64182509999955,420,capacity_base,True
label_4,dinov2_base__person_context_25,standardized_multinomial_logistic,1.0,none,768,9958,3327,0.876765855124737,0.867895475685893,0.8774833529391844,0.8691180355533408,0.6522930372311138,0.2105848714475105,0.0908990565194047,3.663401499972679,400,capacity_base,True
label_4,fusion__convnext_small__person_context_10__dinov2_base__person_context_10,standardized_multinomial_logistic,1.0,none,1536,9958,3327,0.8755635707844905,0.8676351434079262,0.8759887358009345,0.86954907942832,0.8946134068088292,0.2234083520264206,0.0995286841692615,6.406721800041851,384,capacity_base,True
label_4,fusion__convnext_small__person_context_25__dinov2_base__person_context_25,standardized_multinomial_logistic,100.0,balanced,1536,9958,3327,0.8761647129546137,0.8673621022442736,0.8765985005474057,0.8682438445895865,2.004257903644443,0.2364423120827989,0.1154724358436188,2.075835699972231,128,capacity_base,True
label_4,fusion__convnext_small__person_context_10__dinov2_small__person_context_10,standardized_multinomial_logistic,0.01,balanced,1152,9958,3327,0.8755635707844905,0.8672786111362397,0.876053962492508,0.8686547171946821,0.3126490401202305,0.1751782329916626,0.0158751002726431,1.9567977999686264,166,required_small,True
label_4,fusion__convnext_small__person_context_10__dinov2_base__person_context_10,standardized_multinomial_logistic,1.0,balanced,1536,9958,3327,0.8749624286143673,0.8670927369539442,0.8754868439705011,0.8691678188157599,0.9132260625089434,0.2247169493579026,0.1002068735913403,6.570688100007828,383,capacity_base,True
label_4,fusion__convnext_small__person_context_10__dinov2_base__person_context_10,standardized_multinomial_logistic,100.0,none,1536,9958,3327,0.8752629996994289,0.8670677246650511,0.8756493380122158,0.8693484610684994,2.137644161167507,0.240981471998823,0.115535750086965,3.026115300017409,164,capacity_base,True
label_4,dinov2_base__person_context_25,standardized_multinomial_logistic,1.0,balanced,768,9958,3327,0.8755635707844905,0.8669964673259472,0.8764099602350346,0.8685089325892903,0.6728028898964458,0.2117787816576777,0.0914642798183169,4.185322300007101,417,capacity_base,True
label_4,dinov2_small__full_frame,standardized_multinomial_logistic,0.01,balanced,384,9958,3327,0.8758641418695522,0.8669854793984378,0.8761762489412263,0.8683850986350365,0.311375417708386,0.1730360278873589,0.0134398953321317,0.440249000035692,74,required_small,True
label_4,fusion__dinov2_base__full_frame__dinov2_small__full_frame,standardized_multinomial_logistic,1.0,balanced,1152,9958,3327,0.8764652840396754,0.8669605341746079,0.8769267742066367,0.8675306891534955,0.7868788765293847,0.2171384040909985,0.0976231190904676,6.526187099982053,277,capacity_base,True
label_4,dinov2_small__person_context_10,standardized_multinomial_logistic,0.01,none,384,9958,3327,0.8764652840396754,0.8669342076810834,0.8758089435683425,0.8665530148170238,0.3100385796975821,0.1739226327631976,0.0171874390581068,0.4551284000044688,78,required_small,True
label_4,dinov2_small__person_context_10,standardized_multinomial_logistic,0.1,balanced,384,9958,3327,0.8752629996994289,0.8668164123369514,0.8753451994232454,0.8678956334815308,0.335275263141932,0.1837723944562657,0.0239872793956586,0.6035606999648735,111,required_small,True
label_4,fusion__dinov2_base__person_context_10__dinov2_base__person_context_25,standardized_multinomial_logistic,100.0,none,1536,9958,3327,0.8758641418695522,0.8666016254414202,0.8763204698691911,0.8673912709366078,1.9468438316874697,0.2360849444333321,0.1160094861743509,3.123953699949197,152,capacity_base,True
label_4,fusion__dinov2_base__full_frame__dinov2_small__full_frame,standardized_multinomial_logistic,1.0,none,1152,9958,3327,0.8758641418695522,0.866199322921493,0.8762257674033626,0.8665221581505825,0.7693272966287036,0.2158425121236388,0.0989291056655736,5.405697699985467,272,capacity_base,True
label_4,fusion__convnext_small__person_context_25__dinov2_base__person_context_25,standardized_multinomial_logistic,100.0,none,1536,9958,3327,0.8752629996994289,0.8660711463110439,0.8756277624561524,0.8667654506037281,1.945585267070712,0.2375447198293885,0.1161218730937603,1.9304808999877423,127,capacity_base,True
label_4,fusion__dinov2_base__person_context_25__dinov2_small__person_context_25,standardized_multinomial_logistic,1.0,balanced,1152,9958,3327,0.8749624286143673,0.8660153025531514,0.8755666235586614,0.8673558600410867,0.8809701282868052,0.2221981672758667,0.1019171836210356,8.000499700021464,416,capacity_base,True
label_4,fusion__dinov2_small__person_context_10__dinov2_small__person_context_25,standardized_multinomial_logistic,0.1,balanced,768,9958,3327,0.8746618575293057,0.8659432218429046,0.8747484557297454,0.8672956153065017,0.3599725566131101,0.1881398083433094,0.0511396868897163,1.6076310999924317,181,required_small,True
label_4,fusion__convnext_small__person_context_10__dinov2_base__person_context_10,standardized_multinomial_logistic,100.0,balanced,1536,9958,3327,0.8740607153591824,0.8658799534922229,0.8744433768803569,0.8682881875723254,2.1369028592856294,0.2412748490018693,0.1173060774617419,3.314555699995253,153,capacity_base,True
label_4,fusion__dinov2_base__full_frame__dinov2_small__full_frame,standardized_multinomial_logistic,100.0,balanced,1152,9958,3327,0.8758641418695522,0.8657555803799115,0.8760973238881044,0.8660976876614791,1.913523513196433,0.2386956526495502,0.1170658539301441,3.065574700012803,122,capacity_base,True
label_4,fusion__dinov2_base__person_context_10__dinov2_base__person_context_25,standardized_multinomial_logistic,10.0,balanced,1536,9958,3327,0.8746618575293057,0.8657418706020464,0.8752713031646544,0.8666311100266342,1.275816958087746,0.2340151561859869,0.1111675280591933,5.552445999986958,246,capacity_base,True
label_4,fusion__dinov2_base__person_context_10__dinov2_base__person_context_25,standardized_multinomial_logistic,100.0,balanced,1536,9958,3327,0.8749624286143673,0.8656967418246986,0.87537684294805,0.8665145527185583,2.013411318891188,0.2379776266115939,0.1176261938963299,3.418414700019639,149,capacity_base,True
label_4,dinov2_small__person_context_25,standardized_multinomial_logistic,0.1,balanced,384,9958,3327,0.8740607153591824,0.8656008834263675,0.8743160121218125,0.8672956147685668,0.3208827764468015,0.1777466687930197,0.0372280913354808,0.7219090000144206,130,required_small,True
label_4,dinov2_small__person_context_10,standardized_multinomial_logistic,0.1,none,384,9958,3327,0.8749624286143673,0.865479378383311,0.8743992600661765,0.8649990913202689,0.33468572822535,0.1835377400696234,0.0264154624668948,0.5756444999715313,104,required_small,True
label_4,fusion__dinov2_base__person_context_10__dinov2_base__person_context_25,standardized_multinomial_logistic,10.0,none,1536,9958,3327,0.874361286444244,0.8652483165773449,0.8749100526314187,0.8660748262147324,1.2500648280977305,0.2329635533714042,0.1108083541899336,4.205242299998645,237,capacity_base,True
label_4,fusion__dinov2_base__full_frame__dinov2_small__full_frame,standardized_multinomial_logistic,100.0,none,1152,9958,3327,0.8755635707844905,0.8652298495172849,0.8757514199403417,0.865633995904235,1.8565546780817357,0.2356830720660737,0.115555768343366,2.629905700043309,113,capacity_base,True
label_4,fusion__dinov2_small__person_context_10__dinov2_small__person_context_25,standardized_multinomial_logistic,0.1,none,768,9958,3327,0.8746618575293057,0.8652104584538997,0.874233922723235,0.8655199935361736,0.3568860647931335,0.1864583118217487,0.0499461667161498,1.192644199996721,174,required_small,True
label_4,fusion__dinov2_base__person_context_10__dinov2_small__person_context_10,standardized_multinomial_logistic,1.0,none,1152,9958,3327,0.8725578599338744,0.8647284712353432,0.8733977913950133,0.866365703461848,0.9372660464302424,0.2245092747972823,0.1039281978859383,9.63341260002926,504,capacity_base,True
label_4,dinov2_small__full_frame,standardized_multinomial_logistic,0.1,balanced,384,9958,3327,0.872858431018936,0.8640943081040175,0.8727272920661948,0.8648792736601367,0.3487679077971447,0.1866758103318667,0.0316782283796722,0.5668958000023849,100,required_small,True
label_4,fusion__convnext_small__person_context_25__dinov2_base__person_context_25,standardized_multinomial_logistic,1.0,balanced,1536,9958,3327,0.8731590021039976,0.8639437371167433,0.8733375045775922,0.8646232986731082,0.839593772595335,0.2276554416920343,0.1060284180314836,5.309015499951784,345,capacity_base,True
label_4,fusion__convnext_small__person_context_25__dinov2_base__person_context_25,standardized_multinomial_logistic,1.0,none,1536,9958,3327,0.8731590021039976,0.8638657824959242,0.8732787169991538,0.8643602252756845,0.8231771920349901,0.2265065828020356,0.1059550641806254,4.532700499985367,329,capacity_base,True
label_4,fusion__dinov2_base__person_context_10__dinov2_small__person_context_10,standardized_multinomial_logistic,1.0,balanced,1152,9958,3327,0.8713555755936279,0.8635631782471059,0.8722593231773739,0.8652475167846465,0.96377125973414,0.2262220136238121,0.1051554047202501,10.081967599981,532,capacity_base,True
label_4,fusion__dinov2_small__full_frame__dinov2_small__person_context_25,standardized_multinomial_logistic,1.0,balanced,768,9958,3327,0.8719567177637512,0.8633728622582632,0.8717952134923734,0.8643075843593186,0.6671367531753541,0.2143773772851103,0.0870787104965198,3.5415482000098564,368,required_small,True
label_4,fusion__dinov2_small__full_frame__dinov2_small__person_context_25,standardized_multinomial_logistic,1.0,none,768,9958,3327,0.8716561466786895,0.8628452984391465,0.871241352222538,0.8630802670323477,0.6498261890888785,0.2130130901459695,0.0866515458510621,3.466769299993757,347,required_small,True
label_4,dinov2_small__full_frame,standardized_multinomial_logistic,0.1,none,384,9958,3327,0.8722572888488127,0.8627986051551536,0.8715439481028158,0.8622247521303299,0.3475467974758596,0.1865458915366928,0.0333651918373887,0.5927037000074051,107,required_small,True
label_4,dinov2_small__person_context_25,standardized_multinomial_logistic,0.1,none,384,9958,3327,0.8719567177637512,0.8627426279055337,0.8716591120765809,0.8631024252187924,0.3195610926387871,0.176595702833076,0.0371371192187909,0.6212774000014178,110,required_small,True
label_4,fusion__convnext_small__person_context_10__dinov2_base__person_context_10,standardized_multinomial_logistic,10.0,balanced,1536,9958,3327,0.8701532912533815,0.8622040538847532,0.8707244587584557,0.8644143829175956,1.4525601388741167,0.2411458946418369,0.1145386953678443,4.31272489996627,258,capacity_base,True
label_4,fusion__dinov2_base__person_context_25__dinov2_small__person_context_25,standardized_multinomial_logistic,100.0,balanced,1152,9958,3327,0.8710550045085663,0.8620294328496735,0.8716274524433058,0.8629882271499933,2.257794288013095,0.2473342366272449,0.1199599861928114,4.509595899959095,232,capacity_base,True
label_4,fusion__convnext_small__person_context_10__dinov2_base__person_context_10,standardized_multinomial_logistic,10.0,none,1536,9958,3327,0.870453862338443,0.8620114087262134,0.8709148768685208,0.8641297045819005,1.4370058433896884,0.2404158146153769,0.1138020398826461,4.098738200031221,249,capacity_base,True
label_4,fusion__dinov2_base__person_context_25__dinov2_small__person_context_25,standardized_multinomial_logistic,100.0,none,1152,9958,3327,0.8707544334235047,0.8615745520662196,0.8712260371119525,0.8627182510429123,2.2559562765361063,0.2447969112453202,0.1217297486157113,3.3114256999688223,208,capacity_base,True
label_4,dinov2_base__person_context_10,standardized_multinomial_logistic,1.0,none,768,9958,3327,0.8701532912533815,0.8609665830854272,0.870761196888416,0.8624664840341622,0.68855050436868,0.2175950754703031,0.0914021038019082,3.778654599969741,397,capacity_base,True
label_4,fusion__convnext_small__person_context_25__dinov2_base__person_context_25,standardized_multinomial_logistic,10.0,balanced,1536,9958,3327,0.8695521490832582,0.8603340118495633,0.8698908408535776,0.8610835545321881,1.3621234514147806,0.242398555544399,0.1167514279225322,2.8080006999662146,194,capacity_base,True
label_4,fusion__dinov2_base__full_frame__dinov2_small__full_frame,standardized_multinomial_logistic,10.0,balanced,1152,9958,3327,0.8698527201683198,0.8599617668829853,0.8702421342398352,0.8604624384405165,1.301717132915894,0.2394646150992576,0.1150660095911958,4.218212600040715,191,capacity_base,True
label_4,dinov2_base__person_context_25,standardized_multinomial_logistic,10.0,none,768,9958,3327,0.868951006913135,0.8597529792017584,0.8693758328173665,0.8612507771367028,1.0991319562365305,0.2331505430621843,0.1077969013323326,6.524597499985248,777,capacity_base,True
label_4,dinov2_small__full_frame,standardized_multinomial_logistic,1.0,none,384,9958,3327,0.8692515779981965,0.8597279558864019,0.8681397455979436,0.8588552823348041,0.4145615454293555,0.2005175312076861,0.0499128487741744,0.8778868000372313,169,required_small,True
label_4,fusion__convnext_small__person_context_25__dinov2_base__person_context_25,standardized_multinomial_logistic,10.0,none,1536,9958,3327,0.868951006913135,0.859708775975826,0.869164599339499,0.860361331234096,1.3234634078407377,0.2423334841478178,0.1169304187542982,2.868023999966681,211,capacity_base,True
label_4,fusion__dinov2_base__person_context_10__dinov2_small__person_context_10,standardized_multinomial_logistic,100.0,none,1152,9958,3327,0.8680492936579501,0.8596946944164645,0.8686952618428945,0.8614524998411298,2.463026412139941,0.2525431120597417,0.1251261619989163,5.310647299978882,268,capacity_base,True
label_4,dinov2_base__person_context_25,standardized_multinomial_logistic,10.0,balanced,768,9958,3327,0.8686504358280733,0.8596072132650623,0.8691123023539129,0.8613479110479361,1.1227881053515072,0.2339056043083546,0.1079989073386807,5.686161899997387,778,capacity_base,True
label_4,dinov2_base__person_context_10,standardized_multinomial_logistic,1.0,balanced,768,9958,3327,0.8686504358280733,0.8595354851899493,0.869428369316252,0.8614630470601281,0.7135111778593453,0.2194264777864024,0.0936826292221459,4.23668649996398,416,capacity_base,True
label_4,dinov2_base__full_frame,standardized_multinomial_logistic,1.0,none,768,9958,3327,0.870453862338443,0.859232610709896,0.8701989122579891,0.8593869110813598,0.740845379429504,0.2199082681755806,0.0956577556593401,2.2538761000032537,268,capacity_base,True
label_4,dinov2_base__person_context_25,standardized_multinomial_logistic,100.0,balanced,768,9958,3327,0.8686504358280733,0.8591567816556018,0.8690530433272889,0.8607899984048435,1.498428717750872,0.2397846536801003,0.1110236483466709,11.390676099981649,1415,capacity_base,True
label_4,dinov2_base__person_context_25,standardized_multinomial_logistic,100.0,none,768,9958,3327,0.868951006913135,0.8591237625285815,0.8692228744055396,0.8606496540791321,1.4858576820255054,0.239214601823724,0.1111786798391353,10.486525700020138,1275,capacity_base,True
label_4,fusion__dinov2_base__full_frame__dinov2_small__full_frame,standardized_multinomial_logistic,10.0,none,1152,9958,3327,0.8692515779981965,0.8590734162268129,0.8696486652083609,0.8594362916456693,1.2872166092217063,0.2393786183492196,0.1155463529105537,4.392204600037076,205,capacity_base,True
label_4,dinov2_small__full_frame,standardized_multinomial_logistic,1.0,balanced,384,9958,3327,0.8677487225728885,0.8590185871340058,0.867240371174516,0.8595234305102076,0.4157844654000135,0.2002910143746834,0.0464124936599676,1.037759599974379,176,required_small,True
label_4,dinov2_small__person_context_10,standardized_multinomial_logistic,1.0,balanced,384,9958,3327,0.8671475804027653,0.8588207771264744,0.8669987453315516,0.859756948362404,0.3788173326384646,0.1959033993911266,0.0402345887533102,0.9998596999794244,203,required_small,True
label_4,dinov2_base__full_frame,standardized_multinomial_logistic,1.0,balanced,768,9958,3327,0.8695521490832582,0.8586287013315679,0.8694165422662902,0.8590101923253752,0.7695631666430987,0.2219959576396234,0.0985840079945786,2.344214999990072,270,capacity_base,True
label_4,fusion__convnext_small__person_context_25__dinov2_small__person_context_25,standardized_multinomial_logistic,0.1,none,1152,9958,3327,0.8695521490832582,0.8585955025870933,0.8691159833812816,0.8576677682857361,0.4349234304235942,0.2053343596638044,0.0667390728179254,3.256955399992876,283,required_small,True
label_4,dinov2_small__person_context_25,standardized_multinomial_logistic,1.0,balanced,384,9958,3327,0.8668470093177036,0.8584829784963576,0.8670307455712379,0.8598575480092605,0.392890084406183,0.1944853440079553,0.0556352969775223,1.1732770000235178,234,required_small,True
label_4,fusion__dinov2_base__person_context_25__dinov2_small__person_context_25,standardized_multinomial_logistic,10.0,none,1152,9958,3327,0.8677487225728885,0.858267999954091,0.8683442422016209,0.8595330674715321,1.563830146972382,0.2443757744024243,0.1183283794074196,6.039749899995513,328,capacity_base,True
label_4,dinov2_small__full_frame,standardized_multinomial_logistic,10.0,balanced,384,9958,3327,0.866546438232642,0.8581049361334646,0.8659322494007531,0.8586165752751035,0.4582048017934234,0.2052150182975549,0.0513657677566001,1.0783233999973163,218,required_small,True
label_4,fusion__dinov2_base__person_context_25__dinov2_small__person_context_25,standardized_multinomial_logistic,10.0,balanced,1152,9958,3327,0.8671475804027653,0.8579576747197926,0.8678187122161394,0.8593978171746997,1.5926732936594872,0.2453850920346302,0.1196573338808196,6.302179099991918,357,capacity_base,True
label_4,dinov2_small__full_frame,standardized_multinomial_logistic,10.0,none,384,9958,3327,0.8671475804027653,0.8577210441643943,0.865979887564784,0.8569268221614283,0.4535456516192633,0.2051675819236713,0.0548810494780609,0.9720835000043736,201,required_small,True
label_4,fusion__dinov2_base__person_context_10__dinov2_small__person_context_10,standardized_multinomial_logistic,100.0,balanced,1152,9958,3327,0.8662458671475805,0.8577155657630222,0.8669023011724004,0.8595888555584389,2.4533616642249823,0.2542000622467423,0.1256300307574072,5.658463999978267,285,capacity_base,True
label_4,dinov2_small__person_context_10,standardized_multinomial_logistic,1.0,none,384,9958,3327,0.8671475804027653,0.8576757512476709,0.8663820352456773,0.8571018746602941,0.3796248310478807,0.1964673714922067,0.0418115213252143,0.9427753000054508,186,required_small,True
label_4,dinov2_small__full_frame,standardized_multinomial_logistic,100.0,balanced,384,9958,3327,0.8659452960625188,0.8575563673946759,0.8653420366469482,0.8581080437342555,0.4680810313515777,0.2060746417682864,0.0518189041708393,1.102045100007672,225,required_small,True
label_4,dinov2_small__person_context_25,standardized_multinomial_logistic,1.0,none,384,9958,3327,0.866546438232642,0.8573884062345645,0.8661909365846173,0.8575626816158075,0.3941105134311764,0.1939384453610244,0.0548156613992572,1.0960604999563657,219,required_small,True
label_4,dinov2_small__person_context_10,standardized_multinomial_logistic,100.0,balanced,384,9958,3327,0.8656447249774571,0.8573346438331021,0.865322227973752,0.8583284881890283,0.4042996096870744,0.2013737803441788,0.0482290850155877,1.29184920003172,250,required_small,True
label_4,fusion__convnext_small__person_context_25__dinov2_small__person_context_25,standardized_multinomial_logistic,0.1,balanced,1152,9958,3327,0.8674481514878268,0.8572246377936956,0.8675970661573973,0.8572171776116349,0.4437046395333535,0.207779457391935,0.0688935741993155,2.766631999984384,291,required_small,True
label_4,dinov2_small__full_frame,standardized_multinomial_logistic,100.0,none,384,9958,3327,0.866546438232642,0.8571568547310273,0.8653661206436627,0.8564097590797324,0.461377857691899,0.2058853876497754,0.0577711498381944,1.2238212999654934,219,required_small,True
label_4,fusion__dinov2_small__full_frame__dinov2_small__person_context_10,standardized_multinomial_logistic,1.0,none,768,9958,3327,0.8677487225728885,0.856941070994455,0.8672891253299003,0.8571741459708744,0.6446224130912248,0.2238775813578399,0.0918511811502107,3.3687683999887668,354,required_small,True
label_4,fusion__convnext_small__person_context_10__dinov2_small__person_context_10,standardized_multinomial_logistic,0.1,balanced,1152,9958,3327,0.865043582807334,0.8569313190945745,0.8653597626638442,0.8580921142966902,0.4528277689512796,0.2107759633733485,0.068273697537194,3.3201304000103846,295,required_small,True
label_4,fusion__dinov2_small__full_frame__dinov2_small__person_context_10,standardized_multinomial_logistic,1.0,balanced,768,9958,3327,0.8668470093177036,0.856899899986233,0.8667793642206981,0.8577923603337951,0.6606103799826774,0.2248801067789898,0.0937198922495861,3.240986199991312,375,required_small,True
label_4,dinov2_small__person_context_10,standardized_multinomial_logistic,10.0,balanced,384,9958,3327,0.865043582807334,0.8566823762021321,0.864714690981815,0.8575915621243869,0.4006186706825379,0.2006800264299652,0.0461955396694292,1.2100284000043755,252,required_small,True
label_4,dinov2_small__person_context_10,standardized_multinomial_logistic,10.0,none,384,9958,3327,0.8656447249774571,0.8565034828597001,0.8648489312293093,0.85594501942519,0.4010006945375108,0.201193810654891,0.0474884269397532,1.0722486000158824,215,required_small,True
label_4,dinov2_small__person_context_10,standardized_multinomial_logistic,100.0,none,384,9958,3327,0.8653441538923956,0.8561730833017919,0.8644927564628546,0.8555592169560542,0.4047640707906575,0.2018978222776153,0.0482207811434077,1.0840202000108548,225,required_small,True
label_4,fusion__convnext_small__person_context_10__dinov2_small__person_context_10,standardized_multinomial_logistic,0.1,none,1152,9958,3327,0.8647430117222723,0.8560795424764897,0.8647130347308415,0.8564165394629802,0.4443873481919417,0.2088540619556866,0.0673979290900462,3.6708251999807535,296,required_small,True
label_4,dinov2_small__person_context_25,standardized_multinomial_logistic,10.0,balanced,384,9958,3327,0.8644424406372107,0.8559931301818545,0.8645082080004621,0.8571297067336403,0.4939595280626169,0.2042807923275975,0.0621144607143471,3.194505899969954,416,required_small,True
label_4,fusion__dinov2_base__person_context_10__dinov2_small__person_context_10,standardized_multinomial_logistic,10.0,balanced,1152,9958,3327,0.8638412984670875,0.855746316186883,0.8647089015001397,0.8578116315667692,1.7646122482912836,0.2526589161230629,0.1234160945721518,8.885374300007243,434,capacity_base,True
label_4,fusion__dinov2_base__person_context_10__dinov2_small__person_context_10,standardized_multinomial_logistic,10.0,none,1152,9958,3327,0.8635407273820258,0.8554352536352239,0.8644348545003535,0.8574343606384814,1.7368423471610808,0.252093942200307,0.1232767109304852,8.080917900020722,406,capacity_base,True
label_4,dinov2_small__person_context_25,standardized_multinomial_logistic,100.0,none,384,9958,3327,0.8641418695521491,0.8552461827317089,0.8636896800095244,0.8551296795858561,0.5608662291028178,0.2061990091285757,0.0633115120418932,4.267499600013252,498,required_small,True
label_4,dinov2_small__person_context_25,standardized_multinomial_logistic,10.0,none,384,9958,3327,0.8644424406372107,0.8552320668543502,0.8639055236915808,0.85520919824309,0.4952088190721013,0.2032338448371029,0.0617726302807252,1.7288086999906227,359,required_small,True
label_4,dinov2_base__person_context_10,standardized_multinomial_logistic,10.0,none,768,9958,3327,0.8647430117222723,0.8551851482842884,0.8652142041733089,0.8564761226092916,1.2918712321842551,0.2424139211060671,0.108487331627379,7.179044499993324,831,capacity_base,True
label_4,dinov2_small__person_context_25,standardized_multinomial_logistic,100.0,balanced,384,9958,3327,0.8632401562969643,0.8549851864732203,0.8632334797209151,0.8560779647783141,0.5737019815499017,0.2080160396317388,0.0643773414840591,4.115194000012707,564,required_small,True
label_4,dinov2_base__person_context_10,standardized_multinomial_logistic,100.0,none,768,9958,3327,0.8644424406372107,0.8541898592826543,0.8647160465229268,0.8556311707774221,1.8275531344294496,0.2498057070778461,0.1137556031181269,13.053131700027734,1522,capacity_base,True
label_4,dinov2_base__person_context_10,standardized_multinomial_logistic,10.0,balanced,768,9958,3327,0.8635407273820258,0.85400828252456,0.8642202379270164,0.8558238092307631,1.3255055654275585,0.2422618192603017,0.1104254948086389,7.128082599956542,823,capacity_base,True
label_4,dinov2_base__person_context_10,standardized_multinomial_logistic,100.0,balanced,768,9958,3327,0.8638412984670875,0.8538052007054369,0.8643867271938239,0.8558777332654531,1.8462491447387224,0.2494959137695332,0.1153009423706102,14.843090299982578,1634,capacity_base,True
label_4,fusion__convnext_small__full_frame__dinov2_small__full_frame,standardized_multinomial_logistic,0.1,none,1152,9958,3327,0.8629395852119026,0.8525044115138629,0.8626075020559931,0.8532529331441523,0.4809385609204498,0.2150090423679218,0.0761975158304705,3.1090210000402294,249,required_small,True
label_4,fusion__convnext_small__full_frame__dinov2_small__full_frame,standardized_multinomial_logistic,0.1,balanced,1152,9958,3327,0.8611361587015329,0.8506839176781421,0.8610346763987349,0.8520080277109663,0.4935396516712976,0.2177246947734872,0.0788034719329432,3.324843199981842,251,required_small,True
label_4,fusion__dinov2_small__full_frame__dinov2_small__person_context_25,standardized_multinomial_logistic,10.0,balanced,768,9958,3327,0.8602344454463481,0.8505214621257017,0.8596380854269641,0.8520118668451749,1.3849506085867045,0.2514239752078013,0.1132368769545086,7.791572500020266,892,required_small,True
label_4,fusion__dinov2_small__person_context_10__dinov2_small__person_context_25,standardized_multinomial_logistic,1.0,balanced,768,9958,3327,0.8593327321911632,0.8499033808618027,0.859432617286465,0.8514625139665847,0.5727037957831552,0.2256649601108986,0.088877880858542,3.7175446000183,447,required_small,True
label_4,fusion__dinov2_small__full_frame__dinov2_small__person_context_10,standardized_multinomial_logistic,10.0,none,768,9958,3327,0.8587315900210399,0.848850964970932,0.8580649211752659,0.849093402256429,1.3082788287688094,0.2496897465328121,0.1147621968610113,6.909321099985391,833,required_small,True
label_4,dinov2_base__full_frame,standardized_multinomial_logistic,10.0,none,768,9958,3327,0.8611361587015329,0.8488138607557223,0.8609715966553434,0.8490857245259466,1.598809359473478,0.2582864875338443,0.1226186303678578,4.257212699973024,567,capacity_base,True
label_4,fusion__dinov2_small__full_frame__dinov2_small__person_context_25,standardized_multinomial_logistic,10.0,none,768,9958,3327,0.8590321611061016,0.8487781706856853,0.8581609121921338,0.849427255234932,1.346693816019568,0.249929322835269,0.1134525726325442,8.710443200019654,793,required_small,True
label_4,dinov2_base__full_frame,standardized_multinomial_logistic,10.0,balanced,768,9958,3327,0.8608355876164713,0.8487533247066583,0.8608204137781421,0.8492175373108101,1.6456624250602612,0.2593126163074212,0.1232263241509415,5.1042647999711335,597,capacity_base,True
label_4,fusion__dinov2_small__full_frame__dinov2_small__person_context_10,standardized_multinomial_logistic,10.0,balanced,768,9958,3327,0.8584310189359784,0.8485548934178325,0.8578795247234235,0.8490894125721568,1.3419162590035203,0.2508709058440375,0.1137698171372792,8.539580799988471,955,required_small,True
label_4,fusion__dinov2_small__person_context_10__dinov2_small__person_context_25,standardized_multinomial_logistic,1.0,none,768,9958,3327,0.8584310189359784,0.8484546768287865,0.8581112075063387,0.8488818920406139,0.5647544487046002,0.2235348100749253,0.0874636476810329,4.0872051999904215,430,required_small,True
label_4,dinov2_base__full_frame,standardized_multinomial_logistic,100.0,none,768,9958,3327,0.8593327321911632,0.847860173260041,0.8593294795018566,0.848250931990246,2.9827130348557054,0.2736183293676949,0.1339035588903981,9.659993600042071,1149,capacity_base,True
label_4,dinov2_base__full_frame,standardized_multinomial_logistic,100.0,balanced,768,9958,3327,0.8584310189359784,0.8473076322744995,0.8584550318369611,0.8477901527204519,3.110050728585342,0.2744656573934981,0.1340686777153326,9.701727699954064,1174,capacity_base,True
label_4,fusion__dinov2_small__person_context_10__dinov2_small__person_context_25,standardized_multinomial_logistic,10.0,balanced,768,9958,3327,0.8536218815749925,0.8442503347800883,0.8536291834260642,0.8452359574230937,1.01266625910674,0.2507872275207476,0.1054611707830545,7.774967900011688,847,required_small,True
label_4,fusion__dinov2_small__person_context_10__dinov2_small__person_context_25,standardized_multinomial_logistic,10.0,none,768,9958,3327,0.8533213104899309,0.8437571851152648,0.8530180832906299,0.8438405190685032,0.986733130130476,0.2498806474957288,0.1071250197504457,7.948058300011326,844,required_small,True
label_4,fusion__dinov2_small__full_frame__dinov2_small__person_context_10,standardized_multinomial_logistic,100.0,balanced,768,9958,3327,0.8536218815749925,0.8435131415613514,0.8532504213960721,0.8445040977016119,2.098941131581219,0.2629587809356169,0.1234845213369463,18.20675940002548,1864,required_small,True
label_4,fusion__dinov2_small__full_frame__dinov2_small__person_context_10,standardized_multinomial_logistic,100.0,none,768,9958,3327,0.8530207394048692,0.8428864768573519,0.8524708331914861,0.8434603351148304,2.076259269409356,0.2624482101253261,0.123872892323599,11.524522899999283,1847,required_small,True
label_4,fusion__dinov2_small__full_frame__dinov2_small__person_context_25,standardized_multinomial_logistic,100.0,balanced,768,9958,3327,0.8518184550646228,0.8418967581274619,0.851271107894916,0.8433635740642477,2.13484535981165,0.2697651586241501,0.1259831833184596,14.207771800050978,1675,required_small,True
label_4,fusion__dinov2_small__full_frame__dinov2_small__person_context_25,standardized_multinomial_logistic,100.0,none,768,9958,3327,0.8506161707243763,0.8401414155803789,0.8498480870445702,0.84096414656332,2.11615130693122,0.2682731304955707,0.1266922318195149,12.920547400019132,1565,required_small,True
label_4,fusion__convnext_small__person_context_10__dinov2_small__person_context_10,standardized_multinomial_logistic,1.0,balanced,1152,9958,3327,0.8473098887886985,0.8387393169179864,0.847483381577321,0.8394727057898872,0.9532531250773084,0.2662662033190142,0.1182815105202362,5.898639800027013,572,required_small,True
label_4,fusion__convnext_small__person_context_10__dinov2_small__person_context_10,standardized_multinomial_logistic,1.0,none,1152,9958,3327,0.8467087466185753,0.8378603563764876,0.846810098109435,0.8380647462101765,0.9274004319244962,0.2639860238943612,0.1170911718821645,6.109190899995156,547,required_small,True
label_4,fusion__dinov2_small__person_context_10__dinov2_small__person_context_25,standardized_multinomial_logistic,100.0,none,768,9958,3327,0.8464081755335137,0.8358459276334371,0.8459478706545699,0.8362279818200936,1.9361958295536148,0.2716091356835661,0.120752068775545,17.900192599976435,1989,required_small,True
label_4,fusion__dinov2_small__person_context_10__dinov2_small__person_context_25,standardized_multinomial_logistic,100.0,balanced,768,9958,3327,0.8449053201082056,0.8349799381429223,0.844775108915042,0.8361557387331675,1.994472332110812,0.2725214356726415,0.1218109641024745,16.750480799993966,2000,required_small,False
label_4,fusion__convnext_small__person_context_25__dinov2_small__person_context_25,standardized_multinomial_logistic,1.0,none,1152,9958,3327,0.8473098887886985,0.8343999145977689,0.8467756634923028,0.8336204539296005,0.9251679586290912,0.2607086215599,0.1173662152340728,4.393526699976064,543,required_small,True
label_4,fusion__convnext_small__person_context_25__dinov2_small__person_context_25,standardized_multinomial_logistic,1.0,balanced,1152,9958,3327,0.8467087466185753,0.834243616370276,0.8464583655604861,0.8338408690848492,0.95005168943881,0.2632046213152044,0.1181710960143711,4.5069045999553055,561,required_small,True
label_4,fusion__convnext_small__full_frame__dinov2_small__full_frame,standardized_multinomial_logistic,1.0,none,1152,9958,3327,0.8428013225127743,0.8304290548435777,0.8420978434171112,0.831018597774269,1.098932752044273,0.2760686614735408,0.1276881936839017,5.198953300016001,451,required_small,True
label_4,fusion__convnext_small__full_frame__dinov2_small__full_frame,standardized_multinomial_logistic,1.0,balanced,1152,9958,3327,0.8418996092575894,0.8300132611699518,0.8414145029434933,0.8309543340558876,1.1288455508610369,0.2775681343181724,0.1293062422823571,5.482327799953055,473,required_small,True
label_4,fusion__convnext_small__full_frame__convnext_small__person_context_10,standardized_multinomial_logistic,0.01,balanced,1536,9958,3327,0.8367899008115419,0.8299148815551505,0.837248923372205,0.8326388388250755,0.4437625781509202,0.241746867777047,0.0376724469247708,2.4973340000142343,156,required_small,True
label_4,fusion__convnext_small__full_frame__convnext_small__person_context_25,standardized_multinomial_logistic,0.01,balanced,1536,9958,3327,0.8379921851517884,0.8299131465213814,0.8380876744013043,0.8314901433460387,0.4518310184886063,0.2459977812504824,0.0410383390690307,2.399011400004383,156,required_small,True
label_4,fusion__convnext_small__full_frame__convnext_small__person_context_10,standardized_multinomial_logistic,0.01,none,1536,9958,3327,0.8361887586414187,0.828695813745079,0.8361401491260733,0.8297559227714755,0.4390457936863617,0.2391578669747058,0.0347512485911396,2.888235500024166,157,required_small,True
label_4,fusion__convnext_small__full_frame__convnext_small__person_context_25,standardized_multinomial_logistic,0.01,none,1536,9958,3327,0.8376916140667268,0.8283773465995016,0.8370906646746792,0.8282038095693035,0.4469359660173965,0.2440176984487295,0.0437564250978675,2.8357814999762923,152,required_small,True
label_4,fusion__convnext_small__full_frame__dinov2_small__full_frame,standardized_multinomial_logistic,10.0,balanced,1152,9958,3327,0.8361887586414187,0.8237960697434664,0.8359243072299487,0.8245658277104786,2.2248787211112013,0.3086443753736064,0.1484146004537825,4.313699299993459,540,required_small,True
label_4,fusion__convnext_small__full_frame__dinov2_small__full_frame,standardized_multinomial_logistic,100.0,none,1152,9958,3327,0.8358881875563571,0.8235183809913449,0.8354868395122551,0.8239073148825946,3.188089002001508,0.3149994297575809,0.1554541952332977,3.15973249997478,395,required_small,True
label_4,fusion__convnext_small__full_frame__dinov2_small__full_frame,standardized_multinomial_logistic,10.0,none,1152,9958,3327,0.8355876164712954,0.8229537176300932,0.8351837073182898,0.823658420303071,2.196378550403049,0.3081180516026365,0.1482186920002443,5.418047799961641,531,required_small,True
label_4,fusion__convnext_small__full_frame__dinov2_small__full_frame,standardized_multinomial_logistic,100.0,balanced,1152,9958,3327,0.8337841899609257,0.821535226493739,0.8334237404777906,0.8220140862930874,3.237688306125384,0.3191002929947832,0.156551416268188,3.145875500049442,381,required_small,True
label_4,fusion__convnext_small__person_context_25__dinov2_small__person_context_25,standardized_multinomial_logistic,100.0,balanced,1152,9958,3327,0.834385332131049,0.821453842842039,0.834146969640495,0.8212241644543194,3.5337435296242363,0.3221027765650766,0.1583131617648571,9.707650299998932,756,required_small,True
label_4,fusion__convnext_small__person_context_25__dinov2_small__person_context_25,standardized_multinomial_logistic,100.0,none,1152,9958,3327,0.8334836188758642,0.8206188945600978,0.8334447518392248,0.820407719732444,3.505368767225951,0.3229470559777998,0.1594977039904999,9.32378219999373,774,required_small,True
label_4,fusion__convnext_small__person_context_25__dinov2_small__person_context_25,standardized_multinomial_logistic,10.0,none,1152,9958,3327,0.830477908025248,0.8173560059441165,0.830256907528345,0.8173997414397693,2.3194684065324567,0.3194990650594815,0.1564894819152157,7.073159699968528,866,required_small,True
label_4,fusion__convnext_small__person_context_25__dinov2_small__person_context_25,standardized_multinomial_logistic,10.0,balanced,1152,9958,3327,0.8301773369401864,0.8170326952118911,0.8300254830879709,0.8169821731223882,2.3600654958665603,0.3208804445151137,0.1568992972605242,8.00051500002155,902,required_small,True
label_4,fusion__convnext_small__person_context_10__dinov2_small__person_context_10,standardized_multinomial_logistic,10.0,none,1152,9958,3327,0.8262699128343853,0.816601247932857,0.8265829143193042,0.8169275436756565,2.362923351360744,0.3281415739381653,0.1621686555032924,11.70307370001683,1085,required_small,True
label_4,fusion__convnext_small__person_context_10__dinov2_small__person_context_10,standardized_multinomial_logistic,10.0,balanced,1152,9958,3327,0.8253681995792005,0.8158039162984433,0.8257190891142572,0.8163138988550306,2.409612377851034,0.3292224742387999,0.1614329136684994,12.544370100018568,1098,required_small,True
label_4,convnext_small__full_frame,standardized_multinomial_logistic,0.01,none,768,9958,3327,0.8235647730688308,0.8143145086922929,0.8230998450233029,0.8146782458600884,0.4705067578465984,0.2548032559252628,0.0165245705246913,0.6457564000156708,88,required_small,True
label_4,fusion__convnext_small__person_context_10__dinov2_small__person_context_10,standardized_multinomial_logistic,100.0,none,1152,9958,3327,0.8235647730688308,0.8136397066940588,0.8240584869703083,0.8137042447945468,4.211915937940612,0.344500955493101,0.1712189412566856,14.944194399984552,1314,required_small,True
label_4,fusion__convnext_small__person_context_10__dinov2_small__person_context_10,standardized_multinomial_logistic,100.0,balanced,1152,9958,3327,0.822663059813646,0.8127151398528579,0.8231453803118414,0.8129110343800687,4.245862814377994,0.3463152434110793,0.1719318002350862,16.083345299994107,1334,required_small,True
label_4,convnext_small__full_frame,standardized_multinomial_logistic,0.01,balanced,768,9958,3327,0.8205590622182146,0.8125422192140415,0.8209283691678674,0.8147327486769311,0.4741386618567569,0.2569670333622688,0.0128407676672822,0.7287361000198871,88,required_small,True
label_4,convnext_small__full_frame,standardized_multinomial_logistic,0.1,balanced,768,9958,3327,0.8130447850916742,0.8048573048779883,0.813603269868985,0.807062297709559,0.5648334474398875,0.281057442612124,0.0633788302102437,1.5916743999696337,166,required_small,True
label_4,convnext_small__full_frame,standardized_multinomial_logistic,0.1,none,768,9958,3327,0.8115419296663661,0.8021199733338116,0.8113661728556412,0.80263162992284,0.5628789563607599,0.2800296872884665,0.0632712976658282,2.060981999966316,166,required_small,True
label_4,fusion__convnext_small__full_frame__convnext_small__person_context_25,standardized_multinomial_logistic,0.1,none,1536,9958,3327,0.8094379320709347,0.7997890400125085,0.8091101794270597,0.7994377371127639,0.7150578369673739,0.3041152590428604,0.1166100413765824,4.297371900000144,258,required_small,True
label_4,fusion__convnext_small__person_context_10__convnext_small__person_context_25,standardized_multinomial_logistic,0.01,balanced,1536,9958,3327,0.807634505560565,0.7994133694712091,0.8077899837890644,0.801687957809546,0.4800950373195152,0.2689243331590663,0.0428520965321453,1.777110199967865,169,required_small,True
label_4,fusion__convnext_small__full_frame__convnext_small__person_context_25,standardized_multinomial_logistic,0.1,balanced,1536,9958,3327,0.807634505560565,0.7987071135580435,0.8077604512098413,0.7995666645579617,0.7261237059640917,0.3059453756561457,0.1148144149116953,3.99034419999225,268,required_small,True
label_4,convnext_small__person_context_10,standardized_multinomial_logistic,0.01,none,768,9958,3327,0.8073339344755035,0.7982555469949781,0.8070854751399644,0.7985562971885511,0.4845965912485805,0.2719910517693225,0.022663032600479,1.6068869999726303,100,required_small,True
label_4,fusion__convnext_small__full_frame__convnext_small__person_context_10,standardized_multinomial_logistic,0.1,none,1536,9958,3327,0.8079350766456267,0.7978778958823384,0.8076772791205404,0.7993455179187569,0.6941141846351357,0.300479160203276,0.114122861611865,3.8872618000023063,253,required_small,True
label_4,convnext_small__person_context_25,standardized_multinomial_logistic,0.01,balanced,768,9958,3327,0.806131650135257,0.7977580756766391,0.8064764525617701,0.8009334441766245,0.4783386465596352,0.2684931873901337,0.0211464374239061,1.612940400023945,111,required_small,True
label_4,convnext_small__person_context_10,standardized_multinomial_logistic,0.01,balanced,768,9958,3327,0.8046287947099489,0.7972792519423865,0.805224403722448,0.8002261013429295,0.4889039201261106,0.2741452385813369,0.0227497774877658,1.2788844999740832,106,required_small,True
label_4,fusion__convnext_small__person_context_10__convnext_small__person_context_25,standardized_multinomial_logistic,0.01,none,1536,9958,3327,0.8067327923053802,0.797118219485029,0.8061249309663495,0.797890179466578,0.4761805952370739,0.2670009594247252,0.0439822835616871,1.7902130999718793,174,required_small,True
label_4,fusion__convnext_small__full_frame__convnext_small__person_context_10,standardized_multinomial_logistic,0.1,balanced,1536,9958,3327,0.8049293657950105,0.795999312267732,0.8052811892249585,0.7983295586437327,0.7058156580964772,0.3036112776707979,0.1184580192698678,4.551919199991971,265,required_small,True
label_4,convnext_small__person_context_25,standardized_multinomial_logistic,0.01,none,768,9958,3327,0.8043282236248873,0.7941390231580416,0.8038150936734396,0.7947807329414012,0.4732929095787916,0.265826083367965,0.0274708805380837,1.3982257000170648,96,required_small,True
label_4,convnext_small__full_frame,standardized_multinomial_logistic,1.0,balanced,768,9958,3327,0.802224226029456,0.793153893753576,0.8023457218654271,0.79540873266397,0.7224788057025743,0.3099680991284015,0.0961642526316344,2.513479299959726,331,required_small,True
label_4,convnext_small__full_frame,standardized_multinomial_logistic,1.0,none,768,9958,3327,0.8010219416892095,0.790374523066385,0.8004503219038505,0.79106049655987,0.7249240722188637,0.3105055144078608,0.099149196060282,2.274037200026214,302,required_small,True
label_4,convnext_small__full_frame,standardized_multinomial_logistic,10.0,balanced,768,9958,3327,0.7971145175834085,0.7882853549618267,0.7970507037110094,0.7901769022420125,0.8312223735083862,0.3241264535426778,0.109866917229057,6.7262761000311,480,required_small,True
label_4,convnext_small__full_frame,standardized_multinomial_logistic,100.0,balanced,768,9958,3327,0.7962128043282236,0.7873132888054375,0.796118104031729,0.7891814446365231,0.8567967775973612,0.3269524057465567,0.1135618021378451,7.360714200010989,537,required_small,True
label_4,convnext_small__person_context_25,standardized_multinomial_logistic,0.1,balanced,768,9958,3327,0.7932070934776074,0.7844234631593169,0.7938715351060925,0.7857909513745529,0.5809548206310101,0.2995249447090395,0.076960333603976,2.630918400012888,201,required_small,True
label_4,convnext_small__full_frame,standardized_multinomial_logistic,10.0,none,768,9958,3327,0.7941088067327923,0.7835591333497247,0.7933399979334135,0.78407176396619,0.8337732603129365,0.3250482971064085,0.1136009841184097,5.804045199998654,438,required_small,True
label_4,convnext_small__person_context_25,standardized_multinomial_logistic,0.1,none,768,9958,3327,0.7920048091373609,0.7816157519098212,0.7916368790389589,0.7813965918305897,0.5744623142645537,0.2969825702315423,0.0780581068611427,2.9808626999729317,200,required_small,True
label_4,convnext_small__full_frame,standardized_multinomial_logistic,100.0,none,768,9958,3327,0.7920048091373609,0.7814585922192254,0.7912429123826084,0.7819666512243472,0.8579769625142488,0.3278893085418363,0.117036133565327,6.959258000017144,489,required_small,True
label_4,convnext_small__person_context_10,standardized_multinomial_logistic,0.1,balanced,768,9958,3327,0.7899008115419297,0.7813799385635106,0.7903451640032924,0.784380450554238,0.586860601032505,0.3057649251007448,0.0782989848928071,2.20807239995338,209,required_small,True
label_4,convnext_small__person_context_10,standardized_multinomial_logistic,0.1,none,768,9958,3327,0.7914036669672377,0.7813584647152193,0.7907761839770419,0.7821509250759887,0.5815449989379711,0.3039090849326011,0.075063142038327,2.251821200014092,207,required_small,True
label_4,fusion__convnext_small__full_frame__convnext_small__person_context_10,standardized_multinomial_logistic,1.0,none,1536,9958,3327,0.7902013826269912,0.7791487071014971,0.7896272551982959,0.780697601764025,1.5153004095549296,0.3744411372002327,0.1740723384869146,6.612987999978941,454,required_small,True
label_4,fusion__convnext_small__person_context_10__convnext_small__person_context_25,standardized_multinomial_logistic,0.1,none,1536,9958,3327,0.7886985272016832,0.7790908011303946,0.7881502700516396,0.7794481544742632,0.6946105426871707,0.3194175649108527,0.1175760163684107,2.84443320002174,287,required_small,True
label_4,fusion__convnext_small__person_context_10__convnext_small__person_context_25,standardized_multinomial_logistic,0.1,balanced,1536,9958,3327,0.7871956717763751,0.7783232561176687,0.7871220192093783,0.779708342532021,0.7014177819420438,0.3208892727944276,0.1188844887413422,2.8962006000219844,288,required_small,True
label_4,fusion__convnext_small__full_frame__convnext_small__person_context_10,standardized_multinomial_logistic,100.0,none,1536,9958,3327,0.7868951006913135,0.7768863416688455,0.7866266108378949,0.778347583051061,4.193645369383055,0.4122135655613294,0.2017528399268075,6.5745000000461005,445,required_small,True
label_4,fusion__convnext_small__full_frame__convnext_small__person_context_10,standardized_multinomial_logistic,1.0,balanced,1536,9958,3327,0.7877968139464984,0.7768244879799832,0.7873997240086256,0.7785623520051274,1.545520789172848,0.3765213507901231,0.1766011921559481,7.477539299987256,470,required_small,True
label_4,fusion__convnext_small__full_frame__convnext_small__person_context_10,standardized_multinomial_logistic,100.0,balanced,1536,9958,3327,0.7859933874361287,0.7759253761749414,0.7857726599450245,0.7773521254455715,4.223745012590709,0.4129263898332304,0.2030029703104547,6.838382999994792,458,required_small,True
label_4,fusion__convnext_small__full_frame__convnext_small__person_context_25,standardized_multinomial_logistic,1.0,balanced,1536,9958,3327,0.7811842500751428,0.7715267575475345,0.7813686598313268,0.7715596481288541,1.6089115382939865,0.3828464535833891,0.181436772434999,6.890625200001523,450,required_small,True
label_4,convnext_small__person_context_25,standardized_multinomial_logistic,1.0,balanced,768,9958,3327,0.780282536819958,0.7709928538102749,0.7805711756593215,0.7726816728643946,0.8297575858240487,0.3433169123277523,0.1227626340735373,5.7095343000255525,421,required_small,True
label_4,fusion__convnext_small__full_frame__convnext_small__person_context_25,standardized_multinomial_logistic,1.0,none,1536,9958,3327,0.7808836789900812,0.7707581018060424,0.7809003990513254,0.7706391673240232,1.582927476702854,0.3821695259308794,0.1814781628091925,6.691435199987609,445,required_small,True
label_4,convnext_small__person_context_25,standardized_multinomial_logistic,1.0,none,768,9958,3327,0.7805831079050195,0.7706124035428754,0.780316734532476,0.7710487562728595,0.822609932769653,0.3417724104356631,0.1213524293122318,4.753385299991351,399,required_small,True
label_4,fusion__convnext_small__full_frame__convnext_small__person_context_10,standardized_multinomial_logistic,10.0,none,1536,9958,3327,0.7811842500751428,0.7706047734507422,0.7809020810401858,0.7720986900853423,2.9036739766172586,0.4098522373033174,0.1997975737252135,9.279900300025474,587,required_small,True
label_4,fusion__convnext_small__full_frame__convnext_small__person_context_10,standardized_multinomial_logistic,10.0,balanced,1536,9958,3327,0.7805831079050195,0.7701526968117967,0.7803775745305865,0.7718617634827659,2.9483999596436403,0.4110829779991311,0.200740913507382,8.031733500014525,587,required_small,True
label_4,fusion__convnext_small__person_context_10__convnext_small__person_context_25,standardized_multinomial_logistic,1.0,none,1536,9958,3327,0.7793808235647731,0.7695855914956489,0.7789656002086621,0.7699367408213592,1.4278917051379842,0.38850901093389,0.1728673683297549,5.382900899974629,586,required_small,True
label_4,fusion__convnext_small__person_context_10__convnext_small__person_context_25,standardized_multinomial_logistic,1.0,balanced,1536,9958,3327,0.7781785392245266,0.7687943846303302,0.7780528966059358,0.7694111456608803,1.4494218087345936,0.3901642892220676,0.1740713082427215,5.586277100024745,595,required_small,True
label_4,fusion__convnext_small__full_frame__convnext_small__person_context_25,standardized_multinomial_logistic,100.0,none,1536,9958,3327,0.7757739705440336,0.7655321772494454,0.7761230473515527,0.7654772473595641,4.321729151116187,0.4315374658837703,0.2110291442125417,6.806494499964174,454,required_small,True
label_4,fusion__convnext_small__full_frame__convnext_small__person_context_25,standardized_multinomial_logistic,10.0,balanced,1536,9958,3327,0.7736699729486023,0.7639203303081703,0.7739580449066175,0.7637533946923465,3.090296977532021,0.4262698866806643,0.2086818078028692,9.319328900019173,620,required_small,True
label_4,fusion__convnext_small__full_frame__convnext_small__person_context_25,standardized_multinomial_logistic,10.0,none,1536,9958,3327,0.7736699729486023,0.7636308239490363,0.7738125234747715,0.7634556424212926,3.0542448122427386,0.4261385499028863,0.2086304895556386,8.521093099960126,598,required_small,True
label_4,convnext_small__person_context_10,standardized_multinomial_logistic,1.0,none,768,9958,3327,0.7733694018635408,0.7635075686231283,0.7725268509297764,0.763935487002559,0.7606401602226949,0.3426253231444609,0.1193877367418179,4.661018799990416,388,required_small,True
label_4,convnext_small__person_context_10,standardized_multinomial_logistic,1.0,balanced,768,9958,3327,0.7709648331830478,0.7627541614334368,0.7709946254332352,0.7651178129199927,0.7666013417186885,0.3437866244740309,0.1222292226366646,4.543542300001718,401,required_small,True
label_4,fusion__convnext_small__full_frame__convnext_small__person_context_25,standardized_multinomial_logistic,100.0,balanced,1536,9958,3327,0.7727682596934174,0.7621234922263517,0.7731809476979161,0.762139198237352,4.350083626615191,0.4338822668579241,0.2145876296826679,7.219997800013516,476,required_small,True
label_4,convnext_small__person_context_10,standardized_multinomial_logistic,10.0,none,768,9958,3327,0.7706642620979862,0.7612223626523762,0.7698206617784606,0.7617207185864274,0.8868145888957807,0.3614760400161013,0.1332449898351627,5.948190500028431,542,required_small,True
label_4,convnext_small__person_context_10,standardized_multinomial_logistic,10.0,balanced,768,9958,3327,0.7685602645025549,0.7606719395147533,0.7687505738431574,0.7627997393669266,0.8931303080184663,0.362617432204905,0.1359025869225258,7.459082299959846,562,required_small,True
label_4,convnext_small__person_context_10,standardized_multinomial_logistic,100.0,none,768,9958,3327,0.7685602645025549,0.7592201929515393,0.7677342133009192,0.7597428767728722,0.916858485606774,0.3650116340946332,0.1367888401482067,6.226899600005709,536,required_small,True
label_4,convnext_small__person_context_10,standardized_multinomial_logistic,100.0,balanced,768,9958,3327,0.7670574090772467,0.7591834309579846,0.7671796133885921,0.7613968738160949,0.9229563962918944,0.3661300956896072,0.1395923114787506,7.220170599990524,588,required_small,True
label_4,convnext_small__person_context_25,standardized_multinomial_logistic,10.0,none,768,9958,3327,0.76765855124737,0.7569465074025309,0.7668672042985167,0.7574111781880142,1.1546241956102845,0.3698129593936752,0.1487949155854246,9.589324700005818,743,required_small,True
label_4,convnext_small__person_context_25,standardized_multinomial_logistic,10.0,balanced,768,9958,3327,0.7667568379921852,0.756776117023032,0.7665729480326209,0.7585270316978532,1.16545856195503,0.371516029012255,0.1499054368566883,9.888193999999205,720,required_small,True
label_4,convnext_small__person_context_25,standardized_multinomial_logistic,100.0,none,768,9958,3327,0.7655545536519387,0.7546203150853865,0.7646749894674226,0.7549242526613077,1.3465569846231902,0.3788173873473708,0.1563591783619464,9.668192700017244,972,required_small,True
label_4,convnext_small__person_context_25,standardized_multinomial_logistic,100.0,balanced,768,9958,3327,0.7643522693116922,0.7542823451136329,0.7640720689442081,0.7557901061711468,1.3592888737750823,0.380325307506979,0.1569120180605522,7.702205799985677,996,required_small,True
label_4,fusion__convnext_small__person_context_10__convnext_small__person_context_25,standardized_multinomial_logistic,100.0,none,1536,9958,3327,0.7577397054403366,0.7468178764839597,0.7575821804281601,0.7470825888672137,5.124146278916524,0.4729886748175594,0.2333950562420559,16.49703169998247,1224,required_small,True
label_4,fusion__convnext_small__person_context_10__convnext_small__person_context_25,standardized_multinomial_logistic,10.0,balanced,1536,9958,3327,0.7577397054403366,0.7464621190326033,0.7572604582482327,0.7472336468131371,3.3452125952387544,0.4561207365779941,0.2232676795166369,15.44594569999026,1109,required_small,True
label_4,fusion__convnext_small__person_context_10__convnext_small__person_context_25,standardized_multinomial_logistic,100.0,balanced,1536,9958,3327,0.7571385632702134,0.7462247606322009,0.7570109601317697,0.7466927967138056,5.1282666713791984,0.4742614901052723,0.233738286357932,18.25908579997485,1407,required_small,True
label_4,fusion__convnext_small__person_context_10__convnext_small__person_context_25,standardized_multinomial_logistic,10.0,none,1536,9958,3327,0.7577397054403366,0.7462169409702102,0.757252607200507,0.7468518340282736,3.3019873732444283,0.4546165327565639,0.2211595047452235,12.779771900037304,1134,required_small,True
