family,image_id,curve,fraction,target_probability
convnext_small_full,p1_00036,deletion,0.0,0.994221826394399
convnext_small_full,p1_00036,deletion,0.1,0.9634009599685669
convnext_small_full,p1_00036,deletion,0.2,0.9510342677434286
convnext_small_full,p1_00036,deletion,0.4,0.7294802864392599
convnext_small_full,p1_00036,deletion,0.6,0.48124881585439044
convnext_small_full,p1_00036,deletion,0.8,0.6547640413045883
convnext_small_full,p1_00036,deletion,1.0,0.601344883441925
convnext_small_full,p1_00036,insertion,0.0,0.601344883441925
convnext_small_full,p1_00036,insertion,0.1,0.8321491281191508
convnext_small_full,p1_00036,insertion,0.2,0.9815000494321188
convnext_small_full,p1_00036,insertion,0.4,0.9969237446784973
convnext_small_full,p1_00036,insertion,0.6,0.9946040113766988
convnext_small_full,p1_00036,insertion,0.8,0.9940572579701742
convnext_small_full,p1_00036,insertion,1.0,0.994221826394399
convnext_small_full,p1_00036,random_deletion,0.0,0.994221826394399
convnext_small_full,p1_00036,random_deletion,0.1,0.9878408908843994
convnext_small_full,p1_00036,random_deletion,0.2,0.9731919368108114
convnext_small_full,p1_00036,random_deletion,0.4,0.9948781927426656
convnext_small_full,p1_00036,random_deletion,0.6,0.9922842979431152
convnext_small_full,p1_00036,random_deletion,0.8,0.7824331124623617
convnext_small_full,p1_00036,random_deletion,1.0,0.601344883441925
convnext_small_full,p1_00147,deletion,0.0,0.5073210000991821
convnext_small_full,p1_00147,deletion,0.1,0.48770645757516223
convnext_small_full,p1_00147,deletion,0.2,0.11699913690487544
convnext_small_full,p1_00147,deletion,0.4,0.008263943949714303
convnext_small_full,p1_00147,deletion,0.6,0.0011274496015782158
convnext_small_full,p1_00147,deletion,0.8,0.0015233182154285412
convnext_small_full,p1_00147,deletion,1.0,0.0001865544484947653
convnext_small_full,p1_00147,insertion,0.0,0.0001865544484947653
convnext_small_full,p1_00147,insertion,0.1,0.021804778836667538
convnext_small_full,p1_00147,insertion,0.2,0.05796975021560987
convnext_small_full,p1_00147,insertion,0.4,0.5961185991764069
convnext_small_full,p1_00147,insertion,0.6,0.9543456236521403
convnext_small_full,p1_00147,insertion,0.8,0.8590296109517416
convnext_small_full,p1_00147,insertion,1.0,0.5073210000991821
convnext_small_full,p1_00147,random_deletion,0.0,0.5073210000991821
convnext_small_full,p1_00147,random_deletion,0.1,0.5377439260482788
convnext_small_full,p1_00147,random_deletion,0.2,0.7773458560307821
convnext_small_full,p1_00147,random_deletion,0.4,0.2593901803096135
convnext_small_full,p1_00147,random_deletion,0.6,0.8369210759798685
convnext_small_full,p1_00147,random_deletion,0.8,0.01074608787894249
convnext_small_full,p1_00147,random_deletion,1.0,0.0001865544484947653
convnext_small_full,p1_00234,deletion,0.0,0.7614452441533407
convnext_small_full,p1_00234,deletion,0.1,0.5361730853716532
convnext_small_full,p1_00234,deletion,0.2,0.4159777561823527
convnext_small_full,p1_00234,deletion,0.4,0.2708038116494815
convnext_small_full,p1_00234,deletion,0.6,0.25307096044222516
convnext_small_full,p1_00234,deletion,0.8,0.0403891938428084
convnext_small_full,p1_00234,deletion,1.0,0.0020482547115534544
convnext_small_full,p1_00234,insertion,0.0,0.0020482547115534544
convnext_small_full,p1_00234,insertion,0.1,0.022350453461209934
convnext_small_full,p1_00234,insertion,0.2,0.06335196892420451
convnext_small_full,p1_00234,insertion,0.4,0.2271061291297277
convnext_small_full,p1_00234,insertion,0.6,0.6131494243939718
convnext_small_full,p1_00234,insertion,0.8,0.8841983675956726
convnext_small_full,p1_00234,insertion,1.0,0.7614452441533407
convnext_small_full,p1_00234,random_deletion,0.0,0.7614452441533407
convnext_small_full,p1_00234,random_deletion,0.1,0.7194007833798727
convnext_small_full,p1_00234,random_deletion,0.2,0.6745120088259379
convnext_small_full,p1_00234,random_deletion,0.4,0.5431655844052633
convnext_small_full,p1_00234,random_deletion,0.6,0.18856226156155267
convnext_small_full,p1_00234,random_deletion,0.8,0.029000455979257822
convnext_small_full,p1_00234,random_deletion,1.0,0.0020482547115534544
convnext_small_full,p1_00397,deletion,0.0,0.9035417437553406
convnext_small_full,p1_00397,deletion,0.1,0.6662972966829935
convnext_small_full,p1_00397,deletion,0.2,0.21925235788027445
convnext_small_full,p1_00397,deletion,0.4,0.20010367780923843
convnext_small_full,p1_00397,deletion,0.6,0.013118678083022436
convnext_small_full,p1_00397,deletion,0.8,0.03792069782502949
convnext_small_full,p1_00397,deletion,1.0,0.14489029347896576
convnext_small_full,p1_00397,insertion,0.0,0.14489029347896576
convnext_small_full,p1_00397,insertion,0.1,0.6007860600948334
convnext_small_full,p1_00397,insertion,0.2,0.9665991067886353
convnext_small_full,p1_00397,insertion,0.4,0.9238773385683695
convnext_small_full,p1_00397,insertion,0.6,0.9762862722078959
convnext_small_full,p1_00397,insertion,0.8,0.922903577486674
convnext_small_full,p1_00397,insertion,1.0,0.9035417437553406
convnext_small_full,p1_00397,random_deletion,0.0,0.9035417437553406
convnext_small_full,p1_00397,random_deletion,0.1,0.8313806851704916
convnext_small_full,p1_00397,random_deletion,0.2,0.9371486306190491
convnext_small_full,p1_00397,random_deletion,0.4,0.8526811401049296
convnext_small_full,p1_00397,random_deletion,0.6,0.8387338717778524
convnext_small_full,p1_00397,random_deletion,0.8,0.26576095322767895
convnext_small_full,p1_00397,random_deletion,1.0,0.14489029347896576
convnext_small_full,p1_00425,deletion,0.0,0.9853918353716532
convnext_small_full,p1_00425,deletion,0.1,0.9354458252588908
convnext_small_full,p1_00425,deletion,0.2,0.8456882238388062
convnext_small_full,p1_00425,deletion,0.4,0.6594434181849161
convnext_small_full,p1_00425,deletion,0.6,0.4359550128380458
convnext_small_full,p1_00425,deletion,0.8,0.1486607020099958
convnext_small_full,p1_00425,deletion,1.0,0.018005760852247477
convnext_small_full,p1_00425,insertion,0.0,0.018005760852247477
convnext_small_full,p1_00425,insertion,0.1,0.025526622931162517
convnext_small_full,p1_00425,insertion,0.2,0.29266708344221115
convnext_small_full,p1_00425,insertion,0.4,0.6278861314058304
convnext_small_full,p1_00425,insertion,0.6,0.9587955872217814
convnext_small_full,p1_00425,insertion,0.8,0.9888131419817606
convnext_small_full,p1_00425,insertion,1.0,0.9853918353716532
convnext_small_full,p1_00425,random_deletion,0.0,0.9853918353716532
convnext_small_full,p1_00425,random_deletion,0.1,0.9901683529218038
convnext_small_full,p1_00425,random_deletion,0.2,0.991747518380483
convnext_small_full,p1_00425,random_deletion,0.4,0.9623958071072897
convnext_small_full,p1_00425,random_deletion,0.6,0.31060246129830676
convnext_small_full,p1_00425,random_deletion,0.8,0.08061931778987248
convnext_small_full,p1_00425,random_deletion,1.0,0.018005760852247477
convnext_small_full,p1_00741,deletion,0.0,0.9998666644096375
convnext_small_full,p1_00741,deletion,0.1,0.9968213637669882
convnext_small_full,p1_00741,deletion,0.2,0.9540461301803589
convnext_small_full,p1_00741,deletion,0.4,0.3870130820820729
convnext_small_full,p1_00741,deletion,0.6,0.3757864696284135
convnext_small_full,p1_00741,deletion,0.8,0.4580746740102768
convnext_small_full,p1_00741,deletion,1.0,0.7784195144971212
convnext_small_full,p1_00741,insertion,0.0,0.7784195144971212
convnext_small_full,p1_00741,insertion,0.1,0.8853897849718729
convnext_small_full,p1_00741,insertion,0.2,0.9257923165957133
convnext_small_full,p1_00741,insertion,0.4,0.9900149504343668
convnext_small_full,p1_00741,insertion,0.6,0.8747272491455078
convnext_small_full,p1_00741,insertion,0.8,0.9985589385032654
convnext_small_full,p1_00741,insertion,1.0,0.9998666644096375
convnext_small_full,p1_00741,random_deletion,0.0,0.9998666644096375
convnext_small_full,p1_00741,random_deletion,0.1,0.9934809803962708
convnext_small_full,p1_00741,random_deletion,0.2,0.9950389266014099
convnext_small_full,p1_00741,random_deletion,0.4,0.8604974349339803
convnext_small_full,p1_00741,random_deletion,0.6,0.8157640695571899
convnext_small_full,p1_00741,random_deletion,0.8,0.11037972569465637
convnext_small_full,p1_00741,random_deletion,1.0,0.7784195144971212
convnext_small_full,p1_00749,deletion,0.0,0.9950282176335653
convnext_small_full,p1_00749,deletion,0.1,0.9954867561658224
convnext_small_full,p1_00749,deletion,0.2,0.971537450949351
convnext_small_full,p1_00749,deletion,0.4,0.8112112879753113
convnext_small_full,p1_00749,deletion,0.6,0.733466903368632
convnext_small_full,p1_00749,deletion,0.8,0.30624083677927655
convnext_small_full,p1_00749,deletion,1.0,0.11951169123252232
convnext_small_full,p1_00749,insertion,0.0,0.11951169123252232
convnext_small_full,p1_00749,insertion,0.1,0.3542150507370631
convnext_small_full,p1_00749,insertion,0.2,0.36961130301157635
convnext_small_full,p1_00749,insertion,0.4,0.9629060427347819
convnext_small_full,p1_00749,insertion,0.6,0.995988130569458
convnext_small_full,p1_00749,insertion,0.8,0.9991246064503988
convnext_small_full,p1_00749,insertion,1.0,0.9950282176335653
convnext_small_full,p1_00749,random_deletion,0.0,0.9950282176335653
convnext_small_full,p1_00749,random_deletion,0.1,0.9857834776242574
convnext_small_full,p1_00749,random_deletion,0.2,0.9547092119852701
convnext_small_full,p1_00749,random_deletion,0.4,0.7508066097895304
convnext_small_full,p1_00749,random_deletion,0.6,0.8521151741345724
convnext_small_full,p1_00749,random_deletion,0.8,0.4056580861409505
convnext_small_full,p1_00749,random_deletion,1.0,0.11951169123252232
convnext_small_full,p1_00849,deletion,0.0,0.9177459875742594
convnext_small_full,p1_00849,deletion,0.1,0.11043571804960568
convnext_small_full,p1_00849,deletion,0.2,0.04255660871664683
convnext_small_full,p1_00849,deletion,0.4,0.01800782373175025
convnext_small_full,p1_00849,deletion,0.6,0.021868878044188023
convnext_small_full,p1_00849,deletion,0.8,0.03765111602842808
convnext_small_full,p1_00849,deletion,1.0,0.06764572982986768
convnext_small_full,p1_00849,insertion,0.0,0.06764572982986768
convnext_small_full,p1_00849,insertion,0.1,0.08563376093904178
convnext_small_full,p1_00849,insertion,0.2,0.553568015495936
convnext_small_full,p1_00849,insertion,0.4,0.987735370794932
convnext_small_full,p1_00849,insertion,0.6,0.9845805168151855
convnext_small_full,p1_00849,insertion,0.8,0.9390692313512167
convnext_small_full,p1_00849,insertion,1.0,0.9177459875742594
convnext_small_full,p1_00849,random_deletion,0.0,0.9177459875742594
convnext_small_full,p1_00849,random_deletion,0.1,0.8823182980219523
convnext_small_full,p1_00849,random_deletion,0.2,0.9190795024236044
convnext_small_full,p1_00849,random_deletion,0.4,0.1584635116159916
convnext_small_full,p1_00849,random_deletion,0.6,0.22742804884910583
convnext_small_full,p1_00849,random_deletion,0.8,0.10543131083250046
convnext_small_full,p1_00849,random_deletion,1.0,0.06764572982986768
convnext_small_full,p1_00862,deletion,0.0,0.9995627800623575
convnext_small_full,p1_00862,deletion,0.1,0.2748977728188038
convnext_small_full,p1_00862,deletion,0.2,0.013056559022516012
convnext_small_full,p1_00862,deletion,0.4,0.24985315650701523
convnext_small_full,p1_00862,deletion,0.6,0.5379776507616043
convnext_small_full,p1_00862,deletion,0.8,0.9062577883402506
convnext_small_full,p1_00862,deletion,1.0,0.962304949760437
convnext_small_full,p1_00862,insertion,0.0,0.962304949760437
convnext_small_full,p1_00862,insertion,0.1,0.7892677585283915
convnext_small_full,p1_00862,insertion,0.2,0.9819719394048055
convnext_small_full,p1_00862,insertion,0.4,0.9990112582842509
convnext_small_full,p1_00862,insertion,0.6,0.9994166294733683
convnext_small_full,p1_00862,insertion,0.8,0.9989728530248007
convnext_small_full,p1_00862,insertion,1.0,0.9995627800623575
convnext_small_full,p1_00862,random_deletion,0.0,0.9995627800623575
convnext_small_full,p1_00862,random_deletion,0.1,0.9994158347447714
convnext_small_full,p1_00862,random_deletion,0.2,0.991091271241506
convnext_small_full,p1_00862,random_deletion,0.4,0.9836258888244629
convnext_small_full,p1_00862,random_deletion,0.6,0.9911471009254456
convnext_small_full,p1_00862,random_deletion,0.8,0.9859514832496643
convnext_small_full,p1_00862,random_deletion,1.0,0.962304949760437
convnext_small_full,p1_01079,deletion,0.0,0.9970343311627706
convnext_small_full,p1_01079,deletion,0.1,0.8835521141688029
convnext_small_full,p1_01079,deletion,0.2,0.600068618853887
convnext_small_full,p1_01079,deletion,0.4,0.679389238357544
convnext_small_full,p1_01079,deletion,0.6,0.6841028928756714
convnext_small_full,p1_01079,deletion,0.8,0.8434610366821289
convnext_small_full,p1_01079,deletion,1.0,0.9197013974189758
convnext_small_full,p1_01079,insertion,0.0,0.9197013974189758
convnext_small_full,p1_01079,insertion,0.1,0.9097633759180704
convnext_small_full,p1_01079,insertion,0.2,0.9989306728045145
convnext_small_full,p1_01079,insertion,0.4,0.9995836615562439
convnext_small_full,p1_01079,insertion,0.6,0.9989618261655172
convnext_small_full,p1_01079,insertion,0.8,0.9974851210912069
convnext_small_full,p1_01079,insertion,1.0,0.9970343311627706
convnext_small_full,p1_01079,random_deletion,0.0,0.9970343311627706
convnext_small_full,p1_01079,random_deletion,0.1,0.9698502024014791
convnext_small_full,p1_01079,random_deletion,0.2,0.9741008083025614
convnext_small_full,p1_01079,random_deletion,0.4,0.7795686721801758
convnext_small_full,p1_01079,random_deletion,0.6,0.7123259703318278
convnext_small_full,p1_01079,random_deletion,0.8,0.5911222497622172
convnext_small_full,p1_01079,random_deletion,1.0,0.9197013974189758
convnext_small_full,p1_01317,deletion,0.0,0.9716493487358093
convnext_small_full,p1_01317,deletion,0.1,0.8630396127700806
convnext_small_full,p1_01317,deletion,0.2,0.7120603819688162
convnext_small_full,p1_01317,deletion,0.4,0.7246242562929789
convnext_small_full,p1_01317,deletion,0.6,0.4085364838441213
convnext_small_full,p1_01317,deletion,0.8,0.7875360449155172
convnext_small_full,p1_01317,deletion,1.0,0.8009408315022787
convnext_small_full,p1_01317,insertion,0.0,0.8009408315022787
convnext_small_full,p1_01317,insertion,0.1,0.7544126311937968
convnext_small_full,p1_01317,insertion,0.2,0.9621788462003072
convnext_small_full,p1_01317,insertion,0.4,0.9914485414822897
convnext_small_full,p1_01317,insertion,0.6,0.9940098921457926
convnext_small_full,p1_01317,insertion,0.8,0.9887152115503947
convnext_small_full,p1_01317,insertion,1.0,0.9716493487358093
convnext_small_full,p1_01317,random_deletion,0.0,0.9716493487358093
convnext_small_full,p1_01317,random_deletion,0.1,0.9644872943560282
convnext_small_full,p1_01317,random_deletion,0.2,0.9883414705594381
convnext_small_full,p1_01317,random_deletion,0.4,0.995717446009318
convnext_small_full,p1_01317,random_deletion,0.6,0.9786863327026367
convnext_small_full,p1_01317,random_deletion,0.8,0.9235070745150248
convnext_small_full,p1_01317,random_deletion,1.0,0.8009408315022787
convnext_small_full,p1_01497,deletion,0.0,0.9728346864382426
convnext_small_full,p1_01497,deletion,0.1,0.8882441322008768
convnext_small_full,p1_01497,deletion,0.2,0.57164316624403
convnext_small_full,p1_01497,deletion,0.4,0.25155065208673477
convnext_small_full,p1_01497,deletion,0.6,0.22658731788396835
convnext_small_full,p1_01497,deletion,0.8,0.21543731292088827
convnext_small_full,p1_01497,deletion,1.0,0.3619004487991333
convnext_small_full,p1_01497,insertion,0.0,0.3619004487991333
convnext_small_full,p1_01497,insertion,0.1,0.24938597530126572
convnext_small_full,p1_01497,insertion,0.2,0.5469710429509481
convnext_small_full,p1_01497,insertion,0.4,0.7844309310118357
convnext_small_full,p1_01497,insertion,0.6,0.9641474684079488
convnext_small_full,p1_01497,insertion,0.8,0.9702507853507996
convnext_small_full,p1_01497,insertion,1.0,0.9728346864382426
convnext_small_full,p1_01497,random_deletion,0.0,0.9728346864382426
convnext_small_full,p1_01497,random_deletion,0.1,0.9849129716555277
convnext_small_full,p1_01497,random_deletion,0.2,0.986227552096049
convnext_small_full,p1_01497,random_deletion,0.4,0.8647334973017374
convnext_small_full,p1_01497,random_deletion,0.6,0.4700479408105214
convnext_small_full,p1_01497,random_deletion,0.8,0.438615749279658
convnext_small_full,p1_01497,random_deletion,1.0,0.3619004487991333
convnext_small_full,p1_01572,deletion,0.0,0.9818876584370931
convnext_small_full,p1_01572,deletion,0.1,0.6686015725135803
convnext_small_full,p1_01572,deletion,0.2,0.30531204119324684
convnext_small_full,p1_01572,deletion,0.4,0.11843220765391986
convnext_small_full,p1_01572,deletion,0.6,0.06383436266332865
convnext_small_full,p1_01572,deletion,0.8,0.19057938953240713
convnext_small_full,p1_01572,deletion,1.0,0.4265557328859965
convnext_small_full,p1_01572,insertion,0.0,0.4265557328859965
convnext_small_full,p1_01572,insertion,0.1,0.8504432439804077
convnext_small_full,p1_01572,insertion,0.2,0.9157177805900574
convnext_small_full,p1_01572,insertion,0.4,0.8930506904919943
convnext_small_full,p1_01572,insertion,0.6,0.885760227839152
convnext_small_full,p1_01572,insertion,0.8,0.8882590929667155
convnext_small_full,p1_01572,insertion,1.0,0.9818876584370931
convnext_small_full,p1_01572,random_deletion,0.0,0.9818876584370931
convnext_small_full,p1_01572,random_deletion,0.1,0.9512733221054077
convnext_small_full,p1_01572,random_deletion,0.2,0.6832731366157532
convnext_small_full,p1_01572,random_deletion,0.4,0.18098304917414984
convnext_small_full,p1_01572,random_deletion,0.6,0.3543136914571126
convnext_small_full,p1_01572,random_deletion,0.8,0.4705031414826711
convnext_small_full,p1_01572,random_deletion,1.0,0.4265557328859965
convnext_small_full,p1_01646,deletion,0.0,0.9997072815895081
convnext_small_full,p1_01646,deletion,0.1,0.9826093117396036
convnext_small_full,p1_01646,deletion,0.2,0.29067715505758923
convnext_small_full,p1_01646,deletion,0.4,0.14202301328380904
convnext_small_full,p1_01646,deletion,0.6,0.09150126824776332
convnext_small_full,p1_01646,deletion,0.8,0.18397664527098337
convnext_small_full,p1_01646,deletion,1.0,0.7141631444295248
convnext_small_full,p1_01646,insertion,0.0,0.7141631444295248
convnext_small_full,p1_01646,insertion,0.1,0.846723735332489
convnext_small_full,p1_01646,insertion,0.2,0.977299968401591
convnext_small_full,p1_01646,insertion,0.4,0.9891660610834757
convnext_small_full,p1_01646,insertion,0.6,0.9965918262799581
convnext_small_full,p1_01646,insertion,0.8,0.9979338049888611
convnext_small_full,p1_01646,insertion,1.0,0.9997072815895081
convnext_small_full,p1_01646,random_deletion,0.0,0.9997072815895081
convnext_small_full,p1_01646,random_deletion,0.1,0.9987197518348694
convnext_small_full,p1_01646,random_deletion,0.2,0.9920230309168497
convnext_small_full,p1_01646,random_deletion,0.4,0.6019754012425741
convnext_small_full,p1_01646,random_deletion,0.6,0.203017587463061
convnext_small_full,p1_01646,random_deletion,0.8,0.4425534705320994
convnext_small_full,p1_01646,random_deletion,1.0,0.7141631444295248
convnext_small_full,p1_01658,deletion,0.0,0.9865515828132629
convnext_small_full,p1_01658,deletion,0.1,0.7221061786015829
convnext_small_full,p1_01658,deletion,0.2,0.8542633056640625
convnext_small_full,p1_01658,deletion,0.4,0.5698782602945963
convnext_small_full,p1_01658,deletion,0.6,0.16184369971354803
convnext_small_full,p1_01658,deletion,0.8,0.12131692965825398
convnext_small_full,p1_01658,deletion,1.0,0.07098391652107239
convnext_small_full,p1_01658,insertion,0.0,0.07098391652107239
convnext_small_full,p1_01658,insertion,0.1,0.5086525777975718
convnext_small_full,p1_01658,insertion,0.2,0.8887264529863993
convnext_small_full,p1_01658,insertion,0.4,0.9847177267074585
convnext_small_full,p1_01658,insertion,0.6,0.9958939552307129
convnext_small_full,p1_01658,insertion,0.8,0.9958175818125407
convnext_small_full,p1_01658,insertion,1.0,0.9865515828132629
convnext_small_full,p1_01658,random_deletion,0.0,0.9865515828132629
convnext_small_full,p1_01658,random_deletion,0.1,0.9728008310000101
convnext_small_full,p1_01658,random_deletion,0.2,0.9943024714787801
convnext_small_full,p1_01658,random_deletion,0.4,0.9413469235102335
convnext_small_full,p1_01658,random_deletion,0.6,0.9543238282203674
convnext_small_full,p1_01658,random_deletion,0.8,0.7059381206830343
convnext_small_full,p1_01658,random_deletion,1.0,0.07098391652107239
convnext_small_full,p1_01663,deletion,0.0,0.9420978824297587
convnext_small_full,p1_01663,deletion,0.1,0.5929074982802073
convnext_small_full,p1_01663,deletion,0.2,0.3936971227327983
convnext_small_full,p1_01663,deletion,0.4,0.16046000520388284
convnext_small_full,p1_01663,deletion,0.6,0.09155699362357457
convnext_small_full,p1_01663,deletion,0.8,0.049194482465585075
convnext_small_full,p1_01663,deletion,1.0,0.2698790530363719
convnext_small_full,p1_01663,insertion,0.0,0.2698790530363719
convnext_small_full,p1_01663,insertion,0.1,0.47985392808914185
convnext_small_full,p1_01663,insertion,0.2,0.6338968078295389
convnext_small_full,p1_01663,insertion,0.4,0.8670633236567179
convnext_small_full,p1_01663,insertion,0.6,0.985096792380015
convnext_small_full,p1_01663,insertion,0.8,0.9701069792111715
convnext_small_full,p1_01663,insertion,1.0,0.9420978824297587
convnext_small_full,p1_01663,random_deletion,0.0,0.9420978824297587
convnext_small_full,p1_01663,random_deletion,0.1,0.9407283663749695
convnext_small_full,p1_01663,random_deletion,0.2,0.9092212319374084
convnext_small_full,p1_01663,random_deletion,0.4,0.9349717895189921
convnext_small_full,p1_01663,random_deletion,0.6,0.8836647669474283
convnext_small_full,p1_01663,random_deletion,0.8,0.3582979887723923
convnext_small_full,p1_01663,random_deletion,1.0,0.2698790530363719
convnext_small_full,p1_01845,deletion,0.0,0.9957382082939148
convnext_small_full,p1_01845,deletion,0.1,0.9510185917218527
convnext_small_full,p1_01845,deletion,0.2,0.9145999948183695
convnext_small_full,p1_01845,deletion,0.4,0.8895076314608256
convnext_small_full,p1_01845,deletion,0.6,0.8356212774912516
convnext_small_full,p1_01845,deletion,0.8,0.5127634306748708
convnext_small_full,p1_01845,deletion,1.0,0.15270884335041046
convnext_small_full,p1_01845,insertion,0.0,0.15270884335041046
convnext_small_full,p1_01845,insertion,0.1,0.9259008367856344
convnext_small_full,p1_01845,insertion,0.2,0.9864754875500997
convnext_small_full,p1_01845,insertion,0.4,0.9988961021105448
convnext_small_full,p1_01845,insertion,0.6,0.9994581937789917
convnext_small_full,p1_01845,insertion,0.8,0.9993718266487122
convnext_small_full,p1_01845,insertion,1.0,0.9957382082939148
convnext_small_full,p1_01845,random_deletion,0.0,0.9957382082939148
convnext_small_full,p1_01845,random_deletion,0.1,0.9647022684415182
convnext_small_full,p1_01845,random_deletion,0.2,0.9377029538154602
convnext_small_full,p1_01845,random_deletion,0.4,0.7498177091280619
convnext_small_full,p1_01845,random_deletion,0.6,0.8635693192481995
convnext_small_full,p1_01845,random_deletion,0.8,0.5252828299999237
convnext_small_full,p1_01845,random_deletion,1.0,0.15270884335041046
convnext_small_full,p1_01881,deletion,0.0,0.6929887930552164
convnext_small_full,p1_01881,deletion,0.1,0.17307836810747781
convnext_small_full,p1_01881,deletion,0.2,0.11038907989859581
convnext_small_full,p1_01881,deletion,0.4,0.44819992780685425
convnext_small_full,p1_01881,deletion,0.6,0.347680668036143
convnext_small_full,p1_01881,deletion,0.8,0.4583977162837982
convnext_small_full,p1_01881,deletion,1.0,0.5614505310853323
convnext_small_full,p1_01881,insertion,0.0,0.5614505310853323
convnext_small_full,p1_01881,insertion,0.1,0.8000924984614054
convnext_small_full,p1_01881,insertion,0.2,0.8674076795578003
convnext_small_full,p1_01881,insertion,0.4,0.9318901101748148
convnext_small_full,p1_01881,insertion,0.6,0.7989800969759623
convnext_small_full,p1_01881,insertion,0.8,0.6715418100357056
convnext_small_full,p1_01881,insertion,1.0,0.6929887930552164
convnext_small_full,p1_01881,random_deletion,0.0,0.6929887930552164
convnext_small_full,p1_01881,random_deletion,0.1,0.734505852063497
convnext_small_full,p1_01881,random_deletion,0.2,0.33026493589083356
convnext_small_full,p1_01881,random_deletion,0.4,0.40038447578748065
convnext_small_full,p1_01881,random_deletion,0.6,0.262894203265508
convnext_small_full,p1_01881,random_deletion,0.8,0.635042687257131
convnext_small_full,p1_01881,random_deletion,1.0,0.5614505310853323
convnext_small_full,p1_01899,deletion,0.0,0.9990968704223633
convnext_small_full,p1_01899,deletion,0.1,0.9858126044273376
convnext_small_full,p1_01899,deletion,0.2,0.022975926287472248
convnext_small_full,p1_01899,deletion,0.4,0.016220161846528452
convnext_small_full,p1_01899,deletion,0.6,0.0357793215662241
convnext_small_full,p1_01899,deletion,0.8,0.03978334739804268
convnext_small_full,p1_01899,deletion,1.0,0.018939075370629627
convnext_small_full,p1_01899,insertion,0.0,0.018939075370629627
convnext_small_full,p1_01899,insertion,0.1,0.13600855196515718
convnext_small_full,p1_01899,insertion,0.2,0.7676912744839987
convnext_small_full,p1_01899,insertion,0.4,0.9977717200915018
convnext_small_full,p1_01899,insertion,0.6,0.9996707042058309
convnext_small_full,p1_01899,insertion,0.8,0.9997097452481588
convnext_small_full,p1_01899,insertion,1.0,0.9990968704223633
convnext_small_full,p1_01899,random_deletion,0.0,0.9990968704223633
convnext_small_full,p1_01899,random_deletion,0.1,0.9995231032371521
convnext_small_full,p1_01899,random_deletion,0.2,0.9963443477948507
convnext_small_full,p1_01899,random_deletion,0.4,0.9439415136973063
convnext_small_full,p1_01899,random_deletion,0.6,0.18751321732997894
convnext_small_full,p1_01899,random_deletion,0.8,0.07525528346498807
convnext_small_full,p1_01899,random_deletion,1.0,0.018939075370629627
convnext_small_full,p1_01974,deletion,0.0,0.862562358379364
convnext_small_full,p1_01974,deletion,0.1,0.6695347229639689
convnext_small_full,p1_01974,deletion,0.2,0.5845705767472585
convnext_small_full,p1_01974,deletion,0.4,0.45767343044281006
convnext_small_full,p1_01974,deletion,0.6,0.382198544840018
convnext_small_full,p1_01974,deletion,0.8,0.2937445839246114
convnext_small_full,p1_01974,deletion,1.0,0.13248306264479956
convnext_small_full,p1_01974,insertion,0.0,0.13248306264479956
convnext_small_full,p1_01974,insertion,0.1,0.37460169692834216
convnext_small_full,p1_01974,insertion,0.2,0.7117870847384135
convnext_small_full,p1_01974,insertion,0.4,0.8360412915547689
convnext_small_full,p1_01974,insertion,0.6,0.8614400029182434
convnext_small_full,p1_01974,insertion,0.8,0.8632163008054098
convnext_small_full,p1_01974,insertion,1.0,0.862562358379364
convnext_small_full,p1_01974,random_deletion,0.0,0.862562358379364
convnext_small_full,p1_01974,random_deletion,0.1,0.8346256216367086
convnext_small_full,p1_01974,random_deletion,0.2,0.8990642428398132
convnext_small_full,p1_01974,random_deletion,0.4,0.8282687465349833
convnext_small_full,p1_01974,random_deletion,0.6,0.696977436542511
convnext_small_full,p1_01974,random_deletion,0.8,0.47111618518829346
convnext_small_full,p1_01974,random_deletion,1.0,0.13248306264479956
convnext_small_full,p1_02033,deletion,0.0,0.865320881207784
convnext_small_full,p1_02033,deletion,0.1,0.7068517804145813
convnext_small_full,p1_02033,deletion,0.2,0.8469968636830648
convnext_small_full,p1_02033,deletion,0.4,0.9764922261238098
convnext_small_full,p1_02033,deletion,0.6,0.9024304747581482
convnext_small_full,p1_02033,deletion,0.8,0.8187844554583231
convnext_small_full,p1_02033,deletion,1.0,0.6976303656895956
convnext_small_full,p1_02033,insertion,0.0,0.6976303656895956
convnext_small_full,p1_02033,insertion,0.1,0.9743502338727316
convnext_small_full,p1_02033,insertion,0.2,0.9448747634887695
convnext_small_full,p1_02033,insertion,0.4,0.9877512057622274
convnext_small_full,p1_02033,insertion,0.6,0.9965670506159464
convnext_small_full,p1_02033,insertion,0.8,0.845969001452128
convnext_small_full,p1_02033,insertion,1.0,0.865320881207784
convnext_small_full,p1_02033,random_deletion,0.0,0.865320881207784
convnext_small_full,p1_02033,random_deletion,0.1,0.9637168248494467
convnext_small_full,p1_02033,random_deletion,0.2,0.9586254358291626
convnext_small_full,p1_02033,random_deletion,0.4,0.9820250272750854
convnext_small_full,p1_02033,random_deletion,0.6,0.9798666636149088
convnext_small_full,p1_02033,random_deletion,0.8,0.8238280216852824
convnext_small_full,p1_02033,random_deletion,1.0,0.6976303656895956
convnext_small_full,p1_02397,deletion,0.0,0.9983581701914469
convnext_small_full,p1_02397,deletion,0.1,0.3056897222995758
convnext_small_full,p1_02397,deletion,0.2,0.04162904185553392
convnext_small_full,p1_02397,deletion,0.4,0.02511559861401717
convnext_small_full,p1_02397,deletion,0.6,0.039886403207977615
convnext_small_full,p1_02397,deletion,0.8,0.1300896778702736
convnext_small_full,p1_02397,deletion,1.0,0.39498627185821533
convnext_small_full,p1_02397,insertion,0.0,0.39498627185821533
convnext_small_full,p1_02397,insertion,0.1,0.9777642289797465
convnext_small_full,p1_02397,insertion,0.2,0.9984942674636841
convnext_small_full,p1_02397,insertion,0.4,0.9991228977839152
convnext_small_full,p1_02397,insertion,0.6,0.998580793539683
convnext_small_full,p1_02397,insertion,0.8,0.9990847508112589
convnext_small_full,p1_02397,insertion,1.0,0.9983581701914469
convnext_small_full,p1_02397,random_deletion,0.0,0.9983581701914469
convnext_small_full,p1_02397,random_deletion,0.1,0.9992549220720927
convnext_small_full,p1_02397,random_deletion,0.2,0.9985029300053915
convnext_small_full,p1_02397,random_deletion,0.4,0.9965271751085917
convnext_small_full,p1_02397,random_deletion,0.6,0.9018508791923523
convnext_small_full,p1_02397,random_deletion,0.8,0.8831956386566162
convnext_small_full,p1_02397,random_deletion,1.0,0.39498627185821533
convnext_small_full,p1_02507,deletion,0.0,0.9971404671669006
convnext_small_full,p1_02507,deletion,0.1,0.8952739834785461
convnext_small_full,p1_02507,deletion,0.2,0.4887150824069977
convnext_small_full,p1_02507,deletion,0.4,0.31035015840704244
convnext_small_full,p1_02507,deletion,0.6,0.27109489279488724
convnext_small_full,p1_02507,deletion,0.8,0.2136674573024114
convnext_small_full,p1_02507,deletion,1.0,0.3407617410024007
convnext_small_full,p1_02507,insertion,0.0,0.3407617410024007
convnext_small_full,p1_02507,insertion,0.1,0.1899167944987615
convnext_small_full,p1_02507,insertion,0.2,0.794941226641337
convnext_small_full,p1_02507,insertion,0.4,0.9923940300941467
convnext_small_full,p1_02507,insertion,0.6,0.9983604947725931
convnext_small_full,p1_02507,insertion,0.8,0.998416523138682
convnext_small_full,p1_02507,insertion,1.0,0.9971404671669006
convnext_small_full,p1_02507,random_deletion,0.0,0.9971404671669006
convnext_small_full,p1_02507,random_deletion,0.1,0.9931505719820658
convnext_small_full,p1_02507,random_deletion,0.2,0.994000772635142
convnext_small_full,p1_02507,random_deletion,0.4,0.9503171443939209
convnext_small_full,p1_02507,random_deletion,0.6,0.2331517512599627
convnext_small_full,p1_02507,random_deletion,0.8,0.3112667302290599
convnext_small_full,p1_02507,random_deletion,1.0,0.3407617410024007
convnext_small_full,p1_02606,deletion,0.0,0.5269787708918253
convnext_small_full,p1_02606,deletion,0.1,0.7810550530751547
convnext_small_full,p1_02606,deletion,0.2,0.3130424494544665
convnext_small_full,p1_02606,deletion,0.4,0.013604188493142525
convnext_small_full,p1_02606,deletion,0.6,0.008831525842348734
convnext_small_full,p1_02606,deletion,0.8,0.008567823562771082
convnext_small_full,p1_02606,deletion,1.0,0.00039255628992881003
convnext_small_full,p1_02606,insertion,0.0,0.00039255628992881003
convnext_small_full,p1_02606,insertion,0.1,0.03473615584274133
convnext_small_full,p1_02606,insertion,0.2,0.24654251337051392
convnext_small_full,p1_02606,insertion,0.4,0.6449824447433153
convnext_small_full,p1_02606,insertion,0.6,0.9368941187858582
convnext_small_full,p1_02606,insertion,0.8,0.6757112840811411
convnext_small_full,p1_02606,insertion,1.0,0.5269787708918253
convnext_small_full,p1_02606,random_deletion,0.0,0.5269787708918253
convnext_small_full,p1_02606,random_deletion,0.1,0.5327013830343882
convnext_small_full,p1_02606,random_deletion,0.2,0.7892810106277466
convnext_small_full,p1_02606,random_deletion,0.4,0.7183380524317423
convnext_small_full,p1_02606,random_deletion,0.6,0.09926921501755714
convnext_small_full,p1_02606,random_deletion,0.8,0.01877855385343234
convnext_small_full,p1_02606,random_deletion,1.0,0.00039255628992881003
convnext_small_full,p1_02694,deletion,0.0,0.9998055497805277
convnext_small_full,p1_02694,deletion,0.1,0.97066730260849
convnext_small_full,p1_02694,deletion,0.2,0.7632370988527933
convnext_small_full,p1_02694,deletion,0.4,0.9856998721758524
convnext_small_full,p1_02694,deletion,0.6,0.9979866743087769
convnext_small_full,p1_02694,deletion,0.8,0.9983890453974406
convnext_small_full,p1_02694,deletion,1.0,0.9993513425191244
convnext_small_full,p1_02694,insertion,0.0,0.9993513425191244
convnext_small_full,p1_02694,insertion,0.1,0.9789308508237203
convnext_small_full,p1_02694,insertion,0.2,0.9870699644088745
convnext_small_full,p1_02694,insertion,0.4,0.9975363413492838
convnext_small_full,p1_02694,insertion,0.6,0.9992378751436869
convnext_small_full,p1_02694,insertion,0.8,0.9995719194412231
convnext_small_full,p1_02694,insertion,1.0,0.9998055497805277
convnext_small_full,p1_02694,random_deletion,0.0,0.9998055497805277
convnext_small_full,p1_02694,random_deletion,0.1,0.997502068678538
convnext_small_full,p1_02694,random_deletion,0.2,0.9983199834823608
convnext_small_full,p1_02694,random_deletion,0.4,0.9914354880650839
convnext_small_full,p1_02694,random_deletion,0.6,0.9898124933242798
convnext_small_full,p1_02694,random_deletion,0.8,0.9559357762336731
convnext_small_full,p1_02694,random_deletion,1.0,0.9993513425191244
convnext_small_full,p1_02742,deletion,0.0,0.9411220947901408
convnext_small_full,p1_02742,deletion,0.1,0.05776576573650042
convnext_small_full,p1_02742,deletion,0.2,0.14966977884372076
convnext_small_full,p1_02742,deletion,0.4,0.40287433564662933
convnext_small_full,p1_02742,deletion,0.6,0.6017627318700155
convnext_small_full,p1_02742,deletion,0.8,0.9135731061299642
convnext_small_full,p1_02742,deletion,1.0,0.5408432881037394
convnext_small_full,p1_02742,insertion,0.0,0.5408432881037394
convnext_small_full,p1_02742,insertion,0.1,0.14161770790815353
convnext_small_full,p1_02742,insertion,0.2,0.9265574415524801
convnext_small_full,p1_02742,insertion,0.4,0.9975124994913737
convnext_small_full,p1_02742,insertion,0.6,0.9933629433314005
convnext_small_full,p1_02742,insertion,0.8,0.9779492219289144
convnext_small_full,p1_02742,insertion,1.0,0.9411220947901408
convnext_small_full,p1_02742,random_deletion,0.0,0.9411220947901408
convnext_small_full,p1_02742,random_deletion,0.1,0.9817414879798889
convnext_small_full,p1_02742,random_deletion,0.2,0.9302337765693665
convnext_small_full,p1_02742,random_deletion,0.4,0.9573489228884379
convnext_small_full,p1_02742,random_deletion,0.6,0.9146421154340109
convnext_small_full,p1_02742,random_deletion,0.8,0.789804995059967
convnext_small_full,p1_02742,random_deletion,1.0,0.5408432881037394
convnext_small_full,p1_02885,deletion,0.0,0.9999276399612427
convnext_small_full,p1_02885,deletion,0.1,0.9997862180074056
convnext_small_full,p1_02885,deletion,0.2,0.9987332820892334
convnext_small_full,p1_02885,deletion,0.4,0.9754862984021505
convnext_small_full,p1_02885,deletion,0.6,0.860670288403829
convnext_small_full,p1_02885,deletion,0.8,0.7683530648549398
convnext_small_full,p1_02885,deletion,1.0,0.9403457840283712
convnext_small_full,p1_02885,insertion,0.0,0.9403457840283712
convnext_small_full,p1_02885,insertion,0.1,0.9994230071703593
convnext_small_full,p1_02885,insertion,0.2,0.9997732043266296
convnext_small_full,p1_02885,insertion,0.4,0.9998494982719421
convnext_small_full,p1_02885,insertion,0.6,0.9997989932696024
convnext_small_full,p1_02885,insertion,0.8,0.99986732006073
convnext_small_full,p1_02885,insertion,1.0,0.9999276399612427
convnext_small_full,p1_02885,random_deletion,0.0,0.9999276399612427
convnext_small_full,p1_02885,random_deletion,0.1,0.999867578347524
convnext_small_full,p1_02885,random_deletion,0.2,0.9996724128723145
convnext_small_full,p1_02885,random_deletion,0.4,0.9999184211095175
convnext_small_full,p1_02885,random_deletion,0.6,0.9969676733016968
convnext_small_full,p1_02885,random_deletion,0.8,0.7989200949668884
convnext_small_full,p1_02885,random_deletion,1.0,0.9403457840283712
convnext_small_full,p1_02919,deletion,0.0,0.9999682505925497
convnext_small_full,p1_02919,deletion,0.1,0.9991430044174194
convnext_small_full,p1_02919,deletion,0.2,0.9684874614079794
convnext_small_full,p1_02919,deletion,0.4,0.9465121229489645
convnext_small_full,p1_02919,deletion,0.6,0.9223862091700236
convnext_small_full,p1_02919,deletion,0.8,0.978649357954661
convnext_small_full,p1_02919,deletion,1.0,0.9942798018455505
convnext_small_full,p1_02919,insertion,0.0,0.9942798018455505
convnext_small_full,p1_02919,insertion,0.1,0.9995718995730082
convnext_small_full,p1_02919,insertion,0.2,0.9999829133351644
convnext_small_full,p1_02919,insertion,0.4,0.9999803304672241
convnext_small_full,p1_02919,insertion,0.6,0.9999752442042033
convnext_small_full,p1_02919,insertion,0.8,0.9999730587005615
convnext_small_full,p1_02919,insertion,1.0,0.9999682505925497
convnext_small_full,p1_02919,random_deletion,0.0,0.9999682505925497
convnext_small_full,p1_02919,random_deletion,0.1,0.9999670584996542
convnext_small_full,p1_02919,random_deletion,0.2,0.9998833338419596
convnext_small_full,p1_02919,random_deletion,0.4,0.9994941353797913
convnext_small_full,p1_02919,random_deletion,0.6,0.999778131643931
convnext_small_full,p1_02919,random_deletion,0.8,0.994935154914856
convnext_small_full,p1_02919,random_deletion,1.0,0.9942798018455505
convnext_small_full,p1_02956,deletion,0.0,0.9999717076619467
convnext_small_full,p1_02956,deletion,0.1,0.9158716400464376
convnext_small_full,p1_02956,deletion,0.2,0.6611156662305196
convnext_small_full,p1_02956,deletion,0.4,0.5529260834058126
convnext_small_full,p1_02956,deletion,0.6,0.6912874579429626
convnext_small_full,p1_02956,deletion,0.8,0.702853242556254
convnext_small_full,p1_02956,deletion,1.0,0.5831994116306305
convnext_small_full,p1_02956,insertion,0.0,0.5831994116306305
convnext_small_full,p1_02956,insertion,0.1,0.9687570134798685
convnext_small_full,p1_02956,insertion,0.2,0.996971050898234
convnext_small_full,p1_02956,insertion,0.4,0.9993409713109335
convnext_small_full,p1_02956,insertion,0.6,0.9998448888460795
convnext_small_full,p1_02956,insertion,0.8,0.9999514023462931
convnext_small_full,p1_02956,insertion,1.0,0.9999717076619467
convnext_small_full,p1_02956,random_deletion,0.0,0.9999717076619467
convnext_small_full,p1_02956,random_deletion,0.1,0.9998677174250284
convnext_small_full,p1_02956,random_deletion,0.2,0.9961033662160238
convnext_small_full,p1_02956,random_deletion,0.4,0.986077348391215
convnext_small_full,p1_02956,random_deletion,0.6,0.9995582103729248
convnext_small_full,p1_02956,random_deletion,0.8,0.8284013072649637
convnext_small_full,p1_02956,random_deletion,1.0,0.5831994116306305
convnext_small_full,p1_03074,deletion,0.0,0.9986791412035624
convnext_small_full,p1_03074,deletion,0.1,0.9937254587809244
convnext_small_full,p1_03074,deletion,0.2,0.8663197557131449
convnext_small_full,p1_03074,deletion,0.4,0.9634537895520529
convnext_small_full,p1_03074,deletion,0.6,0.9910885095596313
convnext_small_full,p1_03074,deletion,0.8,0.9951443672180176
convnext_small_full,p1_03074,deletion,1.0,0.9997875094413757
convnext_small_full,p1_03074,insertion,0.0,0.9997875094413757
convnext_small_full,p1_03074,insertion,0.1,0.9999865690867106
convnext_small_full,p1_03074,insertion,0.2,0.9997929732004801
convnext_small_full,p1_03074,insertion,0.4,0.9995874563852946
convnext_small_full,p1_03074,insertion,0.6,0.9987488786379496
convnext_small_full,p1_03074,insertion,0.8,0.9979680180549622
convnext_small_full,p1_03074,insertion,1.0,0.9986791412035624
convnext_small_full,p1_03074,random_deletion,0.0,0.9986791412035624
convnext_small_full,p1_03074,random_deletion,0.1,0.9917544722557068
convnext_small_full,p1_03074,random_deletion,0.2,0.9948330918947855
convnext_small_full,p1_03074,random_deletion,0.4,0.975868304570516
convnext_small_full,p1_03074,random_deletion,0.6,0.994458019733429
convnext_small_full,p1_03074,random_deletion,0.8,0.9997259577115377
convnext_small_full,p1_03074,random_deletion,1.0,0.9997875094413757
convnext_small_full,p1_03121,deletion,0.0,0.7835288643836975
convnext_small_full,p1_03121,deletion,0.1,0.08019308870037396
convnext_small_full,p1_03121,deletion,0.2,0.09421849499146144
convnext_small_full,p1_03121,deletion,0.4,0.14193680696189404
convnext_small_full,p1_03121,deletion,0.6,0.442831426858902
convnext_small_full,p1_03121,deletion,0.8,0.33248156930009526
convnext_small_full,p1_03121,deletion,1.0,0.8027550975481669
convnext_small_full,p1_03121,insertion,0.0,0.8027550975481669
convnext_small_full,p1_03121,insertion,0.1,0.8635482589403788
convnext_small_full,p1_03121,insertion,0.2,0.9295641779899597
convnext_small_full,p1_03121,insertion,0.4,0.9068273901939392
convnext_small_full,p1_03121,insertion,0.6,0.9426663120587667
convnext_small_full,p1_03121,insertion,0.8,0.9392116069793701
convnext_small_full,p1_03121,insertion,1.0,0.7835288643836975
convnext_small_full,p1_03121,random_deletion,0.0,0.7835288643836975
convnext_small_full,p1_03121,random_deletion,0.1,0.8857463399569193
convnext_small_full,p1_03121,random_deletion,0.2,0.8948161800702413
convnext_small_full,p1_03121,random_deletion,0.4,0.9765121738115946
convnext_small_full,p1_03121,random_deletion,0.6,0.9344905416170756
convnext_small_full,p1_03121,random_deletion,0.8,0.9783271352450053
convnext_small_full,p1_03121,random_deletion,1.0,0.8027550975481669
convnext_small_full,p1_03136,deletion,0.0,0.8594571749369303
convnext_small_full,p1_03136,deletion,0.1,0.24995611111323038
convnext_small_full,p1_03136,deletion,0.2,0.29326901336510974
convnext_small_full,p1_03136,deletion,0.4,0.19317580262819925
convnext_small_full,p1_03136,deletion,0.6,0.19057811548312506
convnext_small_full,p1_03136,deletion,0.8,0.6232190132141113
convnext_small_full,p1_03136,deletion,1.0,0.9695173104604086
convnext_small_full,p1_03136,insertion,0.0,0.9695173104604086
convnext_small_full,p1_03136,insertion,0.1,0.9909564256668091
convnext_small_full,p1_03136,insertion,0.2,0.98704065879186
convnext_small_full,p1_03136,insertion,0.4,0.8756363391876221
convnext_small_full,p1_03136,insertion,0.6,0.9078116615613302
convnext_small_full,p1_03136,insertion,0.8,0.9620316823323568
convnext_small_full,p1_03136,insertion,1.0,0.8594571749369303
convnext_small_full,p1_03136,random_deletion,0.0,0.8594571749369303
convnext_small_full,p1_03136,random_deletion,0.1,0.691879133383433
convnext_small_full,p1_03136,random_deletion,0.2,0.7435175577799479
convnext_small_full,p1_03136,random_deletion,0.4,0.3389967481295268
convnext_small_full,p1_03136,random_deletion,0.6,0.3223318060239156
convnext_small_full,p1_03136,random_deletion,0.8,0.7459802230199178
convnext_small_full,p1_03136,random_deletion,1.0,0.9695173104604086
convnext_small_full,p1_03146,deletion,0.0,0.9323371648788452
convnext_small_full,p1_03146,deletion,0.1,0.6832610468069712
convnext_small_full,p1_03146,deletion,0.2,0.5169584651788076
convnext_small_full,p1_03146,deletion,0.4,0.47676197191079456
convnext_small_full,p1_03146,deletion,0.6,0.6792719960212708
convnext_small_full,p1_03146,deletion,0.8,0.7352483570575714
convnext_small_full,p1_03146,deletion,1.0,0.7468011379241943
convnext_small_full,p1_03146,insertion,0.0,0.7468011379241943
convnext_small_full,p1_03146,insertion,0.1,0.87186731894811
convnext_small_full,p1_03146,insertion,0.2,0.9622541864713033
convnext_small_full,p1_03146,insertion,0.4,0.9879296819368998
convnext_small_full,p1_03146,insertion,0.6,0.9817619323730469
convnext_small_full,p1_03146,insertion,0.8,0.958702027797699
convnext_small_full,p1_03146,insertion,1.0,0.9323371648788452
convnext_small_full,p1_03146,random_deletion,0.0,0.9323371648788452
convnext_small_full,p1_03146,random_deletion,0.1,0.9202897548675537
convnext_small_full,p1_03146,random_deletion,0.2,0.7198999921480814
convnext_small_full,p1_03146,random_deletion,0.4,0.932894229888916
convnext_small_full,p1_03146,random_deletion,0.6,0.7324122587839762
convnext_small_full,p1_03146,random_deletion,0.8,0.8684020439783732
convnext_small_full,p1_03146,random_deletion,1.0,0.7468011379241943
convnext_small_full,p1_03226,deletion,0.0,0.8901029427846273
convnext_small_full,p1_03226,deletion,0.1,0.7767980297406515
convnext_small_full,p1_03226,deletion,0.2,0.6555893321832021
convnext_small_full,p1_03226,deletion,0.4,0.4024643103281657
convnext_small_full,p1_03226,deletion,0.6,0.5259013374646505
convnext_small_full,p1_03226,deletion,0.8,0.7725507418314616
convnext_small_full,p1_03226,deletion,1.0,0.8407702843348185
convnext_small_full,p1_03226,insertion,0.0,0.8407702843348185
convnext_small_full,p1_03226,insertion,0.1,0.848061998685201
convnext_small_full,p1_03226,insertion,0.2,0.8432772556940714
convnext_small_full,p1_03226,insertion,0.4,0.9899290800094604
convnext_small_full,p1_03226,insertion,0.6,0.9791252811749777
convnext_small_full,p1_03226,insertion,0.8,0.9951732158660889
convnext_small_full,p1_03226,insertion,1.0,0.8901029427846273
convnext_small_full,p1_03226,random_deletion,0.0,0.8901029427846273
convnext_small_full,p1_03226,random_deletion,0.1,0.9471291104952494
convnext_small_full,p1_03226,random_deletion,0.2,0.693858782450358
convnext_small_full,p1_03226,random_deletion,0.4,0.9464682539304098
convnext_small_full,p1_03226,random_deletion,0.6,0.9977625012397766
convnext_small_full,p1_03226,random_deletion,0.8,0.9624095360438029
convnext_small_full,p1_03226,random_deletion,1.0,0.8407702843348185
convnext_small_full,p1_03634,deletion,0.0,0.9075963894526163
convnext_small_full,p1_03634,deletion,0.1,0.3180786470572154
convnext_small_full,p1_03634,deletion,0.2,0.05708259887372454
convnext_small_full,p1_03634,deletion,0.4,0.15212589657555023
convnext_small_full,p1_03634,deletion,0.6,0.4258941610654195
convnext_small_full,p1_03634,deletion,0.8,0.5732680161794027
convnext_small_full,p1_03634,deletion,1.0,0.46924955646197003
convnext_small_full,p1_03634,insertion,0.0,0.46924955646197003
convnext_small_full,p1_03634,insertion,0.1,0.5276283025741577
convnext_small_full,p1_03634,insertion,0.2,0.599687933921814
convnext_small_full,p1_03634,insertion,0.4,0.9176689386367798
convnext_small_full,p1_03634,insertion,0.6,0.8777782519658407
convnext_small_full,p1_03634,insertion,0.8,0.8963849941889445
convnext_small_full,p1_03634,insertion,1.0,0.9075963894526163
convnext_small_full,p1_03634,random_deletion,0.0,0.9075963894526163
convnext_small_full,p1_03634,random_deletion,0.1,0.8626896540323893
convnext_small_full,p1_03634,random_deletion,0.2,0.7953755259513855
convnext_small_full,p1_03634,random_deletion,0.4,0.5373658736546835
convnext_small_full,p1_03634,random_deletion,0.6,0.7009879946708679
convnext_small_full,p1_03634,random_deletion,0.8,0.8717000087102255
convnext_small_full,p1_03634,random_deletion,1.0,0.46924955646197003
convnext_small_full,p1_03670,deletion,0.0,0.9994481603304545
convnext_small_full,p1_03670,deletion,0.1,0.9986515442530314
convnext_small_full,p1_03670,deletion,0.2,0.9904325803120931
convnext_small_full,p1_03670,deletion,0.4,0.8461239337921143
convnext_small_full,p1_03670,deletion,0.6,0.9201525648434957
convnext_small_full,p1_03670,deletion,0.8,0.9415645798047384
convnext_small_full,p1_03670,deletion,1.0,0.9792450070381165
convnext_small_full,p1_03670,insertion,0.0,0.9792450070381165
convnext_small_full,p1_03670,insertion,0.1,0.9942178130149841
convnext_small_full,p1_03670,insertion,0.2,0.9978848497072855
convnext_small_full,p1_03670,insertion,0.4,0.9970553318659464
convnext_small_full,p1_03670,insertion,0.6,0.9971416393915812
convnext_small_full,p1_03670,insertion,0.8,0.9997548858324686
convnext_small_full,p1_03670,insertion,1.0,0.9994481603304545
convnext_small_full,p1_03670,random_deletion,0.0,0.9994481603304545
convnext_small_full,p1_03670,random_deletion,0.1,0.9996120929718018
convnext_small_full,p1_03670,random_deletion,0.2,0.9985567728678385
convnext_small_full,p1_03670,random_deletion,0.4,0.9947879513104757
convnext_small_full,p1_03670,random_deletion,0.6,0.9677354494730631
convnext_small_full,p1_03670,random_deletion,0.8,0.949427584807078
convnext_small_full,p1_03670,random_deletion,1.0,0.9792450070381165
convnext_small_full,p1_03755,deletion,0.0,0.8074398239453634
convnext_small_full,p1_03755,deletion,0.1,0.05011229651669661
convnext_small_full,p1_03755,deletion,0.2,0.018435679376125336
convnext_small_full,p1_03755,deletion,0.4,0.5335516954461733
convnext_small_full,p1_03755,deletion,0.6,0.7787673870722452
convnext_small_full,p1_03755,deletion,0.8,0.8588269948959351
convnext_small_full,p1_03755,deletion,1.0,0.7449659109115601
convnext_small_full,p1_03755,insertion,0.0,0.7449659109115601
convnext_small_full,p1_03755,insertion,0.1,0.43416715661684674
convnext_small_full,p1_03755,insertion,0.2,0.9560370643933614
convnext_small_full,p1_03755,insertion,0.4,0.9977009296417236
convnext_small_full,p1_03755,insertion,0.6,0.8898398478825887
convnext_small_full,p1_03755,insertion,0.8,0.6323543985684713
convnext_small_full,p1_03755,insertion,1.0,0.8074398239453634
convnext_small_full,p1_03755,random_deletion,0.0,0.8074398239453634
convnext_small_full,p1_03755,random_deletion,0.1,0.8749950528144836
convnext_small_full,p1_03755,random_deletion,0.2,0.9578349590301514
convnext_small_full,p1_03755,random_deletion,0.4,0.793636421362559
convnext_small_full,p1_03755,random_deletion,0.6,0.043053023517131805
convnext_small_full,p1_03755,random_deletion,0.8,0.33467642466227215
convnext_small_full,p1_03755,random_deletion,1.0,0.7449659109115601
convnext_small_full,p1_03772,deletion,0.0,0.62923796971639
convnext_small_full,p1_03772,deletion,0.1,0.4632960061232249
convnext_small_full,p1_03772,deletion,0.2,0.3526021142800649
convnext_small_full,p1_03772,deletion,0.4,0.16169368972380957
convnext_small_full,p1_03772,deletion,0.6,0.15421870226661363
convnext_small_full,p1_03772,deletion,0.8,0.10412992909550667
convnext_small_full,p1_03772,deletion,1.0,0.02768614919235309
convnext_small_full,p1_03772,insertion,0.0,0.02768614919235309
convnext_small_full,p1_03772,insertion,0.1,0.037423571882148586
convnext_small_full,p1_03772,insertion,0.2,0.5152363379796346
convnext_small_full,p1_03772,insertion,0.4,0.7909901142120361
convnext_small_full,p1_03772,insertion,0.6,0.7921305894851685
convnext_small_full,p1_03772,insertion,0.8,0.7018470764160156
convnext_small_full,p1_03772,insertion,1.0,0.62923796971639
convnext_small_full,p1_03772,random_deletion,0.0,0.62923796971639
convnext_small_full,p1_03772,random_deletion,0.1,0.6613015532493591
convnext_small_full,p1_03772,random_deletion,0.2,0.765585462252299
convnext_small_full,p1_03772,random_deletion,0.4,0.47879578669865924
convnext_small_full,p1_03772,random_deletion,0.6,0.5308071076869965
convnext_small_full,p1_03772,random_deletion,0.8,0.010561070715387663
convnext_small_full,p1_03772,random_deletion,1.0,0.02768614919235309
convnext_small_full,p1_03850,deletion,0.0,0.9976534644762675
convnext_small_full,p1_03850,deletion,0.1,0.9947524865468343
convnext_small_full,p1_03850,deletion,0.2,0.9095450838406881
convnext_small_full,p1_03850,deletion,0.4,0.49032023549079895
convnext_small_full,p1_03850,deletion,0.6,0.20311837643384933
convnext_small_full,p1_03850,deletion,0.8,0.3148420552412669
convnext_small_full,p1_03850,deletion,1.0,0.6704575022061666
convnext_small_full,p1_03850,insertion,0.0,0.6704575022061666
convnext_small_full,p1_03850,insertion,0.1,0.8193090160687765
convnext_small_full,p1_03850,insertion,0.2,0.9465725421905518
convnext_small_full,p1_03850,insertion,0.4,0.9976837635040283
convnext_small_full,p1_03850,insertion,0.6,0.9994749625523885
convnext_small_full,p1_03850,insertion,0.8,0.9995276927947998
convnext_small_full,p1_03850,insertion,1.0,0.9976534644762675
convnext_small_full,p1_03850,random_deletion,0.0,0.9976534644762675
convnext_small_full,p1_03850,random_deletion,0.1,0.9986319541931152
convnext_small_full,p1_03850,random_deletion,0.2,0.9984479745229086
convnext_small_full,p1_03850,random_deletion,0.4,0.9976548949877421
convnext_small_full,p1_03850,random_deletion,0.6,0.9564233819643656
convnext_small_full,p1_03850,random_deletion,0.8,0.8414631485939026
convnext_small_full,p1_03850,random_deletion,1.0,0.6704575022061666
convnext_small_full,p1_03985,deletion,0.0,0.48861096302668255
convnext_small_full,p1_03985,deletion,0.1,0.0018987429793924093
convnext_small_full,p1_03985,deletion,0.2,0.006879451995094617
convnext_small_full,p1_03985,deletion,0.4,0.0134749844049414
convnext_small_full,p1_03985,deletion,0.6,0.010920499761899313
convnext_small_full,p1_03985,deletion,0.8,0.029673767741769552
convnext_small_full,p1_03985,deletion,1.0,0.12037883202234904
convnext_small_full,p1_03985,insertion,0.0,0.12037883202234904
convnext_small_full,p1_03985,insertion,0.1,0.46303272247314453
convnext_small_full,p1_03985,insertion,0.2,0.41848279039065045
convnext_small_full,p1_03985,insertion,0.4,0.41030287742614746
convnext_small_full,p1_03985,insertion,0.6,0.39548589785893756
convnext_small_full,p1_03985,insertion,0.8,0.2204403020441532
convnext_small_full,p1_03985,insertion,1.0,0.48861096302668255
convnext_small_full,p1_03985,random_deletion,0.0,0.48861096302668255
convnext_small_full,p1_03985,random_deletion,0.1,0.6314659416675568
convnext_small_full,p1_03985,random_deletion,0.2,0.2887283116579056
convnext_small_full,p1_03985,random_deletion,0.4,0.26827514668305713
convnext_small_full,p1_03985,random_deletion,0.6,0.3284606635570526
convnext_small_full,p1_03985,random_deletion,0.8,0.02533369945983092
convnext_small_full,p1_03985,random_deletion,1.0,0.12037883202234904
convnext_small_full,p1_04168,deletion,0.0,0.865833580493927
convnext_small_full,p1_04168,deletion,0.1,0.34766145547231037
convnext_small_full,p1_04168,deletion,0.2,0.48990870515505475
convnext_small_full,p1_04168,deletion,0.4,0.4961836338043213
convnext_small_full,p1_04168,deletion,0.6,0.41167686382929486
convnext_small_full,p1_04168,deletion,0.8,0.36012325684229535
convnext_small_full,p1_04168,deletion,1.0,0.1484318052728971
convnext_small_full,p1_04168,insertion,0.0,0.1484318052728971
convnext_small_full,p1_04168,insertion,0.1,0.4489229619503021
convnext_small_full,p1_04168,insertion,0.2,0.5447387198607127
convnext_small_full,p1_04168,insertion,0.4,0.74311896165212
convnext_small_full,p1_04168,insertion,0.6,0.7405614852905273
convnext_small_full,p1_04168,insertion,0.8,0.7821958859761556
convnext_small_full,p1_04168,insertion,1.0,0.865833580493927
convnext_small_full,p1_04168,random_deletion,0.0,0.865833580493927
convnext_small_full,p1_04168,random_deletion,0.1,0.8401756683985392
convnext_small_full,p1_04168,random_deletion,0.2,0.8981598019599915
convnext_small_full,p1_04168,random_deletion,0.4,0.6688279509544373
convnext_small_full,p1_04168,random_deletion,0.6,0.4671570460001628
convnext_small_full,p1_04168,random_deletion,0.8,0.2579040030638377
convnext_small_full,p1_04168,random_deletion,1.0,0.1484318052728971
convnext_small_full,p1_04174,deletion,0.0,0.9999995628992716
convnext_small_full,p1_04174,deletion,0.1,0.06451114057563245
convnext_small_full,p1_04174,deletion,0.2,0.04829045385122299
convnext_small_full,p1_04174,deletion,0.4,0.0592585097377499
convnext_small_full,p1_04174,deletion,0.6,0.016518708939353626
convnext_small_full,p1_04174,deletion,0.8,0.022248910662407678
convnext_small_full,p1_04174,deletion,1.0,0.00030844498057073605
convnext_small_full,p1_04174,insertion,0.0,0.00030844498057073605
convnext_small_full,p1_04174,insertion,0.1,0.35202873187760514
convnext_small_full,p1_04174,insertion,0.2,0.9945757985115051
convnext_small_full,p1_04174,insertion,0.4,0.9990861813227335
convnext_small_full,p1_04174,insertion,0.6,0.9995922843615214
convnext_small_full,p1_04174,insertion,0.8,0.9998928109804789
convnext_small_full,p1_04174,insertion,1.0,0.9999995628992716
convnext_small_full,p1_04174,random_deletion,0.0,0.9999995628992716
convnext_small_full,p1_04174,random_deletion,0.1,0.9999994039535522
convnext_small_full,p1_04174,random_deletion,0.2,0.9999985694885254
convnext_small_full,p1_04174,random_deletion,0.4,0.9998628298441569
convnext_small_full,p1_04174,random_deletion,0.6,0.9995428721110026
convnext_small_full,p1_04174,random_deletion,0.8,0.0174092302719752
convnext_small_full,p1_04174,random_deletion,1.0,0.00030844498057073605
convnext_small_full,p1_04177,deletion,0.0,0.7287554939587911
convnext_small_full,p1_04177,deletion,0.1,0.4422203799088796
convnext_small_full,p1_04177,deletion,0.2,0.1719007045030594
convnext_small_full,p1_04177,deletion,0.4,0.13501512010892233
convnext_small_full,p1_04177,deletion,0.6,0.22785856326421103
convnext_small_full,p1_04177,deletion,0.8,0.5094431738058726
convnext_small_full,p1_04177,deletion,1.0,0.6113575398921967
convnext_small_full,p1_04177,insertion,0.0,0.6113575398921967
convnext_small_full,p1_04177,insertion,0.1,0.5865083932876587
convnext_small_full,p1_04177,insertion,0.2,0.6556175847848257
convnext_small_full,p1_04177,insertion,0.4,0.9520348906517029
convnext_small_full,p1_04177,insertion,0.6,0.9619124134381613
convnext_small_full,p1_04177,insertion,0.8,0.9443294207255045
convnext_small_full,p1_04177,insertion,1.0,0.7287554939587911
convnext_small_full,p1_04177,random_deletion,0.0,0.7287554939587911
convnext_small_full,p1_04177,random_deletion,0.1,0.7453505794207255
convnext_small_full,p1_04177,random_deletion,0.2,0.3199014564355214
convnext_small_full,p1_04177,random_deletion,0.4,0.5730875829855601
convnext_small_full,p1_04177,random_deletion,0.6,0.27669337888558704
convnext_small_full,p1_04177,random_deletion,0.8,0.5045076211293539
convnext_small_full,p1_04177,random_deletion,1.0,0.6113575398921967
convnext_small_full,p1_04178,deletion,0.0,0.9232358535130819
convnext_small_full,p1_04178,deletion,0.1,0.24057035148143768
convnext_small_full,p1_04178,deletion,0.2,0.19096702337265015
convnext_small_full,p1_04178,deletion,0.4,0.05989279101292292
convnext_small_full,p1_04178,deletion,0.6,0.09241280953089397
convnext_small_full,p1_04178,deletion,0.8,0.17242427170276642
convnext_small_full,p1_04178,deletion,1.0,0.17619775732358298
convnext_small_full,p1_04178,insertion,0.0,0.17619775732358298
convnext_small_full,p1_04178,insertion,0.1,0.5605889161427816
convnext_small_full,p1_04178,insertion,0.2,0.606882115205129
convnext_small_full,p1_04178,insertion,0.4,0.7484310070673624
convnext_small_full,p1_04178,insertion,0.6,0.9336634874343872
convnext_small_full,p1_04178,insertion,0.8,0.9468216697374979
convnext_small_full,p1_04178,insertion,1.0,0.9232358535130819
convnext_small_full,p1_04178,random_deletion,0.0,0.9232358535130819
convnext_small_full,p1_04178,random_deletion,0.1,0.9496679107348124
convnext_small_full,p1_04178,random_deletion,0.2,0.9805526932080587
convnext_small_full,p1_04178,random_deletion,0.4,0.10848026474316914
convnext_small_full,p1_04178,random_deletion,0.6,0.10894062121709187
convnext_small_full,p1_04178,random_deletion,0.8,0.10582536210616429
convnext_small_full,p1_04178,random_deletion,1.0,0.17619775732358298
convnext_small_full,p1_04278,deletion,0.0,0.8721322417259216
convnext_small_full,p1_04278,deletion,0.1,0.30830823133389157
convnext_small_full,p1_04278,deletion,0.2,0.15987370411554971
convnext_small_full,p1_04278,deletion,0.4,0.015746177212956052
convnext_small_full,p1_04278,deletion,0.6,0.0007404660573229194
convnext_small_full,p1_04278,deletion,0.8,0.00032256160799685557
convnext_small_full,p1_04278,deletion,1.0,0.0006660455837845802
convnext_small_full,p1_04278,insertion,0.0,0.0006660455837845802
convnext_small_full,p1_04278,insertion,0.1,0.00655245129019022
convnext_small_full,p1_04278,insertion,0.2,0.33418654402097064
convnext_small_full,p1_04278,insertion,0.4,0.7671857476234436
convnext_small_full,p1_04278,insertion,0.6,0.7751622398694357
convnext_small_full,p1_04278,insertion,0.8,0.7923092444737753
convnext_small_full,p1_04278,insertion,1.0,0.8721322417259216
convnext_small_full,p1_04278,random_deletion,0.0,0.8721322417259216
convnext_small_full,p1_04278,random_deletion,0.1,0.926355799039205
convnext_small_full,p1_04278,random_deletion,0.2,0.5888304710388184
convnext_small_full,p1_04278,random_deletion,0.4,0.24382314582665762
convnext_small_full,p1_04278,random_deletion,0.6,0.23938873410224915
convnext_small_full,p1_04278,random_deletion,0.8,0.1922761450211207
convnext_small_full,p1_04278,random_deletion,1.0,0.0006660455837845802
convnext_small_full,p1_04333,deletion,0.0,0.9761978387832642
convnext_small_full,p1_04333,deletion,0.1,0.40322835246721905
convnext_small_full,p1_04333,deletion,0.2,0.09124849239985149
convnext_small_full,p1_04333,deletion,0.4,0.030029843871792156
convnext_small_full,p1_04333,deletion,0.6,0.10192942370971043
convnext_small_full,p1_04333,deletion,0.8,0.11871372908353806
convnext_small_full,p1_04333,deletion,1.0,0.13101653258005777
convnext_small_full,p1_04333,insertion,0.0,0.13101653258005777
convnext_small_full,p1_04333,insertion,0.1,0.82090163230896
convnext_small_full,p1_04333,insertion,0.2,0.9471524556477865
convnext_small_full,p1_04333,insertion,0.4,0.9777213136355082
convnext_small_full,p1_04333,insertion,0.6,0.9846614996592203
convnext_small_full,p1_04333,insertion,0.8,0.9895545244216919
convnext_small_full,p1_04333,insertion,1.0,0.9761978387832642
convnext_small_full,p1_04333,random_deletion,0.0,0.9761978387832642
convnext_small_full,p1_04333,random_deletion,0.1,0.9805368185043335
convnext_small_full,p1_04333,random_deletion,0.2,0.9502974351247152
convnext_small_full,p1_04333,random_deletion,0.4,0.5870220065116882
convnext_small_full,p1_04333,random_deletion,0.6,0.19348621865113577
convnext_small_full,p1_04333,random_deletion,0.8,0.11135803038875262
convnext_small_full,p1_04333,random_deletion,1.0,0.13101653258005777
convnext_small_full,p1_04452,deletion,0.0,0.998919149239858
convnext_small_full,p1_04452,deletion,0.1,0.9942547480265299
convnext_small_full,p1_04452,deletion,0.2,0.9627115329106649
convnext_small_full,p1_04452,deletion,0.4,0.3506620575984319
convnext_small_full,p1_04452,deletion,0.6,0.14125587170322737
convnext_small_full,p1_04452,deletion,0.8,0.07208444364368916
convnext_small_full,p1_04452,deletion,1.0,0.10835833599170049
convnext_small_full,p1_04452,insertion,0.0,0.10835833599170049
convnext_small_full,p1_04452,insertion,0.1,0.4575335631767909
convnext_small_full,p1_04452,insertion,0.2,0.7128627399603525
convnext_small_full,p1_04452,insertion,0.4,0.9592902859052023
convnext_small_full,p1_04452,insertion,0.6,0.9649877945582072
convnext_small_full,p1_04452,insertion,0.8,0.9948774377504984
convnext_small_full,p1_04452,insertion,1.0,0.998919149239858
convnext_small_full,p1_04452,random_deletion,0.0,0.998919149239858
convnext_small_full,p1_04452,random_deletion,0.1,0.9978425105412801
convnext_small_full,p1_04452,random_deletion,0.2,0.9946611722310384
convnext_small_full,p1_04452,random_deletion,0.4,0.9876009821891785
convnext_small_full,p1_04452,random_deletion,0.6,0.9239134391148885
convnext_small_full,p1_04452,random_deletion,0.8,0.5674298604329427
convnext_small_full,p1_04452,random_deletion,1.0,0.10835833599170049
convnext_small_full,p1_04492,deletion,0.0,0.9127720395723978
convnext_small_full,p1_04492,deletion,0.1,0.661469300587972
convnext_small_full,p1_04492,deletion,0.2,0.6462841232617696
convnext_small_full,p1_04492,deletion,0.4,0.05463953052336971
convnext_small_full,p1_04492,deletion,0.6,0.09875404792061697
convnext_small_full,p1_04492,deletion,0.8,0.00836107576590924
convnext_small_full,p1_04492,deletion,1.0,0.04059275488058726
convnext_small_full,p1_04492,insertion,0.0,0.04059275488058726
convnext_small_full,p1_04492,insertion,0.1,0.29268893599510193
convnext_small_full,p1_04492,insertion,0.2,0.6309525867303213
convnext_small_full,p1_04492,insertion,0.4,0.7634457349777222
convnext_small_full,p1_04492,insertion,0.6,0.8791467150052389
convnext_small_full,p1_04492,insertion,0.8,0.9516035715738932
convnext_small_full,p1_04492,insertion,1.0,0.9127720395723978
convnext_small_full,p1_04492,random_deletion,0.0,0.9127720395723978
convnext_small_full,p1_04492,random_deletion,0.1,0.9595055977503458
convnext_small_full,p1_04492,random_deletion,0.2,0.6787362694740295
convnext_small_full,p1_04492,random_deletion,0.4,0.20470466713110605
convnext_small_full,p1_04492,random_deletion,0.6,0.13059806575377783
convnext_small_full,p1_04492,random_deletion,0.8,0.00846489348138372
convnext_small_full,p1_04492,random_deletion,1.0,0.04059275488058726
convnext_small_full,p1_04508,deletion,0.0,0.9631839394569397
convnext_small_full,p1_04508,deletion,0.1,0.8312634030977885
convnext_small_full,p1_04508,deletion,0.2,0.7068349023660024
convnext_small_full,p1_04508,deletion,0.4,0.5348058342933655
convnext_small_full,p1_04508,deletion,0.6,0.7990310192108154
convnext_small_full,p1_04508,deletion,0.8,0.7633933226267496
convnext_small_full,p1_04508,deletion,1.0,0.8989981412887573
convnext_small_full,p1_04508,insertion,0.0,0.8989981412887573
convnext_small_full,p1_04508,insertion,0.1,0.9514652689297994
convnext_small_full,p1_04508,insertion,0.2,0.9489736159642538
convnext_small_full,p1_04508,insertion,0.4,0.9935586253801981
convnext_small_full,p1_04508,insertion,0.6,0.9940986831982931
convnext_small_full,p1_04508,insertion,0.8,0.9428155422210693
convnext_small_full,p1_04508,insertion,1.0,0.9631839394569397
convnext_small_full,p1_04508,random_deletion,0.0,0.9631839394569397
convnext_small_full,p1_04508,random_deletion,0.1,0.9099948207537333
convnext_small_full,p1_04508,random_deletion,0.2,0.9702692230542501
convnext_small_full,p1_04508,random_deletion,0.4,0.9508565862973531
convnext_small_full,p1_04508,random_deletion,0.6,0.9389063517252604
convnext_small_full,p1_04508,random_deletion,0.8,0.8688692251841227
convnext_small_full,p1_04508,random_deletion,1.0,0.8989981412887573
convnext_small_full,p1_04546,deletion,0.0,0.9324746131896973
convnext_small_full,p1_04546,deletion,0.1,0.8350801467895508
convnext_small_full,p1_04546,deletion,0.2,0.4657809336980184
convnext_small_full,p1_04546,deletion,0.4,0.45248763759930927
convnext_small_full,p1_04546,deletion,0.6,0.36085819204648334
convnext_small_full,p1_04546,deletion,0.8,0.30858050659298897
convnext_small_full,p1_04546,deletion,1.0,0.79206516345342
convnext_small_full,p1_04546,insertion,0.0,0.79206516345342
convnext_small_full,p1_04546,insertion,0.1,0.9216918349266052
convnext_small_full,p1_04546,insertion,0.2,0.9474159280459086
convnext_small_full,p1_04546,insertion,0.4,0.9360358913739523
convnext_small_full,p1_04546,insertion,0.6,0.9793939789136251
convnext_small_full,p1_04546,insertion,0.8,0.898668110370636
convnext_small_full,p1_04546,insertion,1.0,0.9324746131896973
convnext_small_full,p1_04546,random_deletion,0.0,0.9324746131896973
convnext_small_full,p1_04546,random_deletion,0.1,0.9132293860117594
convnext_small_full,p1_04546,random_deletion,0.2,0.885233740011851
convnext_small_full,p1_04546,random_deletion,0.4,0.9845651586850485
convnext_small_full,p1_04546,random_deletion,0.6,0.9880107839902242
convnext_small_full,p1_04546,random_deletion,0.8,0.8973719676335653
convnext_small_full,p1_04546,random_deletion,1.0,0.79206516345342
convnext_small_full,p1_04697,deletion,0.0,0.9999914169311523
convnext_small_full,p1_04697,deletion,0.1,0.9999554554621378
convnext_small_full,p1_04697,deletion,0.2,0.9996757109959921
convnext_small_full,p1_04697,deletion,0.4,0.9975264668464661
convnext_small_full,p1_04697,deletion,0.6,0.9702466328938802
convnext_small_full,p1_04697,deletion,0.8,0.958303431669871
convnext_small_full,p1_04697,deletion,1.0,0.8346350987752279
convnext_small_full,p1_04697,insertion,0.0,0.8346350987752279
convnext_small_full,p1_04697,insertion,0.1,0.992845892906189
convnext_small_full,p1_04697,insertion,0.2,0.9985942045847574
convnext_small_full,p1_04697,insertion,0.4,0.9990471204121908
convnext_small_full,p1_04697,insertion,0.6,0.9995875954627991
convnext_small_full,p1_04697,insertion,0.8,0.9998713135719299
convnext_small_full,p1_04697,insertion,1.0,0.9999914169311523
convnext_small_full,p1_04697,random_deletion,0.0,0.9999914169311523
convnext_small_full,p1_04697,random_deletion,0.1,0.9997788866360983
convnext_small_full,p1_04697,random_deletion,0.2,0.9997186859448751
convnext_small_full,p1_04697,random_deletion,0.4,0.9946045279502869
convnext_small_full,p1_04697,random_deletion,0.6,0.997586747010549
convnext_small_full,p1_04697,random_deletion,0.8,0.7924054066340128
convnext_small_full,p1_04697,random_deletion,1.0,0.8346350987752279
convnext_small_full,p1_04698,deletion,0.0,0.9645434816678365
convnext_small_full,p1_04698,deletion,0.1,0.13522227108478546
convnext_small_full,p1_04698,deletion,0.2,0.0828760676085949
convnext_small_full,p1_04698,deletion,0.4,0.17250815903147063
convnext_small_full,p1_04698,deletion,0.6,0.30462941403190297
convnext_small_full,p1_04698,deletion,0.8,0.31719986846049625
convnext_small_full,p1_04698,deletion,1.0,0.7304829756418864
convnext_small_full,p1_04698,insertion,0.0,0.7304829756418864
convnext_small_full,p1_04698,insertion,0.1,0.8453149795532227
convnext_small_full,p1_04698,insertion,0.2,0.9472370147705078
convnext_small_full,p1_04698,insertion,0.4,0.978168785572052
convnext_small_full,p1_04698,insertion,0.6,0.936575452486674
convnext_small_full,p1_04698,insertion,0.8,0.98157666126887
convnext_small_full,p1_04698,insertion,1.0,0.9645434816678365
convnext_small_full,p1_04698,random_deletion,0.0,0.9645434816678365
convnext_small_full,p1_04698,random_deletion,0.1,0.9775475064913431
convnext_small_full,p1_04698,random_deletion,0.2,0.9167462189992269
convnext_small_full,p1_04698,random_deletion,0.4,0.8940558830897013
convnext_small_full,p1_04698,random_deletion,0.6,0.6645584801832835
convnext_small_full,p1_04698,random_deletion,0.8,0.5484404563903809
convnext_small_full,p1_04698,random_deletion,1.0,0.7304829756418864
convnext_small_full,p1_04727,deletion,0.0,0.8881590763727824
convnext_small_full,p1_04727,deletion,0.1,0.5599583288033804
convnext_small_full,p1_04727,deletion,0.2,0.48996244308849174
convnext_small_full,p1_04727,deletion,0.4,0.9003334442774454
convnext_small_full,p1_04727,deletion,0.6,0.9826165040334066
convnext_small_full,p1_04727,deletion,0.8,0.9485809008280436
convnext_small_full,p1_04727,deletion,1.0,0.984386126200358
convnext_small_full,p1_04727,insertion,0.0,0.984386126200358
convnext_small_full,p1_04727,insertion,0.1,0.9796152114868164
convnext_small_full,p1_04727,insertion,0.2,0.9838337898254395
convnext_small_full,p1_04727,insertion,0.4,0.98777703444163
convnext_small_full,p1_04727,insertion,0.6,0.9896480043729147
convnext_small_full,p1_04727,insertion,0.8,0.9845848480860392
convnext_small_full,p1_04727,insertion,1.0,0.8881590763727824
convnext_small_full,p1_04727,random_deletion,0.0,0.8881590763727824
convnext_small_full,p1_04727,random_deletion,0.1,0.15737641354401907
convnext_small_full,p1_04727,random_deletion,0.2,0.1271199882030487
convnext_small_full,p1_04727,random_deletion,0.4,0.7410541971524557
convnext_small_full,p1_04727,random_deletion,0.6,0.9975334604581197
convnext_small_full,p1_04727,random_deletion,0.8,0.9969236056009928
convnext_small_full,p1_04727,random_deletion,1.0,0.984386126200358
convnext_small_full,p1_04776,deletion,0.0,0.9999988476435343
convnext_small_full,p1_04776,deletion,0.1,0.9999319314956665
convnext_small_full,p1_04776,deletion,0.2,0.994956394036611
convnext_small_full,p1_04776,deletion,0.4,0.07189033242563407
convnext_small_full,p1_04776,deletion,0.6,0.13327684253454208
convnext_small_full,p1_04776,deletion,0.8,0.13200460622708002
convnext_small_full,p1_04776,deletion,1.0,0.20079439133405685
convnext_small_full,p1_04776,insertion,0.0,0.20079439133405685
convnext_small_full,p1_04776,insertion,0.1,0.7786100308100382
convnext_small_full,p1_04776,insertion,0.2,0.9997891783714294
convnext_small_full,p1_04776,insertion,0.4,0.9999744494756063
convnext_small_full,p1_04776,insertion,0.6,0.9999964237213135
convnext_small_full,p1_04776,insertion,0.8,0.9999974966049194
convnext_small_full,p1_04776,insertion,1.0,0.9999988476435343
convnext_small_full,p1_04776,random_deletion,0.0,0.9999988476435343
convnext_small_full,p1_04776,random_deletion,0.1,0.9999986886978149
convnext_small_full,p1_04776,random_deletion,0.2,0.9999779462814331
convnext_small_full,p1_04776,random_deletion,0.4,0.999246617158254
convnext_small_full,p1_04776,random_deletion,0.6,0.9894639650980631
convnext_small_full,p1_04776,random_deletion,0.8,0.9720338384310404
convnext_small_full,p1_04776,random_deletion,1.0,0.20079439133405685
convnext_small_full,p1_04859,deletion,0.0,0.9979536334673563
convnext_small_full,p1_04859,deletion,0.1,0.60444309314092
convnext_small_full,p1_04859,deletion,0.2,0.30938918391863507
convnext_small_full,p1_04859,deletion,0.4,0.062227477629979454
convnext_small_full,p1_04859,deletion,0.6,0.09918656075994174
convnext_small_full,p1_04859,deletion,0.8,0.04327546867231528
convnext_small_full,p1_04859,deletion,1.0,0.10251174618800481
convnext_small_full,p1_04859,insertion,0.0,0.10251174618800481
convnext_small_full,p1_04859,insertion,0.1,0.9529480338096619
convnext_small_full,p1_04859,insertion,0.2,0.9714935024579366
convnext_small_full,p1_04859,insertion,0.4,0.9969080487887064
convnext_small_full,p1_04859,insertion,0.6,0.9989079833030701
convnext_small_full,p1_04859,insertion,0.8,0.9971542954444885
convnext_small_full,p1_04859,insertion,1.0,0.9979536334673563
convnext_small_full,p1_04859,random_deletion,0.0,0.9979536334673563
convnext_small_full,p1_04859,random_deletion,0.1,0.9987228314081827
convnext_small_full,p1_04859,random_deletion,0.2,0.993833045164744
convnext_small_full,p1_04859,random_deletion,0.4,0.9926806489626566
convnext_small_full,p1_04859,random_deletion,0.6,0.8940274318059286
convnext_small_full,p1_04859,random_deletion,0.8,0.2751473585764567
convnext_small_full,p1_04859,random_deletion,1.0,0.10251174618800481
convnext_small_full,p1_04904,deletion,0.0,0.9478658040364584
convnext_small_full,p1_04904,deletion,0.1,0.010886799544095993
convnext_small_full,p1_04904,deletion,0.2,0.4248649477958679
convnext_small_full,p1_04904,deletion,0.4,0.41706682244936627
convnext_small_full,p1_04904,deletion,0.6,0.46028558413187665
convnext_small_full,p1_04904,deletion,0.8,0.6355752547581991
convnext_small_full,p1_04904,deletion,1.0,0.4402800699075063
convnext_small_full,p1_04904,insertion,0.0,0.4402800699075063
convnext_small_full,p1_04904,insertion,0.1,0.8267980416615804
convnext_small_full,p1_04904,insertion,0.2,0.9693677425384521
convnext_small_full,p1_04904,insertion,0.4,0.9801507194836935
convnext_small_full,p1_04904,insertion,0.6,0.9799872636795044
convnext_small_full,p1_04904,insertion,0.8,0.9780487418174744
convnext_small_full,p1_04904,insertion,1.0,0.9478658040364584
convnext_small_full,p1_04904,random_deletion,0.0,0.9478658040364584
convnext_small_full,p1_04904,random_deletion,0.1,0.98616490761439
convnext_small_full,p1_04904,random_deletion,0.2,0.7267512281735738
convnext_small_full,p1_04904,random_deletion,0.4,0.6727263331413269
convnext_small_full,p1_04904,random_deletion,0.6,0.4734274347623189
convnext_small_full,p1_04904,random_deletion,0.8,0.31993232170740765
convnext_small_full,p1_04904,random_deletion,1.0,0.4402800699075063
convnext_small_full,p1_05035,deletion,0.0,0.9965168436368307
convnext_small_full,p1_05035,deletion,0.1,0.9657215078671774
convnext_small_full,p1_05035,deletion,0.2,0.39807018637657166
convnext_small_full,p1_05035,deletion,0.4,0.21760033878187338
convnext_small_full,p1_05035,deletion,0.6,0.4631699124972026
convnext_small_full,p1_05035,deletion,0.8,0.510508860150973
convnext_small_full,p1_05035,deletion,1.0,0.46792371074358624
convnext_small_full,p1_05035,insertion,0.0,0.46792371074358624
convnext_small_full,p1_05035,insertion,0.1,0.35326477885246277
convnext_small_full,p1_05035,insertion,0.2,0.9900957743326823
convnext_small_full,p1_05035,insertion,0.4,0.994797945022583
convnext_small_full,p1_05035,insertion,0.6,0.9993003010749817
convnext_small_full,p1_05035,insertion,0.8,0.9976416826248169
convnext_small_full,p1_05035,insertion,1.0,0.9965168436368307
convnext_small_full,p1_05035,random_deletion,0.0,0.9965168436368307
convnext_small_full,p1_05035,random_deletion,0.1,0.9990900357564291
convnext_small_full,p1_05035,random_deletion,0.2,0.9865482250849406
convnext_small_full,p1_05035,random_deletion,0.4,0.9968304832776388
convnext_small_full,p1_05035,random_deletion,0.6,0.6586858630180359
convnext_small_full,p1_05035,random_deletion,0.8,0.7971459031105042
convnext_small_full,p1_05035,random_deletion,1.0,0.46792371074358624
convnext_small_full,p1_05146,deletion,0.0,0.9999998013178507
convnext_small_full,p1_05146,deletion,0.1,0.9999986489613851
convnext_small_full,p1_05146,deletion,0.2,0.9985258976618449
convnext_small_full,p1_05146,deletion,0.4,0.9973278840382894
convnext_small_full,p1_05146,deletion,0.6,0.9885461131731669
convnext_small_full,p1_05146,deletion,0.8,0.9279096126556396
convnext_small_full,p1_05146,deletion,1.0,0.9068806370099386
convnext_small_full,p1_05146,insertion,0.0,0.9068806370099386
convnext_small_full,p1_05146,insertion,0.1,0.9861815373102824
convnext_small_full,p1_05146,insertion,0.2,0.985487719376882
convnext_small_full,p1_05146,insertion,0.4,0.9982917507489523
convnext_small_full,p1_05146,insertion,0.6,0.9999910593032837
convnext_small_full,p1_05146,insertion,0.8,0.9999998410542806
convnext_small_full,p1_05146,insertion,1.0,0.9999998013178507
convnext_small_full,p1_05146,random_deletion,0.0,0.9999998013178507
convnext_small_full,p1_05146,random_deletion,0.1,0.9999996026357015
convnext_small_full,p1_05146,random_deletion,0.2,0.9999998013178507
convnext_small_full,p1_05146,random_deletion,0.4,0.9999980529149374
convnext_small_full,p1_05146,random_deletion,0.6,0.9999920527140299
convnext_small_full,p1_05146,random_deletion,0.8,0.9982089996337891
convnext_small_full,p1_05146,random_deletion,1.0,0.9068806370099386
convnext_small_full,p1_05190,deletion,0.0,0.9046354095141093
convnext_small_full,p1_05190,deletion,0.1,0.5691604117552439
convnext_small_full,p1_05190,deletion,0.2,0.2737397650877635
convnext_small_full,p1_05190,deletion,0.4,0.3574683964252472
convnext_small_full,p1_05190,deletion,0.6,0.4904281993707021
convnext_small_full,p1_05190,deletion,0.8,0.6608046889305115
convnext_small_full,p1_05190,deletion,1.0,0.5835355718930563
convnext_small_full,p1_05190,insertion,0.0,0.5835355718930563
convnext_small_full,p1_05190,insertion,0.1,0.9455535809199015
convnext_small_full,p1_05190,insertion,0.2,0.9887495239575704
convnext_small_full,p1_05190,insertion,0.4,0.991988480091095
convnext_small_full,p1_05190,insertion,0.6,0.9911792874336243
convnext_small_full,p1_05190,insertion,0.8,0.9683702985445658
convnext_small_full,p1_05190,insertion,1.0,0.9046354095141093
convnext_small_full,p1_05190,random_deletion,0.0,0.9046354095141093
convnext_small_full,p1_05190,random_deletion,0.1,0.946444551150004
convnext_small_full,p1_05190,random_deletion,0.2,0.9541978240013123
convnext_small_full,p1_05190,random_deletion,0.4,0.9258904457092285
convnext_small_full,p1_05190,random_deletion,0.6,0.67318723599116
convnext_small_full,p1_05190,random_deletion,0.8,0.19996896386146545
convnext_small_full,p1_05190,random_deletion,1.0,0.5835355718930563
convnext_small_full,p1_05253,deletion,0.0,0.9957548975944519
convnext_small_full,p1_05253,deletion,0.1,0.9858441948890686
convnext_small_full,p1_05253,deletion,0.2,0.9410408139228821
convnext_small_full,p1_05253,deletion,0.4,0.7337196469306946
convnext_small_full,p1_05253,deletion,0.6,0.9561872680981954
convnext_small_full,p1_05253,deletion,0.8,0.9256030718485514
convnext_small_full,p1_05253,deletion,1.0,0.881650447845459
convnext_small_full,p1_05253,insertion,0.0,0.881650447845459
convnext_small_full,p1_05253,insertion,0.1,0.9251360893249512
convnext_small_full,p1_05253,insertion,0.2,0.9968702594439188
convnext_small_full,p1_05253,insertion,0.4,0.9995569388071696
convnext_small_full,p1_05253,insertion,0.6,0.9997738798459371
convnext_small_full,p1_05253,insertion,0.8,0.9990052183469137
convnext_small_full,p1_05253,insertion,1.0,0.9957548975944519
convnext_small_full,p1_05253,random_deletion,0.0,0.9957548975944519
convnext_small_full,p1_05253,random_deletion,0.1,0.9969406525293986
convnext_small_full,p1_05253,random_deletion,0.2,0.9933362801869711
convnext_small_full,p1_05253,random_deletion,0.4,0.9718091289202372
convnext_small_full,p1_05253,random_deletion,0.6,0.7203006545702616
convnext_small_full,p1_05253,random_deletion,0.8,0.3617814977963765
convnext_small_full,p1_05253,random_deletion,1.0,0.881650447845459
convnext_small_full,p1_05279,deletion,0.0,0.9999999602635702
convnext_small_full,p1_05279,deletion,0.1,0.9999999602635702
convnext_small_full,p1_05279,deletion,0.2,0.9999999205271403
convnext_small_full,p1_05279,deletion,0.4,0.999997059504191
convnext_small_full,p1_05279,deletion,0.6,0.998970647652944
convnext_small_full,p1_05279,deletion,0.8,0.16629762450853983
convnext_small_full,p1_05279,deletion,1.0,0.11620438347260158
convnext_small_full,p1_05279,insertion,0.0,0.11620438347260158
convnext_small_full,p1_05279,insertion,0.1,0.10483256975809734
convnext_small_full,p1_05279,insertion,0.2,0.05648941546678543
convnext_small_full,p1_05279,insertion,0.4,0.5884265204270681
convnext_small_full,p1_05279,insertion,0.6,0.9999977350234985
convnext_small_full,p1_05279,insertion,0.8,0.9999999602635702
convnext_small_full,p1_05279,insertion,1.0,0.9999999602635702
convnext_small_full,p1_05279,random_deletion,0.0,0.9999999602635702
convnext_small_full,p1_05279,random_deletion,0.1,0.9999999602635702
convnext_small_full,p1_05279,random_deletion,0.2,0.9999999602635702
convnext_small_full,p1_05279,random_deletion,0.4,0.9999999205271403
convnext_small_full,p1_05279,random_deletion,0.6,0.9999982913335165
convnext_small_full,p1_05279,random_deletion,0.8,0.3124200105667114
convnext_small_full,p1_05279,random_deletion,1.0,0.11620438347260158
convnext_small_full,p1_05556,deletion,0.0,0.983938992023468
convnext_small_full,p1_05556,deletion,0.1,0.967621902624766
convnext_small_full,p1_05556,deletion,0.2,0.900390605131785
convnext_small_full,p1_05556,deletion,0.4,0.9400772253672282
convnext_small_full,p1_05556,deletion,0.6,0.7605147560437521
convnext_small_full,p1_05556,deletion,0.8,0.8976006905237833
convnext_small_full,p1_05556,deletion,1.0,0.9745746453603109
convnext_small_full,p1_05556,insertion,0.0,0.9745746453603109
convnext_small_full,p1_05556,insertion,0.1,0.9251188238461813
convnext_small_full,p1_05556,insertion,0.2,0.9899693528811137
convnext_small_full,p1_05556,insertion,0.4,0.9948034683863322
convnext_small_full,p1_05556,insertion,0.6,0.989811897277832
convnext_small_full,p1_05556,insertion,0.8,0.9868531227111816
convnext_small_full,p1_05556,insertion,1.0,0.983938992023468
convnext_small_full,p1_05556,random_deletion,0.0,0.983938992023468
convnext_small_full,p1_05556,random_deletion,0.1,0.9908215403556824
convnext_small_full,p1_05556,random_deletion,0.2,0.9963459173838297
convnext_small_full,p1_05556,random_deletion,0.4,0.9931836326917013
convnext_small_full,p1_05556,random_deletion,0.6,0.9337603251139323
convnext_small_full,p1_05556,random_deletion,0.8,0.8806556463241577
convnext_small_full,p1_05556,random_deletion,1.0,0.9745746453603109
convnext_small_full,p1_05642,deletion,0.0,0.8870327870051066
convnext_small_full,p1_05642,deletion,0.1,0.6518073479334513
convnext_small_full,p1_05642,deletion,0.2,0.32072029014428455
convnext_small_full,p1_05642,deletion,0.4,0.4087180445591609
convnext_small_full,p1_05642,deletion,0.6,0.8389566739400228
convnext_small_full,p1_05642,deletion,0.8,0.766949733098348
convnext_small_full,p1_05642,deletion,1.0,0.4351145525773366
convnext_small_full,p1_05642,insertion,0.0,0.4351145525773366
convnext_small_full,p1_05642,insertion,0.1,0.8589174747467041
convnext_small_full,p1_05642,insertion,0.2,0.8962599833806356
convnext_small_full,p1_05642,insertion,0.4,0.9010362426439921
convnext_small_full,p1_05642,insertion,0.6,0.9585264325141907
convnext_small_full,p1_05642,insertion,0.8,0.9160698056221008
convnext_small_full,p1_05642,insertion,1.0,0.8870327870051066
convnext_small_full,p1_05642,random_deletion,0.0,0.8870327870051066
convnext_small_full,p1_05642,random_deletion,0.1,0.9819100101788839
convnext_small_full,p1_05642,random_deletion,0.2,0.9737802743911743
convnext_small_full,p1_05642,random_deletion,0.4,0.9953489899635315
convnext_small_full,p1_05642,random_deletion,0.6,0.790889839331309
convnext_small_full,p1_05642,random_deletion,0.8,0.9293703238169352
convnext_small_full,p1_05642,random_deletion,1.0,0.4351145525773366
convnext_small_full,p1_05663,deletion,0.0,0.935398002465566
convnext_small_full,p1_05663,deletion,0.1,0.8554226557413737
convnext_small_full,p1_05663,deletion,0.2,0.6060811330874761
convnext_small_full,p1_05663,deletion,0.4,0.21875165837506452
convnext_small_full,p1_05663,deletion,0.6,0.16401055455207825
convnext_small_full,p1_05663,deletion,0.8,0.01220390402401487
convnext_small_full,p1_05663,deletion,1.0,0.004624379255498449
convnext_small_full,p1_05663,insertion,0.0,0.004624379255498449
convnext_small_full,p1_05663,insertion,0.1,0.0037902073624233403
convnext_small_full,p1_05663,insertion,0.2,0.12054324770967166
convnext_small_full,p1_05663,insertion,0.4,0.7083951731522878
convnext_small_full,p1_05663,insertion,0.6,0.9624048868815104
convnext_small_full,p1_05663,insertion,0.8,0.9657200773557028
convnext_small_full,p1_05663,insertion,1.0,0.935398002465566
convnext_small_full,p1_05663,random_deletion,0.0,0.935398002465566
convnext_small_full,p1_05663,random_deletion,0.1,0.8354401389757792
convnext_small_full,p1_05663,random_deletion,0.2,0.9566632310549418
convnext_small_full,p1_05663,random_deletion,0.4,0.9394357999165853
convnext_small_full,p1_05663,random_deletion,0.6,0.8230973879496256
convnext_small_full,p1_05663,random_deletion,0.8,0.2169132580359777
convnext_small_full,p1_05663,random_deletion,1.0,0.004624379255498449
convnext_small_full,p1_05677,deletion,0.0,0.8875527580579122
convnext_small_full,p1_05677,deletion,0.1,0.5902908245722452
convnext_small_full,p1_05677,deletion,0.2,0.5532366136709849
convnext_small_full,p1_05677,deletion,0.4,0.12109540154536565
convnext_small_full,p1_05677,deletion,0.6,0.07283542926112811
convnext_small_full,p1_05677,deletion,0.8,0.2403878072897593
convnext_small_full,p1_05677,deletion,1.0,0.509008914232254
convnext_small_full,p1_05677,insertion,0.0,0.509008914232254
convnext_small_full,p1_05677,insertion,0.1,0.7642772595087687
convnext_small_full,p1_05677,insertion,0.2,0.651861439148585
convnext_small_full,p1_05677,insertion,0.4,0.880563219388326
convnext_small_full,p1_05677,insertion,0.6,0.8056334654490153
convnext_small_full,p1_05677,insertion,0.8,0.8390473326047262
convnext_small_full,p1_05677,insertion,1.0,0.8875527580579122
convnext_small_full,p1_05677,random_deletion,0.0,0.8875527580579122
convnext_small_full,p1_05677,random_deletion,0.1,0.8910417159398397
convnext_small_full,p1_05677,random_deletion,0.2,0.8613407214482626
convnext_small_full,p1_05677,random_deletion,0.4,0.6014005144437155
convnext_small_full,p1_05677,random_deletion,0.6,0.5865355233351389
convnext_small_full,p1_05677,random_deletion,0.8,0.45974204937616986
convnext_small_full,p1_05677,random_deletion,1.0,0.509008914232254
convnext_small_full,p1_05733,deletion,0.0,0.9913797775904337
convnext_small_full,p1_05733,deletion,0.1,0.8511855403582255
convnext_small_full,p1_05733,deletion,0.2,0.597017228603363
convnext_small_full,p1_05733,deletion,0.4,0.16663719216982523
convnext_small_full,p1_05733,deletion,0.6,0.1943865865468979
convnext_small_full,p1_05733,deletion,0.8,0.18053937951723734
convnext_small_full,p1_05733,deletion,1.0,0.007698005996644497
convnext_small_full,p1_05733,insertion,0.0,0.007698005996644497
convnext_small_full,p1_05733,insertion,0.1,0.025061307474970818
convnext_small_full,p1_05733,insertion,0.2,0.9792373577753702
convnext_small_full,p1_05733,insertion,0.4,0.9661658803621928
convnext_small_full,p1_05733,insertion,0.6,0.9848942160606384
convnext_small_full,p1_05733,insertion,0.8,0.9883500138918558
convnext_small_full,p1_05733,insertion,1.0,0.9913797775904337
convnext_small_full,p1_05733,random_deletion,0.0,0.9913797775904337
convnext_small_full,p1_05733,random_deletion,0.1,0.9636821349461874
convnext_small_full,p1_05733,random_deletion,0.2,0.8880295753479004
convnext_small_full,p1_05733,random_deletion,0.4,0.613779346148173
convnext_small_full,p1_05733,random_deletion,0.6,0.6866527199745178
convnext_small_full,p1_05733,random_deletion,0.8,0.15505054593086243
convnext_small_full,p1_05733,random_deletion,1.0,0.007698005996644497
convnext_small_full,p1_05902,deletion,0.0,0.993079404036204
convnext_small_full,p1_05902,deletion,0.1,0.9513279596964518
convnext_small_full,p1_05902,deletion,0.2,0.8927735884984335
convnext_small_full,p1_05902,deletion,0.4,0.5517479081948599
convnext_small_full,p1_05902,deletion,0.6,0.16194609304269156
convnext_small_full,p1_05902,deletion,0.8,0.21204429616530737
convnext_small_full,p1_05902,deletion,1.0,0.5451940397421519
convnext_small_full,p1_05902,insertion,0.0,0.5451940397421519
convnext_small_full,p1_05902,insertion,0.1,0.9310274918874105
convnext_small_full,p1_05902,insertion,0.2,0.9881104826927185
convnext_small_full,p1_05902,insertion,0.4,0.998671273390452
convnext_small_full,p1_05902,insertion,0.6,0.9993601640065511
convnext_small_full,p1_05902,insertion,0.8,0.9978487888971964
convnext_small_full,p1_05902,insertion,1.0,0.993079404036204
convnext_small_full,p1_05902,random_deletion,0.0,0.993079404036204
convnext_small_full,p1_05902,random_deletion,0.1,0.9964159727096558
convnext_small_full,p1_05902,random_deletion,0.2,0.9947200616200765
convnext_small_full,p1_05902,random_deletion,0.4,0.973168949286143
convnext_small_full,p1_05902,random_deletion,0.6,0.982836107412974
convnext_small_full,p1_05902,random_deletion,0.8,0.9000889857610067
convnext_small_full,p1_05902,random_deletion,1.0,0.5451940397421519
convnext_small_full,p1_06182,deletion,0.0,0.9223112463951111
convnext_small_full,p1_06182,deletion,0.1,0.8003759185473124
convnext_small_full,p1_06182,deletion,0.2,0.7370587189992269
convnext_small_full,p1_06182,deletion,0.4,0.2896268467108409
convnext_small_full,p1_06182,deletion,0.6,0.2902454386154811
convnext_small_full,p1_06182,deletion,0.8,0.20448604226112366
convnext_small_full,p1_06182,deletion,1.0,0.10918344929814339
convnext_small_full,p1_06182,insertion,0.0,0.10918344929814339
convnext_small_full,p1_06182,insertion,0.1,0.6789526542027792
convnext_small_full,p1_06182,insertion,0.2,0.7513296405474345
convnext_small_full,p1_06182,insertion,0.4,0.8825765252113342
convnext_small_full,p1_06182,insertion,0.6,0.9153781731923422
convnext_small_full,p1_06182,insertion,0.8,0.9508544405301412
convnext_small_full,p1_06182,insertion,1.0,0.9223112463951111
convnext_small_full,p1_06182,random_deletion,0.0,0.9223112463951111
convnext_small_full,p1_06182,random_deletion,0.1,0.9332863291104635
convnext_small_full,p1_06182,random_deletion,0.2,0.675882895787557
convnext_small_full,p1_06182,random_deletion,0.4,0.6513411303361257
convnext_small_full,p1_06182,random_deletion,0.6,0.6573876539866129
convnext_small_full,p1_06182,random_deletion,0.8,0.264357050259908
convnext_small_full,p1_06182,random_deletion,1.0,0.10918344929814339
convnext_small_full,p1_06190,deletion,0.0,0.9604427218437195
convnext_small_full,p1_06190,deletion,0.1,0.5872745712598165
convnext_small_full,p1_06190,deletion,0.2,0.37208421031634015
convnext_small_full,p1_06190,deletion,0.4,0.5910876194636027
convnext_small_full,p1_06190,deletion,0.6,0.5792905986309052
convnext_small_full,p1_06190,deletion,0.8,0.3022872135043144
convnext_small_full,p1_06190,deletion,1.0,0.12001168727874756
convnext_small_full,p1_06190,insertion,0.0,0.12001168727874756
convnext_small_full,p1_06190,insertion,0.1,0.7347047328948975
convnext_small_full,p1_06190,insertion,0.2,0.962766150633494
convnext_small_full,p1_06190,insertion,0.4,0.9945986668268839
convnext_small_full,p1_06190,insertion,0.6,0.9927793542544047
convnext_small_full,p1_06190,insertion,0.8,0.989896297454834
convnext_small_full,p1_06190,insertion,1.0,0.9604427218437195
convnext_small_full,p1_06190,random_deletion,0.0,0.9604427218437195
convnext_small_full,p1_06190,random_deletion,0.1,0.9769865473111471
convnext_small_full,p1_06190,random_deletion,0.2,0.9655195275942484
convnext_small_full,p1_06190,random_deletion,0.4,0.980695923169454
convnext_small_full,p1_06190,random_deletion,0.6,0.8733741243680319
convnext_small_full,p1_06190,random_deletion,0.8,0.5257753133773804
convnext_small_full,p1_06190,random_deletion,1.0,0.12001168727874756
convnext_small_full,p1_06264,deletion,0.0,0.8601643840471903
convnext_small_full,p1_06264,deletion,0.1,0.9201453725496928
convnext_small_full,p1_06264,deletion,0.2,0.41917111972967785
convnext_small_full,p1_06264,deletion,0.4,0.04576657836635908
convnext_small_full,p1_06264,deletion,0.6,0.08780368603765965
convnext_small_full,p1_06264,deletion,0.8,0.2971353406707446
convnext_small_full,p1_06264,deletion,1.0,0.5027034183343252
convnext_small_full,p1_06264,insertion,0.0,0.5027034183343252
convnext_small_full,p1_06264,insertion,0.1,0.8313864469528198
convnext_small_full,p1_06264,insertion,0.2,0.8646737337112427
convnext_small_full,p1_06264,insertion,0.4,0.9707370400428772
convnext_small_full,p1_06264,insertion,0.6,0.9957143863042196
convnext_small_full,p1_06264,insertion,0.8,0.9863363901774088
convnext_small_full,p1_06264,insertion,1.0,0.8601643840471903
convnext_small_full,p1_06264,random_deletion,0.0,0.8601643840471903
convnext_small_full,p1_06264,random_deletion,0.1,0.6265254418055216
convnext_small_full,p1_06264,random_deletion,0.2,0.9537986715634664
convnext_small_full,p1_06264,random_deletion,0.4,0.8943560520807902
convnext_small_full,p1_06264,random_deletion,0.6,0.9389584064483643
convnext_small_full,p1_06264,random_deletion,0.8,0.9738797942797343
convnext_small_full,p1_06264,random_deletion,1.0,0.5027034183343252
convnext_small_full,p1_06597,deletion,0.0,0.930800994237264
convnext_small_full,p1_06597,deletion,0.1,0.7349174817403158
convnext_small_full,p1_06597,deletion,0.2,0.6034356455008189
convnext_small_full,p1_06597,deletion,0.4,0.18867558737595877
convnext_small_full,p1_06597,deletion,0.6,0.11061126738786697
convnext_small_full,p1_06597,deletion,0.8,0.10693960792074601
convnext_small_full,p1_06597,deletion,1.0,0.05436705549558004
convnext_small_full,p1_06597,insertion,0.0,0.05436705549558004
convnext_small_full,p1_06597,insertion,0.1,0.5711385806401571
convnext_small_full,p1_06597,insertion,0.2,0.8652030428250631
convnext_small_full,p1_06597,insertion,0.4,0.9085995952288309
convnext_small_full,p1_06597,insertion,0.6,0.9136086304982504
convnext_small_full,p1_06597,insertion,0.8,0.9290643533070883
convnext_small_full,p1_06597,insertion,1.0,0.930800994237264
convnext_small_full,p1_06597,random_deletion,0.0,0.930800994237264
convnext_small_full,p1_06597,random_deletion,0.1,0.9561155239741007
convnext_small_full,p1_06597,random_deletion,0.2,0.9571040272712708
convnext_small_full,p1_06597,random_deletion,0.4,0.5520891547203064
convnext_small_full,p1_06597,random_deletion,0.6,0.9312250018119812
convnext_small_full,p1_06597,random_deletion,0.8,0.4815346797307332
convnext_small_full,p1_06597,random_deletion,1.0,0.05436705549558004
convnext_small_full,p1_06891,deletion,0.0,0.9931938449541727
convnext_small_full,p1_06891,deletion,0.1,0.28250200984378654
convnext_small_full,p1_06891,deletion,0.2,0.02323513322820266
convnext_small_full,p1_06891,deletion,0.4,0.015350705400730172
convnext_small_full,p1_06891,deletion,0.6,0.0039478235024337964
convnext_small_full,p1_06891,deletion,0.8,0.0035564966577415666
convnext_small_full,p1_06891,deletion,1.0,0.014477229211479425
convnext_small_full,p1_06891,insertion,0.0,0.014477229211479425
convnext_small_full,p1_06891,insertion,0.1,0.34815865755081177
convnext_small_full,p1_06891,insertion,0.2,0.5981607039769491
convnext_small_full,p1_06891,insertion,0.4,0.9779794216156006
convnext_small_full,p1_06891,insertion,0.6,0.998007615407308
convnext_small_full,p1_06891,insertion,0.8,0.9983749985694885
convnext_small_full,p1_06891,insertion,1.0,0.9931938449541727
convnext_small_full,p1_06891,random_deletion,0.0,0.9931938449541727
convnext_small_full,p1_06891,random_deletion,0.1,0.9882720311482748
convnext_small_full,p1_06891,random_deletion,0.2,0.9646107951800028
convnext_small_full,p1_06891,random_deletion,0.4,0.3982796122630437
convnext_small_full,p1_06891,random_deletion,0.6,0.7511764764785767
convnext_small_full,p1_06891,random_deletion,0.8,0.43363449970881146
convnext_small_full,p1_06891,random_deletion,1.0,0.014477229211479425
convnext_small_full,p1_07023,deletion,0.0,0.7471799850463867
convnext_small_full,p1_07023,deletion,0.1,0.0642424114048481
convnext_small_full,p1_07023,deletion,0.2,0.07164016924798489
convnext_small_full,p1_07023,deletion,0.4,0.05924598810573419
convnext_small_full,p1_07023,deletion,0.6,0.027921694020430248
convnext_small_full,p1_07023,deletion,0.8,0.03480155641833941
convnext_small_full,p1_07023,deletion,1.0,0.06014748538533846
convnext_small_full,p1_07023,insertion,0.0,0.06014748538533846
convnext_small_full,p1_07023,insertion,0.1,0.18121220171451569
convnext_small_full,p1_07023,insertion,0.2,0.33413780232270557
convnext_small_full,p1_07023,insertion,0.4,0.6319845219453176
convnext_small_full,p1_07023,insertion,0.6,0.5261742174625397
convnext_small_full,p1_07023,insertion,0.8,0.7143153746922811
convnext_small_full,p1_07023,insertion,1.0,0.7471799850463867
convnext_small_full,p1_07023,random_deletion,0.0,0.7471799850463867
convnext_small_full,p1_07023,random_deletion,0.1,0.4852879246075948
convnext_small_full,p1_07023,random_deletion,0.2,0.1260018746058146
convnext_small_full,p1_07023,random_deletion,0.4,0.026476096361875534
convnext_small_full,p1_07023,random_deletion,0.6,0.017975851893424988
convnext_small_full,p1_07023,random_deletion,0.8,0.007994326762855053
convnext_small_full,p1_07023,random_deletion,1.0,0.06014748538533846
convnext_small_full,p1_07087,deletion,0.0,0.3825070758660634
convnext_small_full,p1_07087,deletion,0.1,0.15578078230222067
convnext_small_full,p1_07087,deletion,0.2,0.0392030676205953
convnext_small_full,p1_07087,deletion,0.4,0.007866509802018603
convnext_small_full,p1_07087,deletion,0.6,0.003958355480184157
convnext_small_full,p1_07087,deletion,0.8,0.011030917172320187
convnext_small_full,p1_07087,deletion,1.0,0.0009040903532877564
convnext_small_full,p1_07087,insertion,0.0,0.0009040903532877564
convnext_small_full,p1_07087,insertion,0.1,0.029764289657274883
convnext_small_full,p1_07087,insertion,0.2,0.28570569058259326
convnext_small_full,p1_07087,insertion,0.4,0.10468676934639613
convnext_small_full,p1_07087,insertion,0.6,0.10405301799376805
convnext_small_full,p1_07087,insertion,0.8,0.39545674125353497
convnext_small_full,p1_07087,insertion,1.0,0.3825070758660634
convnext_small_full,p1_07087,random_deletion,0.0,0.3825070758660634
convnext_small_full,p1_07087,random_deletion,0.1,0.4547920227050781
convnext_small_full,p1_07087,random_deletion,0.2,0.28046299517154694
convnext_small_full,p1_07087,random_deletion,0.4,0.10189968347549438
convnext_small_full,p1_07087,random_deletion,0.6,0.012649779208004475
convnext_small_full,p1_07087,random_deletion,0.8,0.003171161205197374
convnext_small_full,p1_07087,random_deletion,1.0,0.0009040903532877564
convnext_small_full,p1_07148,deletion,0.0,0.9999878406524658
convnext_small_full,p1_07148,deletion,0.1,0.9999773502349854
convnext_small_full,p1_07148,deletion,0.2,0.9999523957570394
convnext_small_full,p1_07148,deletion,0.4,0.9995855887730917
convnext_small_full,p1_07148,deletion,0.6,0.9946974317232767
convnext_small_full,p1_07148,deletion,0.8,0.9828420281410217
convnext_small_full,p1_07148,deletion,1.0,0.9285035133361816
convnext_small_full,p1_07148,insertion,0.0,0.9285035133361816
convnext_small_full,p1_07148,insertion,0.1,0.6738219857215881
convnext_small_full,p1_07148,insertion,0.2,0.8894396225611368
convnext_small_full,p1_07148,insertion,0.4,0.9936433633168539
convnext_small_full,p1_07148,insertion,0.6,0.9999815622965494
convnext_small_full,p1_07148,insertion,0.8,0.9999743700027466
convnext_small_full,p1_07148,insertion,1.0,0.9999878406524658
convnext_small_full,p1_07148,random_deletion,0.0,0.9999878406524658
convnext_small_full,p1_07148,random_deletion,0.1,0.9999868472417196
convnext_small_full,p1_07148,random_deletion,0.2,0.9999772707621256
convnext_small_full,p1_07148,random_deletion,0.4,0.9999787410100301
convnext_small_full,p1_07148,random_deletion,0.6,0.9996975064277649
convnext_small_full,p1_07148,random_deletion,0.8,0.9936466813087463
convnext_small_full,p1_07148,random_deletion,1.0,0.9285035133361816
convnext_small_full,p1_07328,deletion,0.0,0.9778734445571899
convnext_small_full,p1_07328,deletion,0.1,0.964593251546224
convnext_small_full,p1_07328,deletion,0.2,0.9587364196777344
convnext_small_full,p1_07328,deletion,0.4,0.7383011778195699
convnext_small_full,p1_07328,deletion,0.6,0.37303173542022705
convnext_small_full,p1_07328,deletion,0.8,0.5770506461461385
convnext_small_full,p1_07328,deletion,1.0,0.9793105721473694
convnext_small_full,p1_07328,insertion,0.0,0.9793105721473694
convnext_small_full,p1_07328,insertion,0.1,0.9607220689455668
convnext_small_full,p1_07328,insertion,0.2,0.964384933312734
convnext_small_full,p1_07328,insertion,0.4,0.9975969394048055
convnext_small_full,p1_07328,insertion,0.6,0.9963155587514242
convnext_small_full,p1_07328,insertion,0.8,0.9977840979894003
convnext_small_full,p1_07328,insertion,1.0,0.9778734445571899
convnext_small_full,p1_07328,random_deletion,0.0,0.9778734445571899
convnext_small_full,p1_07328,random_deletion,0.1,0.9913808902104696
convnext_small_full,p1_07328,random_deletion,0.2,0.9852298696835836
convnext_small_full,p1_07328,random_deletion,0.4,0.9906403422355652
convnext_small_full,p1_07328,random_deletion,0.6,0.963127076625824
convnext_small_full,p1_07328,random_deletion,0.8,0.8709906140963236
convnext_small_full,p1_07328,random_deletion,1.0,0.9793105721473694
convnext_small_full,p1_07341,deletion,0.0,0.9960251847902933
convnext_small_full,p1_07341,deletion,0.1,0.6800366242726644
convnext_small_full,p1_07341,deletion,0.2,0.6935903330643972
convnext_small_full,p1_07341,deletion,0.4,0.5668488542238871
convnext_small_full,p1_07341,deletion,0.6,0.6067711512247721
convnext_small_full,p1_07341,deletion,0.8,0.6697165767351786
convnext_small_full,p1_07341,deletion,1.0,0.4086553752422333
convnext_small_full,p1_07341,insertion,0.0,0.4086553752422333
convnext_small_full,p1_07341,insertion,0.1,0.9060905377070109
convnext_small_full,p1_07341,insertion,0.2,0.986056903998057
convnext_small_full,p1_07341,insertion,0.4,0.9922105272610983
convnext_small_full,p1_07341,insertion,0.6,0.9920979738235474
convnext_small_full,p1_07341,insertion,0.8,0.9915054440498352
convnext_small_full,p1_07341,insertion,1.0,0.9960251847902933
convnext_small_full,p1_07341,random_deletion,0.0,0.9960251847902933
convnext_small_full,p1_07341,random_deletion,0.1,0.995610515276591
convnext_small_full,p1_07341,random_deletion,0.2,0.9896463553110758
convnext_small_full,p1_07341,random_deletion,0.4,0.7677567601203918
convnext_small_full,p1_07341,random_deletion,0.6,0.6563277045885721
convnext_small_full,p1_07341,random_deletion,0.8,0.7150677641232809
convnext_small_full,p1_07341,random_deletion,1.0,0.4086553752422333
convnext_small_full,p1_07488,deletion,0.0,0.9999599456787109
convnext_small_full,p1_07488,deletion,0.1,0.9999682505925497
convnext_small_full,p1_07488,deletion,0.2,0.9997022350629171
convnext_small_full,p1_07488,deletion,0.4,0.6237631936868032
convnext_small_full,p1_07488,deletion,0.6,0.4570549925168355
convnext_small_full,p1_07488,deletion,0.8,0.8689397970835367
convnext_small_full,p1_07488,deletion,1.0,0.9800447424252828
convnext_small_full,p1_07488,insertion,0.0,0.9800447424252828
convnext_small_full,p1_07488,insertion,0.1,0.9986306230227152
convnext_small_full,p1_07488,insertion,0.2,0.9999169905980428
convnext_small_full,p1_07488,insertion,0.4,0.9998705585797628
convnext_small_full,p1_07488,insertion,0.6,0.9999067187309265
convnext_small_full,p1_07488,insertion,0.8,0.9999349117279053
convnext_small_full,p1_07488,insertion,1.0,0.9999599456787109
convnext_small_full,p1_07488,random_deletion,0.0,0.9999599456787109
convnext_small_full,p1_07488,random_deletion,0.1,0.9999783039093018
convnext_small_full,p1_07488,random_deletion,0.2,0.9999410708745321
convnext_small_full,p1_07488,random_deletion,0.4,0.9998190800348917
convnext_small_full,p1_07488,random_deletion,0.6,0.994346042474111
convnext_small_full,p1_07488,random_deletion,0.8,0.9900337855021158
convnext_small_full,p1_07488,random_deletion,1.0,0.9800447424252828
convnext_small_full,p1_07588,deletion,0.0,0.6821876168251038
convnext_small_full,p1_07588,deletion,0.1,0.3810878396034241
convnext_small_full,p1_07588,deletion,0.2,0.2113748143116633
convnext_small_full,p1_07588,deletion,0.4,0.10526981204748154
convnext_small_full,p1_07588,deletion,0.6,0.19374861319859824
convnext_small_full,p1_07588,deletion,0.8,0.3105638474225998
convnext_small_full,p1_07588,deletion,1.0,0.8545037309328715
convnext_small_full,p1_07588,insertion,0.0,0.8545037309328715
convnext_small_full,p1_07588,insertion,0.1,0.8242955803871155
convnext_small_full,p1_07588,insertion,0.2,0.48540424307187396
convnext_small_full,p1_07588,insertion,0.4,0.9651933709780375
convnext_small_full,p1_07588,insertion,0.6,0.9239952762921652
convnext_small_full,p1_07588,insertion,0.8,0.9567889968554179
convnext_small_full,p1_07588,insertion,1.0,0.6821876168251038
convnext_small_full,p1_07588,random_deletion,0.0,0.6821876168251038
convnext_small_full,p1_07588,random_deletion,0.1,0.6563871701558431
convnext_small_full,p1_07588,random_deletion,0.2,0.6408905287583669
convnext_small_full,p1_07588,random_deletion,0.4,0.2084269920984904
convnext_small_full,p1_07588,random_deletion,0.6,0.10410262892643611
convnext_small_full,p1_07588,random_deletion,0.8,0.05777417371670405
convnext_small_full,p1_07588,random_deletion,1.0,0.8545037309328715
convnext_small_full,p1_08079,deletion,0.0,0.9981265068054199
convnext_small_full,p1_08079,deletion,0.1,0.9419367909431458
convnext_small_full,p1_08079,deletion,0.2,0.7497521042823792
convnext_small_full,p1_08079,deletion,0.4,0.9130305250485738
convnext_small_full,p1_08079,deletion,0.6,0.9545626242955526
convnext_small_full,p1_08079,deletion,0.8,0.9491040706634521
convnext_small_full,p1_08079,deletion,1.0,0.9870969454447428
convnext_small_full,p1_08079,insertion,0.0,0.9870969454447428
convnext_small_full,p1_08079,insertion,0.1,0.9996026555697123
convnext_small_full,p1_08079,insertion,0.2,0.9974107344945272
convnext_small_full,p1_08079,insertion,0.4,0.9919875661532084
convnext_small_full,p1_08079,insertion,0.6,0.9928753972053528
convnext_small_full,p1_08079,insertion,0.8,0.9954153100649515
convnext_small_full,p1_08079,insertion,1.0,0.9981265068054199
convnext_small_full,p1_08079,random_deletion,0.0,0.9981265068054199
convnext_small_full,p1_08079,random_deletion,0.1,0.9989352623621622
convnext_small_full,p1_08079,random_deletion,0.2,0.9979432423909506
convnext_small_full,p1_08079,random_deletion,0.4,0.9691329399744669
convnext_small_full,p1_08079,random_deletion,0.6,0.8505392869313558
convnext_small_full,p1_08079,random_deletion,0.8,0.9454790751139323
convnext_small_full,p1_08079,random_deletion,1.0,0.9870969454447428
convnext_small_full,p1_08262,deletion,0.0,0.9997300108273824
convnext_small_full,p1_08262,deletion,0.1,0.991006096204122
convnext_small_full,p1_08262,deletion,0.2,0.9921075900395712
convnext_small_full,p1_08262,deletion,0.4,0.9711803595225016
convnext_small_full,p1_08262,deletion,0.6,0.9519675771395365
convnext_small_full,p1_08262,deletion,0.8,0.9533547759056091
convnext_small_full,p1_08262,deletion,1.0,0.37006522218386334
convnext_small_full,p1_08262,insertion,0.0,0.37006522218386334
convnext_small_full,p1_08262,insertion,0.1,0.7020841439565023
convnext_small_full,p1_08262,insertion,0.2,0.9611673951148987
convnext_small_full,p1_08262,insertion,0.4,0.9561727245648702
convnext_small_full,p1_08262,insertion,0.6,0.9722989797592163
convnext_small_full,p1_08262,insertion,0.8,0.9955283006032308
convnext_small_full,p1_08262,insertion,1.0,0.9997300108273824
convnext_small_full,p1_08262,random_deletion,0.0,0.9997300108273824
convnext_small_full,p1_08262,random_deletion,0.1,0.9975232084592184
convnext_small_full,p1_08262,random_deletion,0.2,0.9965622425079346
convnext_small_full,p1_08262,random_deletion,0.4,0.9427370429039001
convnext_small_full,p1_08262,random_deletion,0.6,0.1867101714015007
convnext_small_full,p1_08262,random_deletion,0.8,0.34323708216349286
convnext_small_full,p1_08262,random_deletion,1.0,0.37006522218386334
convnext_small_full,p1_08616,deletion,0.0,0.9504715402921041
convnext_small_full,p1_08616,deletion,0.1,0.4749289999405543
convnext_small_full,p1_08616,deletion,0.2,0.2563314711054166
convnext_small_full,p1_08616,deletion,0.4,0.09433487243950367
convnext_small_full,p1_08616,deletion,0.6,0.10771328210830688
convnext_small_full,p1_08616,deletion,0.8,0.11757037788629532
convnext_small_full,p1_08616,deletion,1.0,0.4092209537823995
convnext_small_full,p1_08616,insertion,0.0,0.4092209537823995
convnext_small_full,p1_08616,insertion,0.1,0.6668683290481567
convnext_small_full,p1_08616,insertion,0.2,0.9539609750111898
convnext_small_full,p1_08616,insertion,0.4,0.9323628743489584
convnext_small_full,p1_08616,insertion,0.6,0.9726908008257548
convnext_small_full,p1_08616,insertion,0.8,0.9800125559171041
convnext_small_full,p1_08616,insertion,1.0,0.9504715402921041
convnext_small_full,p1_08616,random_deletion,0.0,0.9504715402921041
convnext_small_full,p1_08616,random_deletion,0.1,0.8944560090700785
convnext_small_full,p1_08616,random_deletion,0.2,0.7647373477617899
convnext_small_full,p1_08616,random_deletion,0.4,0.9223023454348246
convnext_small_full,p1_08616,random_deletion,0.6,0.8167046904563904
convnext_small_full,p1_08616,random_deletion,0.8,0.15026023238897324
convnext_small_full,p1_08616,random_deletion,1.0,0.4092209537823995
convnext_small_full,p1_08863,deletion,0.0,0.9844641089439392
convnext_small_full,p1_08863,deletion,0.1,0.915444552898407
convnext_small_full,p1_08863,deletion,0.2,0.9768460591634115
convnext_small_full,p1_08863,deletion,0.4,0.9570136070251465
convnext_small_full,p1_08863,deletion,0.6,0.956277052561442
convnext_small_full,p1_08863,deletion,0.8,0.946977456410726
convnext_small_full,p1_08863,deletion,1.0,0.9481035272280375
convnext_small_full,p1_08863,insertion,0.0,0.9481035272280375
convnext_small_full,p1_08863,insertion,0.1,0.9985597133636475
convnext_small_full,p1_08863,insertion,0.2,0.9948569536209106
convnext_small_full,p1_08863,insertion,0.4,0.9923771023750305
convnext_small_full,p1_08863,insertion,0.6,0.9925639629364014
convnext_small_full,p1_08863,insertion,0.8,0.9881216088930765
convnext_small_full,p1_08863,insertion,1.0,0.9844641089439392
convnext_small_full,p1_08863,random_deletion,0.0,0.9844641089439392
convnext_small_full,p1_08863,random_deletion,0.1,0.9963107307751974
convnext_small_full,p1_08863,random_deletion,0.2,0.998137354850769
convnext_small_full,p1_08863,random_deletion,0.4,0.9984155893325806
convnext_small_full,p1_08863,random_deletion,0.6,0.9992783466974894
convnext_small_full,p1_08863,random_deletion,0.8,0.9238474170366923
convnext_small_full,p1_08863,random_deletion,1.0,0.9481035272280375
convnext_small_full,p1_08877,deletion,0.0,0.9999755620956421
convnext_small_full,p1_08877,deletion,0.1,0.9374863306681315
convnext_small_full,p1_08877,deletion,0.2,0.9142293731371561
convnext_small_full,p1_08877,deletion,0.4,0.970857302347819
convnext_small_full,p1_08877,deletion,0.6,0.8787393371264139
convnext_small_full,p1_08877,deletion,0.8,0.8070412079493204
convnext_small_full,p1_08877,deletion,1.0,0.9785617589950562
convnext_small_full,p1_08877,insertion,0.0,0.9785617589950562
convnext_small_full,p1_08877,insertion,0.1,0.8560656905174255
convnext_small_full,p1_08877,insertion,0.2,0.999088724454244
convnext_small_full,p1_08877,insertion,0.4,0.9999040563901266
convnext_small_full,p1_08877,insertion,0.6,0.9998331268628439
convnext_small_full,p1_08877,insertion,0.8,0.9999349514643351
convnext_small_full,p1_08877,insertion,1.0,0.9999755620956421
convnext_small_full,p1_08877,random_deletion,0.0,0.9999755620956421
convnext_small_full,p1_08877,random_deletion,0.1,0.9999807675679525
convnext_small_full,p1_08877,random_deletion,0.2,0.9999854962031046
convnext_small_full,p1_08877,random_deletion,0.4,0.9999948342641195
convnext_small_full,p1_08877,random_deletion,0.6,0.9998665054639181
convnext_small_full,p1_08877,random_deletion,0.8,0.8112824757893881
convnext_small_full,p1_08877,random_deletion,1.0,0.9785617589950562
convnext_small_full,p1_08972,deletion,0.0,0.9868959983189901
convnext_small_full,p1_08972,deletion,0.1,0.9868678450584412
convnext_small_full,p1_08972,deletion,0.2,0.9626320401827494
convnext_small_full,p1_08972,deletion,0.4,0.9221388498942057
convnext_small_full,p1_08972,deletion,0.6,0.7668960491816202
convnext_small_full,p1_08972,deletion,0.8,0.5652488271395365
convnext_small_full,p1_08972,deletion,1.0,0.36716001729170483
convnext_small_full,p1_08972,insertion,0.0,0.36716001729170483
convnext_small_full,p1_08972,insertion,0.1,0.7062688072522482
convnext_small_full,p1_08972,insertion,0.2,0.8668846289316813
convnext_small_full,p1_08972,insertion,0.4,0.9718232949574789
convnext_small_full,p1_08972,insertion,0.6,0.948731541633606
convnext_small_full,p1_08972,insertion,0.8,0.9726017514864603
convnext_small_full,p1_08972,insertion,1.0,0.9868959983189901
convnext_small_full,p1_08972,random_deletion,0.0,0.9868959983189901
convnext_small_full,p1_08972,random_deletion,0.1,0.9779960513114929
convnext_small_full,p1_08972,random_deletion,0.2,0.9946876962979635
convnext_small_full,p1_08972,random_deletion,0.4,0.9888686140378317
convnext_small_full,p1_08972,random_deletion,0.6,0.9860043128331503
convnext_small_full,p1_08972,random_deletion,0.8,0.8933013478914896
convnext_small_full,p1_08972,random_deletion,1.0,0.36716001729170483
convnext_small_full,p1_09451,deletion,0.0,0.8317291339238485
convnext_small_full,p1_09451,deletion,0.1,0.5514603952566782
convnext_small_full,p1_09451,deletion,0.2,0.08650900299350421
convnext_small_full,p1_09451,deletion,0.4,0.9947776397069296
convnext_small_full,p1_09451,deletion,0.6,0.9610878427823385
convnext_small_full,p1_09451,deletion,0.8,0.997211734453837
convnext_small_full,p1_09451,deletion,1.0,0.9992671211560568
convnext_small_full,p1_09451,insertion,0.0,0.9992671211560568
convnext_small_full,p1_09451,insertion,0.1,0.9945360024770101
convnext_small_full,p1_09451,insertion,0.2,0.9708984096844991
convnext_small_full,p1_09451,insertion,0.4,0.9990266362826029
convnext_small_full,p1_09451,insertion,0.6,0.9734288454055786
convnext_small_full,p1_09451,insertion,0.8,0.9827157855033875
convnext_small_full,p1_09451,insertion,1.0,0.8317291339238485
convnext_small_full,p1_09451,random_deletion,0.0,0.8317291339238485
convnext_small_full,p1_09451,random_deletion,0.1,0.993456224600474
convnext_small_full,p1_09451,random_deletion,0.2,0.997725248336792
convnext_small_full,p1_09451,random_deletion,0.4,0.9883440732955933
convnext_small_full,p1_09451,random_deletion,0.6,0.9930729468663534
convnext_small_full,p1_09451,random_deletion,0.8,0.9860446453094482
convnext_small_full,p1_09451,random_deletion,1.0,0.9992671211560568
convnext_small_full,p1_09518,deletion,0.0,0.9973042209943136
convnext_small_full,p1_09518,deletion,0.1,0.9941028157869974
convnext_small_full,p1_09518,deletion,0.2,0.990959902604421
convnext_small_full,p1_09518,deletion,0.4,0.9323030312856039
convnext_small_full,p1_09518,deletion,0.6,0.8953412771224976
convnext_small_full,p1_09518,deletion,0.8,0.9263913830121359
convnext_small_full,p1_09518,deletion,1.0,0.9881823857625326
convnext_small_full,p1_09518,insertion,0.0,0.9881823857625326
convnext_small_full,p1_09518,insertion,0.1,0.9962254166603088
convnext_small_full,p1_09518,insertion,0.2,0.9942397077878317
convnext_small_full,p1_09518,insertion,0.4,0.9953290025393168
convnext_small_full,p1_09518,insertion,0.6,0.9953553875287374
convnext_small_full,p1_09518,insertion,0.8,0.9982697566350301
convnext_small_full,p1_09518,insertion,1.0,0.9973042209943136
convnext_small_full,p1_09518,random_deletion,0.0,0.9973042209943136
convnext_small_full,p1_09518,random_deletion,0.1,0.9966895381609598
convnext_small_full,p1_09518,random_deletion,0.2,0.9943164984385172
convnext_small_full,p1_09518,random_deletion,0.4,0.9976399143536886
convnext_small_full,p1_09518,random_deletion,0.6,0.9950812657674154
convnext_small_full,p1_09518,random_deletion,0.8,0.9977506796518961
convnext_small_full,p1_09518,random_deletion,1.0,0.9881823857625326
convnext_small_full,p1_09554,deletion,0.0,0.7110482851664225
convnext_small_full,p1_09554,deletion,0.1,0.365017036596934
convnext_small_full,p1_09554,deletion,0.2,0.1958377609650294
convnext_small_full,p1_09554,deletion,0.4,0.2566090226173401
convnext_small_full,p1_09554,deletion,0.6,0.2621278613805771
convnext_small_full,p1_09554,deletion,0.8,0.3083052982886632
convnext_small_full,p1_09554,deletion,1.0,0.31507596373558044
convnext_small_full,p1_09554,insertion,0.0,0.31507596373558044
convnext_small_full,p1_09554,insertion,0.1,0.9103052218755087
convnext_small_full,p1_09554,insertion,0.2,0.9091314872105917
convnext_small_full,p1_09554,insertion,0.4,0.942294696966807
convnext_small_full,p1_09554,insertion,0.6,0.9138448437054952
convnext_small_full,p1_09554,insertion,0.8,0.8982573548952738
convnext_small_full,p1_09554,insertion,1.0,0.7110482851664225
convnext_small_full,p1_09554,random_deletion,0.0,0.7110482851664225
convnext_small_full,p1_09554,random_deletion,0.1,0.7837750514348348
convnext_small_full,p1_09554,random_deletion,0.2,0.7969062725702921
convnext_small_full,p1_09554,random_deletion,0.4,0.5220022002855936
convnext_small_full,p1_09554,random_deletion,0.6,0.5710911154747009
convnext_small_full,p1_09554,random_deletion,0.8,0.2833040455977122
convnext_small_full,p1_09554,random_deletion,1.0,0.31507596373558044
convnext_small_full,p1_09800,deletion,0.0,1.0
convnext_small_full,p1_09800,deletion,0.1,1.0
convnext_small_full,p1_09800,deletion,0.2,0.9999999602635702
convnext_small_full,p1_09800,deletion,0.4,0.9999954700469971
convnext_small_full,p1_09800,deletion,0.6,0.9999853372573853
convnext_small_full,p1_09800,deletion,0.8,0.09627719223499298
convnext_small_full,p1_09800,deletion,1.0,0.009639158534506956
convnext_small_full,p1_09800,insertion,0.0,0.009639158534506956
convnext_small_full,p1_09800,insertion,0.1,0.010763500817120075
convnext_small_full,p1_09800,insertion,0.2,0.009967358162005743
convnext_small_full,p1_09800,insertion,0.4,0.6126342415809631
convnext_small_full,p1_09800,insertion,0.6,0.8925471107165018
convnext_small_full,p1_09800,insertion,0.8,0.9999963442484537
convnext_small_full,p1_09800,insertion,1.0,1.0
convnext_small_full,p1_09800,random_deletion,0.0,1.0
convnext_small_full,p1_09800,random_deletion,0.1,0.9999998807907104
convnext_small_full,p1_09800,random_deletion,0.2,0.9999963839848837
convnext_small_full,p1_09800,random_deletion,0.4,0.9995227058728536
convnext_small_full,p1_09800,random_deletion,0.6,0.8346668084462484
convnext_small_full,p1_09800,random_deletion,0.8,0.001056838179162393
convnext_small_full,p1_09800,random_deletion,1.0,0.009639158534506956
convnext_small_full,p1_10438,deletion,0.0,0.9999056657155355
convnext_small_full,p1_10438,deletion,0.1,0.9995399912198385
convnext_small_full,p1_10438,deletion,0.2,0.9989568789800009
convnext_small_full,p1_10438,deletion,0.4,0.978884220123291
convnext_small_full,p1_10438,deletion,0.6,0.9572429656982422
convnext_small_full,p1_10438,deletion,0.8,0.922066330909729
convnext_small_full,p1_10438,deletion,1.0,0.9428685307502747
convnext_small_full,p1_10438,insertion,0.0,0.9428685307502747
convnext_small_full,p1_10438,insertion,0.1,0.9957842230796814
convnext_small_full,p1_10438,insertion,0.2,0.9970252712567648
convnext_small_full,p1_10438,insertion,0.4,0.9999579191207886
convnext_small_full,p1_10438,insertion,0.6,0.9999565680821737
convnext_small_full,p1_10438,insertion,0.8,0.9998537500699362
convnext_small_full,p1_10438,insertion,1.0,0.9999056657155355
convnext_small_full,p1_10438,random_deletion,0.0,0.9999056657155355
convnext_small_full,p1_10438,random_deletion,0.1,0.999976396560669
convnext_small_full,p1_10438,random_deletion,0.2,0.9998814264933268
convnext_small_full,p1_10438,random_deletion,0.4,0.9996966322263082
convnext_small_full,p1_10438,random_deletion,0.6,0.9978175759315491
convnext_small_full,p1_10438,random_deletion,0.8,0.6911904017130533
convnext_small_full,p1_10438,random_deletion,1.0,0.9428685307502747
convnext_small_full,p1_10483,deletion,0.0,0.9970372915267944
convnext_small_full,p1_10483,deletion,0.1,0.8347405791282654
convnext_small_full,p1_10483,deletion,0.2,0.7474794189135233
convnext_small_full,p1_10483,deletion,0.4,0.6378078361352285
convnext_small_full,p1_10483,deletion,0.6,0.576773444811503
convnext_small_full,p1_10483,deletion,0.8,0.49015815059343976
convnext_small_full,p1_10483,deletion,1.0,0.706076443195343
convnext_small_full,p1_10483,insertion,0.0,0.706076443195343
convnext_small_full,p1_10483,insertion,0.1,0.8914320866266886
convnext_small_full,p1_10483,insertion,0.2,0.9736509720484415
convnext_small_full,p1_10483,insertion,0.4,0.9868804017702738
convnext_small_full,p1_10483,insertion,0.6,0.998942236105601
convnext_small_full,p1_10483,insertion,0.8,0.998704195022583
convnext_small_full,p1_10483,insertion,1.0,0.9970372915267944
convnext_small_full,p1_10483,random_deletion,0.0,0.9970372915267944
convnext_small_full,p1_10483,random_deletion,0.1,0.9974283576011658
convnext_small_full,p1_10483,random_deletion,0.2,0.9972020188967387
convnext_small_full,p1_10483,random_deletion,0.4,0.9866815805435181
convnext_small_full,p1_10483,random_deletion,0.6,0.974536657333374
convnext_small_full,p1_10483,random_deletion,0.8,0.9873332977294922
convnext_small_full,p1_10483,random_deletion,1.0,0.706076443195343
convnext_small_full,p1_10548,deletion,0.0,0.9982569416364034
convnext_small_full,p1_10548,deletion,0.1,0.9883614579836527
convnext_small_full,p1_10548,deletion,0.2,0.9699250062306722
convnext_small_full,p1_10548,deletion,0.4,0.8451648751894633
convnext_small_full,p1_10548,deletion,0.6,0.9500771164894104
convnext_small_full,p1_10548,deletion,0.8,0.9408329129219055
convnext_small_full,p1_10548,deletion,1.0,0.9675062298774719
convnext_small_full,p1_10548,insertion,0.0,0.9675062298774719
convnext_small_full,p1_10548,insertion,0.1,0.8770160476366679
convnext_small_full,p1_10548,insertion,0.2,0.997119128704071
convnext_small_full,p1_10548,insertion,0.4,0.999626080195109
convnext_small_full,p1_10548,insertion,0.6,0.9973165194193522
convnext_small_full,p1_10548,insertion,0.8,0.9975610772768656
convnext_small_full,p1_10548,insertion,1.0,0.9982569416364034
convnext_small_full,p1_10548,random_deletion,0.0,0.9982569416364034
convnext_small_full,p1_10548,random_deletion,0.1,0.9939001599947611
convnext_small_full,p1_10548,random_deletion,0.2,0.9969054460525513
convnext_small_full,p1_10548,random_deletion,0.4,0.9966935118039449
convnext_small_full,p1_10548,random_deletion,0.6,0.9260654052098592
convnext_small_full,p1_10548,random_deletion,0.8,0.8300267855326334
convnext_small_full,p1_10548,random_deletion,1.0,0.9675062298774719
convnext_small_full,p1_10980,deletion,0.0,0.9981352885564169
convnext_small_full,p1_10980,deletion,0.1,0.9937932093938192
convnext_small_full,p1_10980,deletion,0.2,0.984213670094808
convnext_small_full,p1_10980,deletion,0.4,0.907069742679596
convnext_small_full,p1_10980,deletion,0.6,0.7476814786593119
convnext_small_full,p1_10980,deletion,0.8,0.5046474983294805
convnext_small_full,p1_10980,deletion,1.0,0.1998664140701294
convnext_small_full,p1_10980,insertion,0.0,0.1998664140701294
convnext_small_full,p1_10980,insertion,0.1,0.7949538230895996
convnext_small_full,p1_10980,insertion,0.2,0.8012397090593973
convnext_small_full,p1_10980,insertion,0.4,0.9110393325487772
convnext_small_full,p1_10980,insertion,0.6,0.7737912734349569
convnext_small_full,p1_10980,insertion,0.8,0.8837184906005859
convnext_small_full,p1_10980,insertion,1.0,0.9981352885564169
convnext_small_full,p1_10980,random_deletion,0.0,0.9981352885564169
convnext_small_full,p1_10980,random_deletion,0.1,0.997951090335846
convnext_small_full,p1_10980,random_deletion,0.2,0.9917205572128296
convnext_small_full,p1_10980,random_deletion,0.4,0.9322208960851034
convnext_small_full,p1_10980,random_deletion,0.6,0.8600938518842062
convnext_small_full,p1_10980,random_deletion,0.8,0.7064584891001383
convnext_small_full,p1_10980,random_deletion,1.0,0.1998664140701294
convnext_small_full,p1_11298,deletion,0.0,0.6811455686887106
convnext_small_full,p1_11298,deletion,0.1,0.6620825131734213
convnext_small_full,p1_11298,deletion,0.2,0.45695002873738605
convnext_small_full,p1_11298,deletion,0.4,0.7950313886006674
convnext_small_full,p1_11298,deletion,0.6,0.7390761176745096
convnext_small_full,p1_11298,deletion,0.8,0.9551453590393066
convnext_small_full,p1_11298,deletion,1.0,0.1638460879524549
convnext_small_full,p1_11298,insertion,0.0,0.1638460879524549
convnext_small_full,p1_11298,insertion,0.1,0.15546689927577972
convnext_small_full,p1_11298,insertion,0.2,0.08751640096306801
convnext_small_full,p1_11298,insertion,0.4,0.10977657015124957
convnext_small_full,p1_11298,insertion,0.6,0.7629655599594116
convnext_small_full,p1_11298,insertion,0.8,0.738641103108724
convnext_small_full,p1_11298,insertion,1.0,0.6811455686887106
convnext_small_full,p1_11298,random_deletion,0.0,0.6811455686887106
convnext_small_full,p1_11298,random_deletion,0.1,0.4588828881581624
convnext_small_full,p1_11298,random_deletion,0.2,0.8041184743245443
convnext_small_full,p1_11298,random_deletion,0.4,0.8273026943206787
convnext_small_full,p1_11298,random_deletion,0.6,0.9385593136151632
convnext_small_full,p1_11298,random_deletion,0.8,0.14377432813247046
convnext_small_full,p1_11298,random_deletion,1.0,0.1638460879524549
convnext_small_full,p1_11326,deletion,0.0,0.9777234196662903
convnext_small_full,p1_11326,deletion,0.1,0.9711377422014872
convnext_small_full,p1_11326,deletion,0.2,0.8293910225232443
convnext_small_full,p1_11326,deletion,0.4,0.4662071689963341
convnext_small_full,p1_11326,deletion,0.6,0.11631766574767728
convnext_small_full,p1_11326,deletion,0.8,0.004093033930985257
convnext_small_full,p1_11326,deletion,1.0,0.0005599013432705154
convnext_small_full,p1_11326,insertion,0.0,0.0005599013432705154
convnext_small_full,p1_11326,insertion,0.1,0.07486444960037868
convnext_small_full,p1_11326,insertion,0.2,0.6828517814477285
convnext_small_full,p1_11326,insertion,0.4,0.9849756360054016
convnext_small_full,p1_11326,insertion,0.6,0.9733671545982361
convnext_small_full,p1_11326,insertion,0.8,0.9266717632611593
convnext_small_full,p1_11326,insertion,1.0,0.9777234196662903
convnext_small_full,p1_11326,random_deletion,0.0,0.9777234196662903
convnext_small_full,p1_11326,random_deletion,0.1,0.8082889119784037
convnext_small_full,p1_11326,random_deletion,0.2,0.6480432748794556
convnext_small_full,p1_11326,random_deletion,0.4,0.5882188975811005
convnext_small_full,p1_11326,random_deletion,0.6,0.20814721783002219
convnext_small_full,p1_11326,random_deletion,0.8,0.018989475754400093
convnext_small_full,p1_11326,random_deletion,1.0,0.0005599013432705154
convnext_small_full,p1_11420,deletion,0.0,0.9984939495722452
convnext_small_full,p1_11420,deletion,0.1,0.9305873513221741
convnext_small_full,p1_11420,deletion,0.2,0.9201062321662903
convnext_small_full,p1_11420,deletion,0.4,0.9361792405446371
convnext_small_full,p1_11420,deletion,0.6,0.7765881816546122
convnext_small_full,p1_11420,deletion,0.8,0.8490287065505981
convnext_small_full,p1_11420,deletion,1.0,0.7219172318776449
convnext_small_full,p1_11420,insertion,0.0,0.7219172318776449
convnext_small_full,p1_11420,insertion,0.1,0.98972221215566
convnext_small_full,p1_11420,insertion,0.2,0.9856942494710287
convnext_small_full,p1_11420,insertion,0.4,0.9979796806971232
convnext_small_full,p1_11420,insertion,0.6,0.9975664814313253
convnext_small_full,p1_11420,insertion,0.8,0.9987344940503439
convnext_small_full,p1_11420,insertion,1.0,0.9984939495722452
convnext_small_full,p1_11420,random_deletion,0.0,0.9984939495722452
convnext_small_full,p1_11420,random_deletion,0.1,0.9981409509976705
convnext_small_full,p1_11420,random_deletion,0.2,0.9138209819793701
convnext_small_full,p1_11420,random_deletion,0.4,0.9440356691678365
convnext_small_full,p1_11420,random_deletion,0.6,0.776292065779368
convnext_small_full,p1_11420,random_deletion,0.8,0.9038811326026917
convnext_small_full,p1_11420,random_deletion,1.0,0.7219172318776449
convnext_small_full,p1_11469,deletion,0.0,0.5015458265940348
convnext_small_full,p1_11469,deletion,0.1,0.4985131323337555
convnext_small_full,p1_11469,deletion,0.2,0.21885954837004343
convnext_small_full,p1_11469,deletion,0.4,0.10164577886462212
convnext_small_full,p1_11469,deletion,0.6,0.08950580842792988
convnext_small_full,p1_11469,deletion,0.8,0.11138923062632482
convnext_small_full,p1_11469,deletion,1.0,0.06396776561935742
convnext_small_full,p1_11469,insertion,0.0,0.06396776561935742
convnext_small_full,p1_11469,insertion,0.1,0.7108256220817566
convnext_small_full,p1_11469,insertion,0.2,0.9201723535855612
convnext_small_full,p1_11469,insertion,0.4,0.9809966683387756
convnext_small_full,p1_11469,insertion,0.6,0.931808332602183
convnext_small_full,p1_11469,insertion,0.8,0.9824610352516174
convnext_small_full,p1_11469,insertion,1.0,0.5015458265940348
convnext_small_full,p1_11469,random_deletion,0.0,0.5015458265940348
convnext_small_full,p1_11469,random_deletion,0.1,0.49336448311805725
convnext_small_full,p1_11469,random_deletion,0.2,0.8063445687294006
convnext_small_full,p1_11469,random_deletion,0.4,0.6479441821575165
convnext_small_full,p1_11469,random_deletion,0.6,0.3382563938697179
convnext_small_full,p1_11469,random_deletion,0.8,0.42310676475365955
convnext_small_full,p1_11469,random_deletion,1.0,0.06396776561935742
convnext_small_full,p1_11495,deletion,0.0,0.9996821482976278
convnext_small_full,p1_11495,deletion,0.1,0.9688336650530497
convnext_small_full,p1_11495,deletion,0.2,0.9331481059392294
convnext_small_full,p1_11495,deletion,0.4,0.9511366486549377
convnext_small_full,p1_11495,deletion,0.6,0.873298188050588
convnext_small_full,p1_11495,deletion,0.8,0.8242441813151041
convnext_small_full,p1_11495,deletion,1.0,0.5767881671587626
convnext_small_full,p1_11495,insertion,0.0,0.5767881671587626
convnext_small_full,p1_11495,insertion,0.1,0.6930074294408163
convnext_small_full,p1_11495,insertion,0.2,0.9845790863037109
convnext_small_full,p1_11495,insertion,0.4,0.9982512394587199
convnext_small_full,p1_11495,insertion,0.6,0.9997963309288025
convnext_small_full,p1_11495,insertion,0.8,0.9998048543930054
convnext_small_full,p1_11495,insertion,1.0,0.9996821482976278
convnext_small_full,p1_11495,random_deletion,0.0,0.9996821482976278
convnext_small_full,p1_11495,random_deletion,0.1,0.9986277023951212
convnext_small_full,p1_11495,random_deletion,0.2,0.99802299340566
convnext_small_full,p1_11495,random_deletion,0.4,0.9976396759351095
convnext_small_full,p1_11495,random_deletion,0.6,0.9541431864102682
convnext_small_full,p1_11495,random_deletion,0.8,0.8839383125305176
convnext_small_full,p1_11495,random_deletion,1.0,0.5767881671587626
convnext_small_full,p1_11643,deletion,0.0,0.9986562927563986
convnext_small_full,p1_11643,deletion,0.1,0.9976617495218912
convnext_small_full,p1_11643,deletion,0.2,0.9649567206700643
convnext_small_full,p1_11643,deletion,0.4,0.9904988408088684
convnext_small_full,p1_11643,deletion,0.6,0.9898564616839091
convnext_small_full,p1_11643,deletion,0.8,0.9970347881317139
convnext_small_full,p1_11643,deletion,1.0,0.9985986749331156
convnext_small_full,p1_11643,insertion,0.0,0.9985986749331156
convnext_small_full,p1_11643,insertion,0.1,0.9995491107304891
convnext_small_full,p1_11643,insertion,0.2,0.9983225464820862
convnext_small_full,p1_11643,insertion,0.4,0.9994275371233622
convnext_small_full,p1_11643,insertion,0.6,0.9981651902198792
convnext_small_full,p1_11643,insertion,0.8,0.9990178743998209
convnext_small_full,p1_11643,insertion,1.0,0.9986562927563986
convnext_small_full,p1_11643,random_deletion,0.0,0.9986562927563986
convnext_small_full,p1_11643,random_deletion,0.1,0.9993438919385275
convnext_small_full,p1_11643,random_deletion,0.2,0.9986602663993835
convnext_small_full,p1_11643,random_deletion,0.4,0.9958044489224752
convnext_small_full,p1_11643,random_deletion,0.6,0.9839652975400289
convnext_small_full,p1_11643,random_deletion,0.8,0.993627111117045
convnext_small_full,p1_11643,random_deletion,1.0,0.9985986749331156
convnext_small_full,p1_11824,deletion,0.0,0.9993188977241516
convnext_small_full,p1_11824,deletion,0.1,0.999024490515391
convnext_small_full,p1_11824,deletion,0.2,0.9261375268300375
convnext_small_full,p1_11824,deletion,0.4,0.8270464539527893
convnext_small_full,p1_11824,deletion,0.6,0.7522512276967367
convnext_small_full,p1_11824,deletion,0.8,0.4337758918603261
convnext_small_full,p1_11824,deletion,1.0,0.6879032353560129
convnext_small_full,p1_11824,insertion,0.0,0.6879032353560129
convnext_small_full,p1_11824,insertion,0.1,0.8286774357159933
convnext_small_full,p1_11824,insertion,0.2,0.8431597749392191
convnext_small_full,p1_11824,insertion,0.4,0.965695838133494
convnext_small_full,p1_11824,insertion,0.6,0.9944083094596863
convnext_small_full,p1_11824,insertion,0.8,0.998955766359965
convnext_small_full,p1_11824,insertion,1.0,0.9993188977241516
convnext_small_full,p1_11824,random_deletion,0.0,0.9993188977241516
convnext_small_full,p1_11824,random_deletion,0.1,0.9987365206082662
convnext_small_full,p1_11824,random_deletion,0.2,0.9982906182607015
convnext_small_full,p1_11824,random_deletion,0.4,0.981299877166748
convnext_small_full,p1_11824,random_deletion,0.6,0.900403360525767
convnext_small_full,p1_11824,random_deletion,0.8,0.7794944445292155
convnext_small_full,p1_11824,random_deletion,1.0,0.6879032353560129
convnext_small_full,p1_11931,deletion,0.0,0.9980635444323221
convnext_small_full,p1_11931,deletion,0.1,0.122836717714866
convnext_small_full,p1_11931,deletion,0.2,0.18242675562699637
convnext_small_full,p1_11931,deletion,0.4,0.6499772469202677
convnext_small_full,p1_11931,deletion,0.6,0.8823463122049967
convnext_small_full,p1_11931,deletion,0.8,0.8862934509913126
convnext_small_full,p1_11931,deletion,1.0,0.29606975615024567
convnext_small_full,p1_11931,insertion,0.0,0.29606975615024567
convnext_small_full,p1_11931,insertion,0.1,0.9684978723526001
convnext_small_full,p1_11931,insertion,0.2,0.9988104502360026
convnext_small_full,p1_11931,insertion,0.4,0.9995009303092957
convnext_small_full,p1_11931,insertion,0.6,0.9991623957951864
convnext_small_full,p1_11931,insertion,0.8,0.9991365075111389
convnext_small_full,p1_11931,insertion,1.0,0.9980635444323221
convnext_small_full,p1_11931,random_deletion,0.0,0.9980635444323221
convnext_small_full,p1_11931,random_deletion,0.1,0.9988806446393331
convnext_small_full,p1_11931,random_deletion,0.2,0.416084090868632
convnext_small_full,p1_11931,random_deletion,0.4,0.2705856164296468
convnext_small_full,p1_11931,random_deletion,0.6,0.5005935927232107
convnext_small_full,p1_11931,random_deletion,0.8,0.372243732213974
convnext_small_full,p1_11931,random_deletion,1.0,0.29606975615024567
convnext_small_full,p1_11942,deletion,0.0,0.7725223104159037
convnext_small_full,p1_11942,deletion,0.1,0.8310780127843221
convnext_small_full,p1_11942,deletion,0.2,0.8114879727363586
convnext_small_full,p1_11942,deletion,0.4,0.6774464944998423
convnext_small_full,p1_11942,deletion,0.6,0.6155684192975363
convnext_small_full,p1_11942,deletion,0.8,0.7121816078821818
convnext_small_full,p1_11942,deletion,1.0,0.8493941823641459
convnext_small_full,p1_11942,insertion,0.0,0.8493941823641459
convnext_small_full,p1_11942,insertion,0.1,0.7702272335688273
convnext_small_full,p1_11942,insertion,0.2,0.571789562702179
convnext_small_full,p1_11942,insertion,0.4,0.5881900278230509
convnext_small_full,p1_11942,insertion,0.6,0.9369433919588724
convnext_small_full,p1_11942,insertion,0.8,0.973177413145701
convnext_small_full,p1_11942,insertion,1.0,0.7725223104159037
convnext_small_full,p1_11942,random_deletion,0.0,0.7725223104159037
convnext_small_full,p1_11942,random_deletion,0.1,0.8061973849932352
convnext_small_full,p1_11942,random_deletion,0.2,0.6484118898709615
convnext_small_full,p1_11942,random_deletion,0.4,0.8128573298454285
convnext_small_full,p1_11942,random_deletion,0.6,0.8617905974388123
convnext_small_full,p1_11942,random_deletion,0.8,0.9196675022443136
convnext_small_full,p1_11942,random_deletion,1.0,0.8493941823641459
convnext_small_full,p1_12075,deletion,0.0,0.9997048179308573
convnext_small_full,p1_12075,deletion,0.1,0.9995428721110026
convnext_small_full,p1_12075,deletion,0.2,0.9993772308031718
convnext_small_full,p1_12075,deletion,0.4,0.8536417881647745
convnext_small_full,p1_12075,deletion,0.6,0.9691734512646993
convnext_small_full,p1_12075,deletion,0.8,0.9962583780288696
convnext_small_full,p1_12075,deletion,1.0,0.9980639417966207
convnext_small_full,p1_12075,insertion,0.0,0.9980639417966207
convnext_small_full,p1_12075,insertion,0.1,0.9999062220255533
convnext_small_full,p1_12075,insertion,0.2,0.9996908903121948
convnext_small_full,p1_12075,insertion,0.4,0.9999700387318929
convnext_small_full,p1_12075,insertion,0.6,0.9999139706293741
convnext_small_full,p1_12075,insertion,0.8,0.9997218648592631
convnext_small_full,p1_12075,insertion,1.0,0.9997048179308573
convnext_small_full,p1_12075,random_deletion,0.0,0.9997048179308573
convnext_small_full,p1_12075,random_deletion,0.1,0.9998186031977335
convnext_small_full,p1_12075,random_deletion,0.2,0.9999206860860189
convnext_small_full,p1_12075,random_deletion,0.4,0.9998747706413269
convnext_small_full,p1_12075,random_deletion,0.6,0.9999071756998698
convnext_small_full,p1_12075,random_deletion,0.8,0.9984729488690695
convnext_small_full,p1_12075,random_deletion,1.0,0.9980639417966207
convnext_small_full,p1_12085,deletion,0.0,0.6039961477120718
convnext_small_full,p1_12085,deletion,0.1,0.032859008138378464
convnext_small_full,p1_12085,deletion,0.2,0.04799326943854491
convnext_small_full,p1_12085,deletion,0.4,0.05279405228793621
convnext_small_full,p1_12085,deletion,0.6,0.08414836476246516
convnext_small_full,p1_12085,deletion,0.8,0.39982380469640094
convnext_small_full,p1_12085,deletion,1.0,0.36591511964797974
convnext_small_full,p1_12085,insertion,0.0,0.36591511964797974
convnext_small_full,p1_12085,insertion,0.1,0.3906174699465434
convnext_small_full,p1_12085,insertion,0.2,0.4664584944645564
convnext_small_full,p1_12085,insertion,0.4,0.8918196558952332
convnext_small_full,p1_12085,insertion,0.6,0.8190211653709412
convnext_small_full,p1_12085,insertion,0.8,0.7149998943010966
convnext_small_full,p1_12085,insertion,1.0,0.6039961477120718
convnext_small_full,p1_12085,random_deletion,0.0,0.6039961477120718
convnext_small_full,p1_12085,random_deletion,0.1,0.7052868207295736
convnext_small_full,p1_12085,random_deletion,0.2,0.1773932675520579
convnext_small_full,p1_12085,random_deletion,0.4,0.21145080029964447
convnext_small_full,p1_12085,random_deletion,0.6,0.2856623778740565
convnext_small_full,p1_12085,random_deletion,0.8,0.6930936972300211
convnext_small_full,p1_12085,random_deletion,1.0,0.36591511964797974
convnext_small_full,p1_12314,deletion,0.0,0.7046346068382263
convnext_small_full,p1_12314,deletion,0.1,0.4059680451949437
convnext_small_full,p1_12314,deletion,0.2,0.14764785518248877
convnext_small_full,p1_12314,deletion,0.4,0.22098065416018167
convnext_small_full,p1_12314,deletion,0.6,0.29351237167914707
convnext_small_full,p1_12314,deletion,0.8,0.32070256272951764
convnext_small_full,p1_12314,deletion,1.0,0.03666846019526323
convnext_small_full,p1_12314,insertion,0.0,0.03666846019526323
convnext_small_full,p1_12314,insertion,0.1,0.6065546572208405
convnext_small_full,p1_12314,insertion,0.2,0.9136412342389425
convnext_small_full,p1_12314,insertion,0.4,0.8056319952011108
convnext_small_full,p1_12314,insertion,0.6,0.7693840662638346
convnext_small_full,p1_12314,insertion,0.8,0.8210633397102356
convnext_small_full,p1_12314,insertion,1.0,0.7046346068382263
convnext_small_full,p1_12314,random_deletion,0.0,0.7046346068382263
convnext_small_full,p1_12314,random_deletion,0.1,0.7341498136520386
convnext_small_full,p1_12314,random_deletion,0.2,0.6955996751785278
convnext_small_full,p1_12314,random_deletion,0.4,0.36625443398952484
convnext_small_full,p1_12314,random_deletion,0.6,0.6878229180971781
convnext_small_full,p1_12314,random_deletion,0.8,0.9180859128634135
convnext_small_full,p1_12314,random_deletion,1.0,0.03666846019526323
convnext_small_full,p1_12363,deletion,0.0,0.5901739994684855
convnext_small_full,p1_12363,deletion,0.1,0.07795242468516032
convnext_small_full,p1_12363,deletion,0.2,0.048881535728772484
convnext_small_full,p1_12363,deletion,0.4,0.17727579176425934
convnext_small_full,p1_12363,deletion,0.6,0.34782760341962177
convnext_small_full,p1_12363,deletion,0.8,0.4799322684605916
convnext_small_full,p1_12363,deletion,1.0,0.9634954531987509
convnext_small_full,p1_12363,insertion,0.0,0.9634954531987509
convnext_small_full,p1_12363,insertion,0.1,0.9977606137593588
convnext_small_full,p1_12363,insertion,0.2,0.9997991720835367
convnext_small_full,p1_12363,insertion,0.4,0.9992374579111735
convnext_small_full,p1_12363,insertion,0.6,0.9957007567087809
convnext_small_full,p1_12363,insertion,0.8,0.9958775639533997
convnext_small_full,p1_12363,insertion,1.0,0.5901739994684855
convnext_small_full,p1_12363,random_deletion,0.0,0.5901739994684855
convnext_small_full,p1_12363,random_deletion,0.1,0.8113153775533041
convnext_small_full,p1_12363,random_deletion,0.2,0.9619077444076538
convnext_small_full,p1_12363,random_deletion,0.4,0.9835399389266968
convnext_small_full,p1_12363,random_deletion,0.6,0.931635856628418
convnext_small_full,p1_12363,random_deletion,0.8,0.9412068923314413
convnext_small_full,p1_12363,random_deletion,1.0,0.9634954531987509
convnext_small_full,p1_12367,deletion,0.0,0.9173469742139181
convnext_small_full,p1_12367,deletion,0.1,0.029266085475683212
convnext_small_full,p1_12367,deletion,0.2,0.052030822883049645
convnext_small_full,p1_12367,deletion,0.4,0.030888418356577556
convnext_small_full,p1_12367,deletion,0.6,0.054289125526944794
convnext_small_full,p1_12367,deletion,0.8,0.11277687549591064
convnext_small_full,p1_12367,deletion,1.0,0.13518556704123816
convnext_small_full,p1_12367,insertion,0.0,0.13518556704123816
convnext_small_full,p1_12367,insertion,0.1,0.6305044094721476
convnext_small_full,p1_12367,insertion,0.2,0.8801899552345276
convnext_small_full,p1_12367,insertion,0.4,0.8611644506454468
convnext_small_full,p1_12367,insertion,0.6,0.9260530670483907
convnext_small_full,p1_12367,insertion,0.8,0.9112462202707926
convnext_small_full,p1_12367,insertion,1.0,0.9173469742139181
convnext_small_full,p1_12367,random_deletion,0.0,0.9173469742139181
convnext_small_full,p1_12367,random_deletion,0.1,0.9269147713979086
convnext_small_full,p1_12367,random_deletion,0.2,0.9273892641067505
convnext_small_full,p1_12367,random_deletion,0.4,0.8946547508239746
convnext_small_full,p1_12367,random_deletion,0.6,0.22923973202705383
convnext_small_full,p1_12367,random_deletion,0.8,0.11775158594051997
convnext_small_full,p1_12367,random_deletion,1.0,0.13518556704123816
convnext_small_full,p1_12879,deletion,0.0,0.809657096862793
convnext_small_full,p1_12879,deletion,0.1,0.237761860092481
convnext_small_full,p1_12879,deletion,0.2,0.0749001217385133
convnext_small_full,p1_12879,deletion,0.4,0.00624373322352767
convnext_small_full,p1_12879,deletion,0.6,0.03913266398012638
convnext_small_full,p1_12879,deletion,0.8,0.05271848011761904
convnext_small_full,p1_12879,deletion,1.0,0.4297591845194499
convnext_small_full,p1_12879,insertion,0.0,0.4297591845194499
convnext_small_full,p1_12879,insertion,0.1,0.48924699425697327
convnext_small_full,p1_12879,insertion,0.2,0.603105346361796
convnext_small_full,p1_12879,insertion,0.4,0.7820748686790466
convnext_small_full,p1_12879,insertion,0.6,0.8583421111106873
convnext_small_full,p1_12879,insertion,0.8,0.9276410142580668
convnext_small_full,p1_12879,insertion,1.0,0.809657096862793
convnext_small_full,p1_12879,random_deletion,0.0,0.809657096862793
convnext_small_full,p1_12879,random_deletion,0.1,0.4798092345396678
convnext_small_full,p1_12879,random_deletion,0.2,0.22847937047481537
convnext_small_full,p1_12879,random_deletion,0.4,0.223365048567454
convnext_small_full,p1_12879,random_deletion,0.6,0.8239581982294718
convnext_small_full,p1_12879,random_deletion,0.8,0.17879057427247366
convnext_small_full,p1_12879,random_deletion,1.0,0.4297591845194499
convnext_small_full,p1_13171,deletion,0.0,0.8826384345690409
convnext_small_full,p1_13171,deletion,0.1,0.8800395727157593
convnext_small_full,p1_13171,deletion,0.2,0.8107311526934305
convnext_small_full,p1_13171,deletion,0.4,0.47446346282958984
convnext_small_full,p1_13171,deletion,0.6,0.5632344285647074
convnext_small_full,p1_13171,deletion,0.8,0.5589401125907898
convnext_small_full,p1_13171,deletion,1.0,0.5782922009627024
convnext_small_full,p1_13171,insertion,0.0,0.5782922009627024
convnext_small_full,p1_13171,insertion,0.1,0.7537098129590353
convnext_small_full,p1_13171,insertion,0.2,0.8066900769869486
convnext_small_full,p1_13171,insertion,0.4,0.856555700302124
convnext_small_full,p1_13171,insertion,0.6,0.8877426783243815
convnext_small_full,p1_13171,insertion,0.8,0.9574281374613444
convnext_small_full,p1_13171,insertion,1.0,0.8826384345690409
convnext_small_full,p1_13171,random_deletion,0.0,0.8826384345690409
convnext_small_full,p1_13171,random_deletion,0.1,0.9401862025260925
convnext_small_full,p1_13171,random_deletion,0.2,0.9308352669080099
convnext_small_full,p1_13171,random_deletion,0.4,0.8143410682678223
convnext_small_full,p1_13171,random_deletion,0.6,0.7215626041094462
convnext_small_full,p1_13171,random_deletion,0.8,0.6589321494102478
convnext_small_full,p1_13171,random_deletion,1.0,0.5782922009627024
convnext_small_full,p1_13395,deletion,0.0,0.9029513994852701
convnext_small_full,p1_13395,deletion,0.1,0.7980494896570841
convnext_small_full,p1_13395,deletion,0.2,0.396638090411822
convnext_small_full,p1_13395,deletion,0.4,0.24074426790078482
convnext_small_full,p1_13395,deletion,0.6,0.28404586017131805
convnext_small_full,p1_13395,deletion,0.8,0.243119349082311
convnext_small_full,p1_13395,deletion,1.0,0.23830027878284454
convnext_small_full,p1_13395,insertion,0.0,0.23830027878284454
convnext_small_full,p1_13395,insertion,0.1,0.9951262474060059
convnext_small_full,p1_13395,insertion,0.2,0.9440903067588806
convnext_small_full,p1_13395,insertion,0.4,0.9658287167549133
convnext_small_full,p1_13395,insertion,0.6,0.8906059265136719
convnext_small_full,p1_13395,insertion,0.8,0.8746920426686605
convnext_small_full,p1_13395,insertion,1.0,0.9029513994852701
convnext_small_full,p1_13395,random_deletion,0.0,0.9029513994852701
convnext_small_full,p1_13395,random_deletion,0.1,0.9399094780286154
convnext_small_full,p1_13395,random_deletion,0.2,0.9457367658615112
convnext_small_full,p1_13395,random_deletion,0.4,0.355339636405309
convnext_small_full,p1_13395,random_deletion,0.6,0.26475295424461365
convnext_small_full,p1_13395,random_deletion,0.8,0.7246263225873312
convnext_small_full,p1_13395,random_deletion,1.0,0.23830027878284454
convnext_small_full,p1_13422,deletion,0.0,0.8838836153348287
convnext_small_full,p1_13422,deletion,0.1,0.7774285475413004
convnext_small_full,p1_13422,deletion,0.2,0.7375985483328501
convnext_small_full,p1_13422,deletion,0.4,0.537982165813446
convnext_small_full,p1_13422,deletion,0.6,0.38624095916748047
convnext_small_full,p1_13422,deletion,0.8,0.6728758017222086
convnext_small_full,p1_13422,deletion,1.0,0.6306640108426412
convnext_small_full,p1_13422,insertion,0.0,0.6306640108426412
convnext_small_full,p1_13422,insertion,0.1,0.5342891017595927
convnext_small_full,p1_13422,insertion,0.2,0.8324662645657858
convnext_small_full,p1_13422,insertion,0.4,0.9657767613728842
convnext_small_full,p1_13422,insertion,0.6,0.9316926995913187
convnext_small_full,p1_13422,insertion,0.8,0.9433397849400839
convnext_small_full,p1_13422,insertion,1.0,0.8838836153348287
convnext_small_full,p1_13422,random_deletion,0.0,0.8838836153348287
convnext_small_full,p1_13422,random_deletion,0.1,0.5775496860345205
convnext_small_full,p1_13422,random_deletion,0.2,0.7296561797459921
convnext_small_full,p1_13422,random_deletion,0.4,0.9306447704633077
convnext_small_full,p1_13422,random_deletion,0.6,0.8228611747423807
convnext_small_full,p1_13422,random_deletion,0.8,0.6683337688446045
convnext_small_full,p1_13422,random_deletion,1.0,0.6306640108426412
convnext_small_full,p1_13514,deletion,0.0,0.9999712705612183
convnext_small_full,p1_13514,deletion,0.1,0.9998306830724081
convnext_small_full,p1_13514,deletion,0.2,0.9988166093826294
convnext_small_full,p1_13514,deletion,0.4,0.9946360985438029
convnext_small_full,p1_13514,deletion,0.6,0.998621384302775
convnext_small_full,p1_13514,deletion,0.8,0.9929242134094238
convnext_small_full,p1_13514,deletion,1.0,0.9979804754257202
convnext_small_full,p1_13514,insertion,0.0,0.9979804754257202
convnext_small_full,p1_13514,insertion,0.1,0.9994946320851644
convnext_small_full,p1_13514,insertion,0.2,0.9996521472930908
convnext_small_full,p1_13514,insertion,0.4,0.9999576807022095
convnext_small_full,p1_13514,insertion,0.6,0.9999334017435709
convnext_small_full,p1_13514,insertion,0.8,0.9999475479125977
convnext_small_full,p1_13514,insertion,1.0,0.9999712705612183
convnext_small_full,p1_13514,random_deletion,0.0,0.9999712705612183
convnext_small_full,p1_13514,random_deletion,0.1,0.9999683300654093
convnext_small_full,p1_13514,random_deletion,0.2,0.9999751647313436
convnext_small_full,p1_13514,random_deletion,0.4,0.9999851783116659
convnext_small_full,p1_13514,random_deletion,0.6,0.9998728036880493
convnext_small_full,p1_13514,random_deletion,0.8,0.9553286631902059
convnext_small_full,p1_13514,random_deletion,1.0,0.9979804754257202
convnext_small_full,p1_13559,deletion,0.0,0.9353148341178894
convnext_small_full,p1_13559,deletion,0.1,0.32244013746579486
convnext_small_full,p1_13559,deletion,0.2,0.27123187979062396
convnext_small_full,p1_13559,deletion,0.4,0.16202359025677046
convnext_small_full,p1_13559,deletion,0.6,0.05763987017174562
convnext_small_full,p1_13559,deletion,0.8,0.0659164326886336
convnext_small_full,p1_13559,deletion,1.0,0.22768420477708182
convnext_small_full,p1_13559,insertion,0.0,0.22768420477708182
convnext_small_full,p1_13559,insertion,0.1,0.05958919102946917
convnext_small_full,p1_13559,insertion,0.2,0.6494277318318685
convnext_small_full,p1_13559,insertion,0.4,0.8421073953310648
convnext_small_full,p1_13559,insertion,0.6,0.947043796380361
convnext_small_full,p1_13559,insertion,0.8,0.9496821959813436
convnext_small_full,p1_13559,insertion,1.0,0.9353148341178894
convnext_small_full,p1_13559,random_deletion,0.0,0.9353148341178894
convnext_small_full,p1_13559,random_deletion,0.1,0.41137781739234924
convnext_small_full,p1_13559,random_deletion,0.2,0.4054575065771739
convnext_small_full,p1_13559,random_deletion,0.4,0.3240597993135452
convnext_small_full,p1_13559,random_deletion,0.6,0.0653034249941508
convnext_small_full,p1_13559,random_deletion,0.8,0.13410423944393793
convnext_small_full,p1_13559,random_deletion,1.0,0.22768420477708182
convnext_small_full,p1_13594,deletion,0.0,0.9997955560684204
convnext_small_full,p1_13594,deletion,0.1,0.9991715947786967
convnext_small_full,p1_13594,deletion,0.2,0.9968655904134115
convnext_small_full,p1_13594,deletion,0.4,0.9955520629882812
convnext_small_full,p1_13594,deletion,0.6,0.9478468894958496
convnext_small_full,p1_13594,deletion,0.8,0.6518777310848236
convnext_small_full,p1_13594,deletion,1.0,0.7291661898295084
convnext_small_full,p1_13594,insertion,0.0,0.7291661898295084
convnext_small_full,p1_13594,insertion,0.1,0.8372293909390768
convnext_small_full,p1_13594,insertion,0.2,0.9909190535545349
convnext_small_full,p1_13594,insertion,0.4,0.9994686841964722
convnext_small_full,p1_13594,insertion,0.6,0.9998615582784017
convnext_small_full,p1_13594,insertion,0.8,0.9997971852620443
convnext_small_full,p1_13594,insertion,1.0,0.9997955560684204
convnext_small_full,p1_13594,random_deletion,0.0,0.9997955560684204
convnext_small_full,p1_13594,random_deletion,0.1,0.999737560749054
convnext_small_full,p1_13594,random_deletion,0.2,0.9994908769925436
convnext_small_full,p1_13594,random_deletion,0.4,0.9804911613464355
convnext_small_full,p1_13594,random_deletion,0.6,0.9921410282452902
convnext_small_full,p1_13594,random_deletion,0.8,0.8323524196942648
convnext_small_full,p1_13594,random_deletion,1.0,0.7291661898295084
convnext_small_full,p1_14079,deletion,0.0,0.5126103262106577
convnext_small_full,p1_14079,deletion,0.1,0.058181547870238624
convnext_small_full,p1_14079,deletion,0.2,0.016245102257623028
convnext_small_full,p1_14079,deletion,0.4,0.0269236924747626
convnext_small_full,p1_14079,deletion,0.6,0.08518127848704656
convnext_small_full,p1_14079,deletion,0.8,0.20809308687845865
convnext_small_full,p1_14079,deletion,1.0,0.557178775469462
convnext_small_full,p1_14079,insertion,0.0,0.557178775469462
convnext_small_full,p1_14079,insertion,0.1,0.9557571609814962
convnext_small_full,p1_14079,insertion,0.2,0.9719593723615011
convnext_small_full,p1_14079,insertion,0.4,0.9084766109784445
convnext_small_full,p1_14079,insertion,0.6,0.7145217259724935
convnext_small_full,p1_14079,insertion,0.8,0.8056634267171224
convnext_small_full,p1_14079,insertion,1.0,0.5126103262106577
convnext_small_full,p1_14079,random_deletion,0.0,0.5126103262106577
convnext_small_full,p1_14079,random_deletion,0.1,0.7581291794776917
convnext_small_full,p1_14079,random_deletion,0.2,0.8094387451807658
convnext_small_full,p1_14079,random_deletion,0.4,0.17210318023959795
convnext_small_full,p1_14079,random_deletion,0.6,0.4771291712919871
convnext_small_full,p1_14079,random_deletion,0.8,0.915041466554006
convnext_small_full,p1_14079,random_deletion,1.0,0.557178775469462
convnext_small_full,p1_14563,deletion,0.0,0.7488330602645874
convnext_small_full,p1_14563,deletion,0.1,0.7537142435709635
convnext_small_full,p1_14563,deletion,0.2,0.6773035526275635
convnext_small_full,p1_14563,deletion,0.4,0.34350869556268054
convnext_small_full,p1_14563,deletion,0.6,0.9090928236643473
convnext_small_full,p1_14563,deletion,0.8,0.7858618100484213
convnext_small_full,p1_14563,deletion,1.0,0.7222612500190735
convnext_small_full,p1_14563,insertion,0.0,0.7222612500190735
convnext_small_full,p1_14563,insertion,0.1,0.8316181898117065
convnext_small_full,p1_14563,insertion,0.2,0.9672989646593729
convnext_small_full,p1_14563,insertion,0.4,0.9914915362993876
convnext_small_full,p1_14563,insertion,0.6,0.9977835416793823
convnext_small_full,p1_14563,insertion,0.8,0.9907538692156473
convnext_small_full,p1_14563,insertion,1.0,0.7488330602645874
convnext_small_full,p1_14563,random_deletion,0.0,0.7488330602645874
convnext_small_full,p1_14563,random_deletion,0.1,0.8421399792035421
convnext_small_full,p1_14563,random_deletion,0.2,0.9123608271280924
convnext_small_full,p1_14563,random_deletion,0.4,0.9865493178367615
convnext_small_full,p1_14563,random_deletion,0.6,0.8016483783721924
convnext_small_full,p1_14563,random_deletion,0.8,0.8356456557909647
convnext_small_full,p1_14563,random_deletion,1.0,0.7222612500190735
convnext_small_full,p1_14826,deletion,0.0,0.9626733064651489
convnext_small_full,p1_14826,deletion,0.1,0.9342928330103556
convnext_small_full,p1_14826,deletion,0.2,0.9227265318234762
convnext_small_full,p1_14826,deletion,0.4,0.7555351654688517
convnext_small_full,p1_14826,deletion,0.6,0.6999776562054952
convnext_small_full,p1_14826,deletion,0.8,0.796669085820516
convnext_small_full,p1_14826,deletion,1.0,0.7292357087135315
convnext_small_full,p1_14826,insertion,0.0,0.7292357087135315
convnext_small_full,p1_14826,insertion,0.1,0.8595341642697653
convnext_small_full,p1_14826,insertion,0.2,0.9589381217956543
convnext_small_full,p1_14826,insertion,0.4,0.9950969616572062
convnext_small_full,p1_14826,insertion,0.6,0.9926823178927103
convnext_small_full,p1_14826,insertion,0.8,0.9792872865994772
convnext_small_full,p1_14826,insertion,1.0,0.9626733064651489
convnext_small_full,p1_14826,random_deletion,0.0,0.9626733064651489
convnext_small_full,p1_14826,random_deletion,0.1,0.9692648649215698
convnext_small_full,p1_14826,random_deletion,0.2,0.9846816261609396
convnext_small_full,p1_14826,random_deletion,0.4,0.9771327575047811
convnext_small_full,p1_14826,random_deletion,0.6,0.9908819595972697
convnext_small_full,p1_14826,random_deletion,0.8,0.9683298468589783
convnext_small_full,p1_14826,random_deletion,1.0,0.7292357087135315
convnext_small_full,p1_15176,deletion,0.0,0.9658073385556539
convnext_small_full,p1_15176,deletion,0.1,0.37291352947552997
convnext_small_full,p1_15176,deletion,0.2,0.18749393026034036
convnext_small_full,p1_15176,deletion,0.4,0.1413546477754911
convnext_small_full,p1_15176,deletion,0.6,0.33900963763395947
convnext_small_full,p1_15176,deletion,0.8,0.36095355947812396
convnext_small_full,p1_15176,deletion,1.0,0.7535601059595743
convnext_small_full,p1_15176,insertion,0.0,0.7535601059595743
convnext_small_full,p1_15176,insertion,0.1,0.8367009162902832
convnext_small_full,p1_15176,insertion,0.2,0.9826493660608927
convnext_small_full,p1_15176,insertion,0.4,0.9984691540400187
convnext_small_full,p1_15176,insertion,0.6,0.9952232837677002
convnext_small_full,p1_15176,insertion,0.8,0.9986322919527689
convnext_small_full,p1_15176,insertion,1.0,0.9658073385556539
convnext_small_full,p1_15176,random_deletion,0.0,0.9658073385556539
convnext_small_full,p1_15176,random_deletion,0.1,0.9610392053922018
convnext_small_full,p1_15176,random_deletion,0.2,0.7591820359230042
convnext_small_full,p1_15176,random_deletion,0.4,0.7048119306564331
convnext_small_full,p1_15176,random_deletion,0.6,0.3966338137785594
convnext_small_full,p1_15176,random_deletion,0.8,0.7020338376363119
convnext_small_full,p1_15176,random_deletion,1.0,0.7535601059595743
convnext_small_full,p1_15232,deletion,0.0,0.9963037172953287
convnext_small_full,p1_15232,deletion,0.1,0.007785748612756531
convnext_small_full,p1_15232,deletion,0.2,0.009634824857736627
convnext_small_full,p1_15232,deletion,0.4,0.0011842759752956529
convnext_small_full,p1_15232,deletion,0.6,0.0006805572387141486
convnext_small_full,p1_15232,deletion,0.8,0.0059543738995368285
convnext_small_full,p1_15232,deletion,1.0,0.02293190515289704
convnext_small_full,p1_15232,insertion,0.0,0.02293190515289704
convnext_small_full,p1_15232,insertion,0.1,0.24022156248490015
convnext_small_full,p1_15232,insertion,0.2,0.8951035936673483
convnext_small_full,p1_15232,insertion,0.4,0.9378208716710409
convnext_small_full,p1_15232,insertion,0.6,0.853334883848826
convnext_small_full,p1_15232,insertion,0.8,0.9514693021774292
convnext_small_full,p1_15232,insertion,1.0,0.9963037172953287
convnext_small_full,p1_15232,random_deletion,0.0,0.9963037172953287
convnext_small_full,p1_15232,random_deletion,0.1,0.9927267034848531
convnext_small_full,p1_15232,random_deletion,0.2,0.9943097233772278
convnext_small_full,p1_15232,random_deletion,0.4,0.8958255449930826
convnext_small_full,p1_15232,random_deletion,0.6,0.5370055635770162
convnext_small_full,p1_15232,random_deletion,0.8,0.09918884684642156
convnext_small_full,p1_15232,random_deletion,1.0,0.02293190515289704
convnext_small_full,p1_15326,deletion,0.0,0.9987715085347494
convnext_small_full,p1_15326,deletion,0.1,0.9935505390167236
convnext_small_full,p1_15326,deletion,0.2,0.97941521803538
convnext_small_full,p1_15326,deletion,0.4,0.5975967943668365
convnext_small_full,p1_15326,deletion,0.6,0.8074162403742472
convnext_small_full,p1_15326,deletion,0.8,0.5776817202568054
convnext_small_full,p1_15326,deletion,1.0,0.4293694893519084
convnext_small_full,p1_15326,insertion,0.0,0.4293694893519084
convnext_small_full,p1_15326,insertion,0.1,0.6409071485201517
convnext_small_full,p1_15326,insertion,0.2,0.802187442779541
convnext_small_full,p1_15326,insertion,0.4,0.9348649978637695
convnext_small_full,p1_15326,insertion,0.6,0.9979050954182943
convnext_small_full,p1_15326,insertion,0.8,0.9990942478179932
convnext_small_full,p1_15326,insertion,1.0,0.9987715085347494
convnext_small_full,p1_15326,random_deletion,0.0,0.9987715085347494
convnext_small_full,p1_15326,random_deletion,0.1,0.9988823334376017
convnext_small_full,p1_15326,random_deletion,0.2,0.998218854268392
convnext_small_full,p1_15326,random_deletion,0.4,0.9963849186897278
convnext_small_full,p1_15326,random_deletion,0.6,0.9917048811912537
convnext_small_full,p1_15326,random_deletion,0.8,0.5504571199417114
convnext_small_full,p1_15326,random_deletion,1.0,0.4293694893519084
convnext_small_full,p1_15393,deletion,0.0,0.9507129788398743
convnext_small_full,p1_15393,deletion,0.1,0.09413623437285423
convnext_small_full,p1_15393,deletion,0.2,0.12237357161939144
convnext_small_full,p1_15393,deletion,0.4,0.10941679899891217
convnext_small_full,p1_15393,deletion,0.6,0.0914529487490654
convnext_small_full,p1_15393,deletion,0.8,0.06185714000215133
convnext_small_full,p1_15393,deletion,1.0,0.253872886300087
convnext_small_full,p1_15393,insertion,0.0,0.253872886300087
convnext_small_full,p1_15393,insertion,0.1,0.7435734073321024
convnext_small_full,p1_15393,insertion,0.2,0.8829116821289062
convnext_small_full,p1_15393,insertion,0.4,0.9857536554336548
convnext_small_full,p1_15393,insertion,0.6,0.985550582408905
convnext_small_full,p1_15393,insertion,0.8,0.9858890175819397
convnext_small_full,p1_15393,insertion,1.0,0.9507129788398743
convnext_small_full,p1_15393,random_deletion,0.0,0.9507129788398743
convnext_small_full,p1_15393,random_deletion,0.1,0.966368039449056
convnext_small_full,p1_15393,random_deletion,0.2,0.3742219607035319
convnext_small_full,p1_15393,random_deletion,0.4,0.731007715066274
convnext_small_full,p1_15393,random_deletion,0.6,0.8620824217796326
convnext_small_full,p1_15393,random_deletion,0.8,0.3294353534777959
convnext_small_full,p1_15393,random_deletion,1.0,0.253872886300087
convnext_small_full,p1_15777,deletion,0.0,0.9973850051561991
convnext_small_full,p1_15777,deletion,0.1,0.9913555781046549
convnext_small_full,p1_15777,deletion,0.2,0.979733943939209
convnext_small_full,p1_15777,deletion,0.4,0.8580338954925537
convnext_small_full,p1_15777,deletion,0.6,0.6891628603140513
convnext_small_full,p1_15777,deletion,0.8,0.5569572647412618
convnext_small_full,p1_15777,deletion,1.0,0.41892601549625397
convnext_small_full,p1_15777,insertion,0.0,0.41892601549625397
convnext_small_full,p1_15777,insertion,0.1,0.6580693026383718
convnext_small_full,p1_15777,insertion,0.2,0.9774856766064962
convnext_small_full,p1_15777,insertion,0.4,0.9942592183748881
convnext_small_full,p1_15777,insertion,0.6,0.9937180280685425
convnext_small_full,p1_15777,insertion,0.8,0.9956095814704895
convnext_small_full,p1_15777,insertion,1.0,0.9973850051561991
convnext_small_full,p1_15777,random_deletion,0.0,0.9973850051561991
convnext_small_full,p1_15777,random_deletion,0.1,0.9954449534416199
convnext_small_full,p1_15777,random_deletion,0.2,0.9947242339452108
convnext_small_full,p1_15777,random_deletion,0.4,0.9662664333979288
convnext_small_full,p1_15777,random_deletion,0.6,0.9727693398793539
convnext_small_full,p1_15777,random_deletion,0.8,0.391140138109525
convnext_small_full,p1_15777,random_deletion,1.0,0.41892601549625397
convnext_small_full,p1_16050,deletion,0.0,0.9999930461247762
convnext_small_full,p1_16050,deletion,0.1,0.9997616012891134
convnext_small_full,p1_16050,deletion,0.2,0.9996027747790018
convnext_small_full,p1_16050,deletion,0.4,0.977392335732778
convnext_small_full,p1_16050,deletion,0.6,0.985744059085846
convnext_small_full,p1_16050,deletion,0.8,0.9900973836580912
convnext_small_full,p1_16050,deletion,1.0,0.9760316411654154
convnext_small_full,p1_16050,insertion,0.0,0.9760316411654154
convnext_small_full,p1_16050,insertion,0.1,0.9983877142270406
convnext_small_full,p1_16050,insertion,0.2,0.9997020761171976
convnext_small_full,p1_16050,insertion,0.4,0.9999738534291586
convnext_small_full,p1_16050,insertion,0.6,0.9999891519546509
convnext_small_full,p1_16050,insertion,0.8,0.9999937216440836
convnext_small_full,p1_16050,insertion,1.0,0.9999930461247762
convnext_small_full,p1_16050,random_deletion,0.0,0.9999930461247762
convnext_small_full,p1_16050,random_deletion,0.1,0.9999943176905314
convnext_small_full,p1_16050,random_deletion,0.2,0.9999507665634155
convnext_small_full,p1_16050,random_deletion,0.4,0.9999516010284424
convnext_small_full,p1_16050,random_deletion,0.6,0.9989940722783407
convnext_small_full,p1_16050,random_deletion,0.8,0.9770869016647339
convnext_small_full,p1_16050,random_deletion,1.0,0.9760316411654154
convnext_small_full,p1_16139,deletion,0.0,0.5175731380780538
convnext_small_full,p1_16139,deletion,0.1,0.28164733946323395
convnext_small_full,p1_16139,deletion,0.2,0.3095480054616928
convnext_small_full,p1_16139,deletion,0.4,0.10454711938897769
convnext_small_full,p1_16139,deletion,0.6,0.11736397941907246
convnext_small_full,p1_16139,deletion,0.8,0.21345875163873038
convnext_small_full,p1_16139,deletion,1.0,0.3570691446463267
convnext_small_full,p1_16139,insertion,0.0,0.3570691446463267
convnext_small_full,p1_16139,insertion,0.1,0.03833263056973616
convnext_small_full,p1_16139,insertion,0.2,0.057267131904760994
convnext_small_full,p1_16139,insertion,0.4,0.15902168800433478
convnext_small_full,p1_16139,insertion,0.6,0.47041335701942444
convnext_small_full,p1_16139,insertion,0.8,0.7255789836247762
convnext_small_full,p1_16139,insertion,1.0,0.5175731380780538
convnext_small_full,p1_16139,random_deletion,0.0,0.5175731380780538
convnext_small_full,p1_16139,random_deletion,0.1,0.40587138136227924
convnext_small_full,p1_16139,random_deletion,0.2,0.6820175051689148
convnext_small_full,p1_16139,random_deletion,0.4,0.8811358213424683
convnext_small_full,p1_16139,random_deletion,0.6,0.7550800442695618
convnext_small_full,p1_16139,random_deletion,0.8,0.6901218493779501
convnext_small_full,p1_16139,random_deletion,1.0,0.3570691446463267
convnext_small_full,p1_16365,deletion,0.0,0.9994773864746094
convnext_small_full,p1_16365,deletion,0.1,0.000481464351954249
convnext_small_full,p1_16365,deletion,0.2,0.0018053734286998708
convnext_small_full,p1_16365,deletion,0.4,0.006769994972273707
convnext_small_full,p1_16365,deletion,0.6,0.005617215026480456
convnext_small_full,p1_16365,deletion,0.8,0.011566815276940664
convnext_small_full,p1_16365,deletion,1.0,0.032347362488508224
convnext_small_full,p1_16365,insertion,0.0,0.032347362488508224
convnext_small_full,p1_16365,insertion,0.1,0.2930189023415248
convnext_small_full,p1_16365,insertion,0.2,0.9408207337061564
convnext_small_full,p1_16365,insertion,0.4,0.9663820862770081
convnext_small_full,p1_16365,insertion,0.6,0.9640206098556519
convnext_small_full,p1_16365,insertion,0.8,0.9909152785936991
convnext_small_full,p1_16365,insertion,1.0,0.9994773864746094
convnext_small_full,p1_16365,random_deletion,0.0,0.9994773864746094
convnext_small_full,p1_16365,random_deletion,0.1,0.9991924166679382
convnext_small_full,p1_16365,random_deletion,0.2,0.9928260842959086
convnext_small_full,p1_16365,random_deletion,0.4,0.09102625244607528
convnext_small_full,p1_16365,random_deletion,0.6,0.002687338118751844
convnext_small_full,p1_16365,random_deletion,0.8,0.002944984046431879
convnext_small_full,p1_16365,random_deletion,1.0,0.032347362488508224
convnext_small_full,p1_16433,deletion,0.0,0.9953408241271973
convnext_small_full,p1_16433,deletion,0.1,0.9449800054232279
convnext_small_full,p1_16433,deletion,0.2,0.7908292015393575
convnext_small_full,p1_16433,deletion,0.4,0.3458219071229299
convnext_small_full,p1_16433,deletion,0.6,0.03638835779080788
convnext_small_full,p1_16433,deletion,0.8,0.09005661308765411
convnext_small_full,p1_16433,deletion,1.0,0.056564681231975555
convnext_small_full,p1_16433,insertion,0.0,0.056564681231975555
convnext_small_full,p1_16433,insertion,0.1,0.47549745937188465
convnext_small_full,p1_16433,insertion,0.2,0.8619269728660583
convnext_small_full,p1_16433,insertion,0.4,0.9850943088531494
convnext_small_full,p1_16433,insertion,0.6,0.9937167565027872
convnext_small_full,p1_16433,insertion,0.8,0.9720528920491537
convnext_small_full,p1_16433,insertion,1.0,0.9953408241271973
convnext_small_full,p1_16433,random_deletion,0.0,0.9953408241271973
convnext_small_full,p1_16433,random_deletion,0.1,0.9943592151006063
convnext_small_full,p1_16433,random_deletion,0.2,0.9865736564000448
convnext_small_full,p1_16433,random_deletion,0.4,0.9637765884399414
convnext_small_full,p1_16433,random_deletion,0.6,0.49469274282455444
convnext_small_full,p1_16433,random_deletion,0.8,0.1523215522368749
convnext_small_full,p1_16433,random_deletion,1.0,0.056564681231975555
convnext_small_full,p1_16771,deletion,0.0,0.9995099703470866
convnext_small_full,p1_16771,deletion,0.1,0.9978666305541992
convnext_small_full,p1_16771,deletion,0.2,0.9945705533027649
convnext_small_full,p1_16771,deletion,0.4,0.9740557074546814
convnext_small_full,p1_16771,deletion,0.6,0.9496366381645203
convnext_small_full,p1_16771,deletion,0.8,0.9389911492665609
convnext_small_full,p1_16771,deletion,1.0,0.7207679748535156
convnext_small_full,p1_16771,insertion,0.0,0.7207679748535156
convnext_small_full,p1_16771,insertion,0.1,0.9212447206179301
convnext_small_full,p1_16771,insertion,0.2,0.925565242767334
convnext_small_full,p1_16771,insertion,0.4,0.9895636041959127
convnext_small_full,p1_16771,insertion,0.6,0.9914410710334778
convnext_small_full,p1_16771,insertion,0.8,0.9998482664426168
convnext_small_full,p1_16771,insertion,1.0,0.9995099703470866
convnext_small_full,p1_16771,random_deletion,0.0,0.9995099703470866
convnext_small_full,p1_16771,random_deletion,0.1,0.999668558438619
convnext_small_full,p1_16771,random_deletion,0.2,0.9994375904401144
convnext_small_full,p1_16771,random_deletion,0.4,0.9965495665868124
convnext_small_full,p1_16771,random_deletion,0.6,0.9995039304097494
convnext_small_full,p1_16771,random_deletion,0.8,0.8875501354535421
convnext_small_full,p1_16771,random_deletion,1.0,0.7207679748535156
convnext_small_full,p1_17150,deletion,0.0,0.9072560469309489
convnext_small_full,p1_17150,deletion,0.1,0.3653312424818675
convnext_small_full,p1_17150,deletion,0.2,0.43882814546426135
convnext_small_full,p1_17150,deletion,0.4,0.1985484870771567
convnext_small_full,p1_17150,deletion,0.6,0.29897905389467877
convnext_small_full,p1_17150,deletion,0.8,0.07195025247832139
convnext_small_full,p1_17150,deletion,1.0,0.1563695321480433
convnext_small_full,p1_17150,insertion,0.0,0.1563695321480433
convnext_small_full,p1_17150,insertion,0.1,0.6788101196289062
convnext_small_full,p1_17150,insertion,0.2,0.936079760392507
convnext_small_full,p1_17150,insertion,0.4,0.901930590470632
convnext_small_full,p1_17150,insertion,0.6,0.9701473315556844
convnext_small_full,p1_17150,insertion,0.8,0.9611825942993164
convnext_small_full,p1_17150,insertion,1.0,0.9072560469309489
convnext_small_full,p1_17150,random_deletion,0.0,0.9072560469309489
convnext_small_full,p1_17150,random_deletion,0.1,0.9292740821838379
convnext_small_full,p1_17150,random_deletion,0.2,0.7939624190330505
convnext_small_full,p1_17150,random_deletion,0.4,0.022801978513598442
convnext_small_full,p1_17150,random_deletion,0.6,0.22388156255086264
convnext_small_full,p1_17150,random_deletion,0.8,0.24772726744413376
convnext_small_full,p1_17150,random_deletion,1.0,0.1563695321480433
convnext_small_full,p1_17228,deletion,0.0,0.999662180741628
convnext_small_full,p1_17228,deletion,0.1,0.9990257422129313
convnext_small_full,p1_17228,deletion,0.2,0.9986523985862732
convnext_small_full,p1_17228,deletion,0.4,0.9978601137797037
convnext_small_full,p1_17228,deletion,0.6,0.9849674105644226
convnext_small_full,p1_17228,deletion,0.8,0.8938199281692505
convnext_small_full,p1_17228,deletion,1.0,0.1794057140747706
convnext_small_full,p1_17228,insertion,0.0,0.1794057140747706
convnext_small_full,p1_17228,insertion,0.1,0.3906250149011612
convnext_small_full,p1_17228,insertion,0.2,0.5115928736825784
convnext_small_full,p1_17228,insertion,0.4,0.9670602281888326
convnext_small_full,p1_17228,insertion,0.6,0.989767849445343
convnext_small_full,p1_17228,insertion,0.8,0.9976244966189066
convnext_small_full,p1_17228,insertion,1.0,0.999662180741628
convnext_small_full,p1_17228,random_deletion,0.0,0.999662180741628
convnext_small_full,p1_17228,random_deletion,0.1,0.9996294776598612
convnext_small_full,p1_17228,random_deletion,0.2,0.9995311896006266
convnext_small_full,p1_17228,random_deletion,0.4,0.9986980756123861
convnext_small_full,p1_17228,random_deletion,0.6,0.9549074570337931
convnext_small_full,p1_17228,random_deletion,0.8,0.7949331800142924
convnext_small_full,p1_17228,random_deletion,1.0,0.1794057140747706
convnext_small_full,p1_17240,deletion,0.0,0.9999997615814209
convnext_small_full,p1_17240,deletion,0.1,0.6322368482748667
convnext_small_full,p1_17240,deletion,0.2,0.7041404048601786
convnext_small_full,p1_17240,deletion,0.4,0.4607820312182109
convnext_small_full,p1_17240,deletion,0.6,0.09780847281217575
convnext_small_full,p1_17240,deletion,0.8,0.23457218954960504
convnext_small_full,p1_17240,deletion,1.0,0.12028385698795319
convnext_small_full,p1_17240,insertion,0.0,0.12028385698795319
convnext_small_full,p1_17240,insertion,0.1,0.23933441936969757
convnext_small_full,p1_17240,insertion,0.2,0.5720413426558176
convnext_small_full,p1_17240,insertion,0.4,0.7002074519793192
convnext_small_full,p1_17240,insertion,0.6,0.9999338388442993
convnext_small_full,p1_17240,insertion,0.8,0.9999969402949015
convnext_small_full,p1_17240,insertion,1.0,0.9999997615814209
convnext_small_full,p1_17240,random_deletion,0.0,0.9999997615814209
convnext_small_full,p1_17240,random_deletion,0.1,0.9999995628992716
convnext_small_full,p1_17240,random_deletion,0.2,0.999999205271403
convnext_small_full,p1_17240,random_deletion,0.4,0.9981022079785665
convnext_small_full,p1_17240,random_deletion,0.6,0.5987561692794164
convnext_small_full,p1_17240,random_deletion,0.8,0.028967462674093742
convnext_small_full,p1_17240,random_deletion,1.0,0.12028385698795319
convnext_small_full,p1_17356,deletion,0.0,0.9999999602635702
convnext_small_full,p1_17356,deletion,0.1,1.0
convnext_small_full,p1_17356,deletion,0.2,0.9999999205271403
convnext_small_full,p1_17356,deletion,0.4,0.999999205271403
convnext_small_full,p1_17356,deletion,0.6,0.9999941984812418
convnext_small_full,p1_17356,deletion,0.8,0.9998764395713806
convnext_small_full,p1_17356,deletion,1.0,0.9562842845916748
convnext_small_full,p1_17356,insertion,0.0,0.9562842845916748
convnext_small_full,p1_17356,insertion,0.1,0.9655065933863322
convnext_small_full,p1_17356,insertion,0.2,0.9742848674456278
convnext_small_full,p1_17356,insertion,0.4,0.903993546962738
convnext_small_full,p1_17356,insertion,0.6,0.9513430794080099
convnext_small_full,p1_17356,insertion,0.8,0.960045595963796
convnext_small_full,p1_17356,insertion,1.0,0.9999999602635702
convnext_small_full,p1_17356,random_deletion,0.0,0.9999999602635702
convnext_small_full,p1_17356,random_deletion,0.1,0.9999997615814209
convnext_small_full,p1_17356,random_deletion,0.2,0.9999991257985433
convnext_small_full,p1_17356,random_deletion,0.4,0.9734272956848145
convnext_small_full,p1_17356,random_deletion,0.6,0.9322321812311808
convnext_small_full,p1_17356,random_deletion,0.8,0.9058135151863098
convnext_small_full,p1_17356,random_deletion,1.0,0.9562842845916748
convnext_small_full,p1_17358,deletion,0.0,0.9999589522679647
convnext_small_full,p1_17358,deletion,0.1,0.999880850315094
convnext_small_full,p1_17358,deletion,0.2,0.9989479581514994
convnext_small_full,p1_17358,deletion,0.4,0.9886772235234579
convnext_small_full,p1_17358,deletion,0.6,0.9792194167772929
convnext_small_full,p1_17358,deletion,0.8,0.856387217839559
convnext_small_full,p1_17358,deletion,1.0,0.9725515643755595
convnext_small_full,p1_17358,insertion,0.0,0.9725515643755595
convnext_small_full,p1_17358,insertion,0.1,0.9928935567537943
convnext_small_full,p1_17358,insertion,0.2,0.9992013971010844
convnext_small_full,p1_17358,insertion,0.4,0.9999479452768961
convnext_small_full,p1_17358,insertion,0.6,0.9999907414118449
convnext_small_full,p1_17358,insertion,0.8,0.999984622001648
convnext_small_full,p1_17358,insertion,1.0,0.9999589522679647
convnext_small_full,p1_17358,random_deletion,0.0,0.9999589522679647
convnext_small_full,p1_17358,random_deletion,0.1,0.9999934434890747
convnext_small_full,p1_17358,random_deletion,0.2,0.9999956687291464
convnext_small_full,p1_17358,random_deletion,0.4,0.9997537732124329
convnext_small_full,p1_17358,random_deletion,0.6,0.9995081623395284
convnext_small_full,p1_17358,random_deletion,0.8,0.9974896311759949
convnext_small_full,p1_17358,random_deletion,1.0,0.9725515643755595
convnext_small_full,p1_17593,deletion,0.0,0.9999934434890747
convnext_small_full,p1_17593,deletion,0.1,0.9999903837839762
convnext_small_full,p1_17593,deletion,0.2,0.9999600648880005
convnext_small_full,p1_17593,deletion,0.4,0.9987399180730184
convnext_small_full,p1_17593,deletion,0.6,0.9975515405337015
convnext_small_full,p1_17593,deletion,0.8,0.9847508470217387
convnext_small_full,p1_17593,deletion,1.0,0.9666245579719543
convnext_small_full,p1_17593,insertion,0.0,0.9666245579719543
convnext_small_full,p1_17593,insertion,0.1,0.9859187602996826
convnext_small_full,p1_17593,insertion,0.2,0.9939618309338888
convnext_small_full,p1_17593,insertion,0.4,0.9994689027468363
convnext_small_full,p1_17593,insertion,0.6,0.9998290737469991
convnext_small_full,p1_17593,insertion,0.8,0.9999962250391642
convnext_small_full,p1_17593,insertion,1.0,0.9999934434890747
convnext_small_full,p1_17593,random_deletion,0.0,0.9999934434890747
convnext_small_full,p1_17593,random_deletion,0.1,0.9999853372573853
convnext_small_full,p1_17593,random_deletion,0.2,0.9999578396479288
convnext_small_full,p1_17593,random_deletion,0.4,0.9996036688486735
convnext_small_full,p1_17593,random_deletion,0.6,0.9995381633440653
convnext_small_full,p1_17593,random_deletion,0.8,0.9929832617441813
convnext_small_full,p1_17593,random_deletion,1.0,0.9666245579719543
convnext_small_full,p1_17651,deletion,0.0,0.9818548560142517
convnext_small_full,p1_17651,deletion,0.1,0.5519499977429708
convnext_small_full,p1_17651,deletion,0.2,0.33861040075620014
convnext_small_full,p1_17651,deletion,0.4,0.2397381067276001
convnext_small_full,p1_17651,deletion,0.6,0.16583858927090964
convnext_small_full,p1_17651,deletion,0.8,0.3005983978509903
convnext_small_full,p1_17651,deletion,1.0,0.1688672105471293
convnext_small_full,p1_17651,insertion,0.0,0.1688672105471293
convnext_small_full,p1_17651,insertion,0.1,0.17520174011588097
convnext_small_full,p1_17651,insertion,0.2,0.3985925614833832
convnext_small_full,p1_17651,insertion,0.4,0.9574419856071472
convnext_small_full,p1_17651,insertion,0.6,0.9743106762568156
convnext_small_full,p1_17651,insertion,0.8,0.9655602176984152
convnext_small_full,p1_17651,insertion,1.0,0.9818548560142517
convnext_small_full,p1_17651,random_deletion,0.0,0.9818548560142517
convnext_small_full,p1_17651,random_deletion,0.1,0.9787230292956034
convnext_small_full,p1_17651,random_deletion,0.2,0.9896915157636007
convnext_small_full,p1_17651,random_deletion,0.4,0.8910266757011414
convnext_small_full,p1_17651,random_deletion,0.6,0.22109893212715784
convnext_small_full,p1_17651,random_deletion,0.8,0.13267096877098083
convnext_small_full,p1_17651,random_deletion,1.0,0.1688672105471293
convnext_small_full,p1_17747,deletion,0.0,0.9997855226198832
convnext_small_full,p1_17747,deletion,0.1,0.9947607318560282
convnext_small_full,p1_17747,deletion,0.2,0.9324488441149393
convnext_small_full,p1_17747,deletion,0.4,0.8375739057858785
convnext_small_full,p1_17747,deletion,0.6,0.6667559742927551
convnext_small_full,p1_17747,deletion,0.8,0.41083672642707825
convnext_small_full,p1_17747,deletion,1.0,0.34765838583310443
convnext_small_full,p1_17747,insertion,0.0,0.34765838583310443
convnext_small_full,p1_17747,insertion,0.1,0.9330377380053202
convnext_small_full,p1_17747,insertion,0.2,0.9943476915359497
convnext_small_full,p1_17747,insertion,0.4,0.9951135913530985
convnext_small_full,p1_17747,insertion,0.6,0.999461829662323
convnext_small_full,p1_17747,insertion,0.8,0.9996309876441956
convnext_small_full,p1_17747,insertion,1.0,0.9997855226198832
convnext_small_full,p1_17747,random_deletion,0.0,0.9997855226198832
convnext_small_full,p1_17747,random_deletion,0.1,0.9994713465372721
convnext_small_full,p1_17747,random_deletion,0.2,0.9873443245887756
convnext_small_full,p1_17747,random_deletion,0.4,0.9852392872174581
convnext_small_full,p1_17747,random_deletion,0.6,0.4865297774473826
convnext_small_full,p1_17747,random_deletion,0.8,0.07473480701446533
convnext_small_full,p1_17747,random_deletion,1.0,0.34765838583310443
convnext_small_full,p1_17749,deletion,0.0,0.9997991720835367
convnext_small_full,p1_17749,deletion,0.1,0.9996301333109537
convnext_small_full,p1_17749,deletion,0.2,0.9980827569961548
convnext_small_full,p1_17749,deletion,0.4,0.9922505021095276
convnext_small_full,p1_17749,deletion,0.6,0.9388761123021444
convnext_small_full,p1_17749,deletion,0.8,0.8157403270403544
convnext_small_full,p1_17749,deletion,1.0,0.8997284372647604
convnext_small_full,p1_17749,insertion,0.0,0.8997284372647604
convnext_small_full,p1_17749,insertion,0.1,0.9690363009770712
convnext_small_full,p1_17749,insertion,0.2,0.9846503933270773
convnext_small_full,p1_17749,insertion,0.4,0.9994605183601379
convnext_small_full,p1_17749,insertion,0.6,0.9993601441383362
convnext_small_full,p1_17749,insertion,0.8,0.9998696446418762
convnext_small_full,p1_17749,insertion,1.0,0.9997991720835367
convnext_small_full,p1_17749,random_deletion,0.0,0.9997991720835367
convnext_small_full,p1_17749,random_deletion,0.1,0.9990894198417664
convnext_small_full,p1_17749,random_deletion,0.2,0.9996204574902853
convnext_small_full,p1_17749,random_deletion,0.4,0.9963278373082479
convnext_small_full,p1_17749,random_deletion,0.6,0.9876067638397217
convnext_small_full,p1_17749,random_deletion,0.8,0.9406661589940389
convnext_small_full,p1_17749,random_deletion,1.0,0.8997284372647604
convnext_small_full,p1_18189,deletion,0.0,0.9803495407104492
convnext_small_full,p1_18189,deletion,0.1,0.8523539702097574
convnext_small_full,p1_18189,deletion,0.2,0.29848290979862213
convnext_small_full,p1_18189,deletion,0.4,0.02636983641423285
convnext_small_full,p1_18189,deletion,0.6,0.12108109705150127
convnext_small_full,p1_18189,deletion,0.8,0.3853174299001694
convnext_small_full,p1_18189,deletion,1.0,0.6947630842526754
convnext_small_full,p1_18189,insertion,0.0,0.6947630842526754
convnext_small_full,p1_18189,insertion,0.1,0.9674092928568522
convnext_small_full,p1_18189,insertion,0.2,0.9994688630104065
convnext_small_full,p1_18189,insertion,0.4,0.9971946477890015
convnext_small_full,p1_18189,insertion,0.6,0.9982151985168457
convnext_small_full,p1_18189,insertion,0.8,0.998084286848704
convnext_small_full,p1_18189,insertion,1.0,0.9803495407104492
convnext_small_full,p1_18189,random_deletion,0.0,0.9803495407104492
convnext_small_full,p1_18189,random_deletion,0.1,0.9512998660405477
convnext_small_full,p1_18189,random_deletion,0.2,0.9830773870150248
convnext_small_full,p1_18189,random_deletion,0.4,0.8703223268191019
convnext_small_full,p1_18189,random_deletion,0.6,0.34569282333056134
convnext_small_full,p1_18189,random_deletion,0.8,0.689684271812439
convnext_small_full,p1_18189,random_deletion,1.0,0.6947630842526754
convnext_small_full,p1_18412,deletion,0.0,0.9999949932098389
convnext_small_full,p1_18412,deletion,0.1,0.9999509255091349
convnext_small_full,p1_18412,deletion,0.2,0.9956658283869425
convnext_small_full,p1_18412,deletion,0.4,0.709280530611674
convnext_small_full,p1_18412,deletion,0.6,0.7379633486270905
convnext_small_full,p1_18412,deletion,0.8,0.3930431107680003
convnext_small_full,p1_18412,deletion,1.0,0.3528205355008443
convnext_small_full,p1_18412,insertion,0.0,0.3528205355008443
convnext_small_full,p1_18412,insertion,0.1,0.6469259460767111
convnext_small_full,p1_18412,insertion,0.2,0.9256213903427124
convnext_small_full,p1_18412,insertion,0.4,0.9981952508290609
convnext_small_full,p1_18412,insertion,0.6,0.9997755289077759
convnext_small_full,p1_18412,insertion,0.8,0.9999643564224243
convnext_small_full,p1_18412,insertion,1.0,0.9999949932098389
convnext_small_full,p1_18412,random_deletion,0.0,0.9999949932098389
convnext_small_full,p1_18412,random_deletion,0.1,0.9999911785125732
convnext_small_full,p1_18412,random_deletion,0.2,0.9999907414118449
convnext_small_full,p1_18412,random_deletion,0.4,0.8716462453206381
convnext_small_full,p1_18412,random_deletion,0.6,0.7003811796506246
convnext_small_full,p1_18412,random_deletion,0.8,0.8826723496119181
convnext_small_full,p1_18412,random_deletion,1.0,0.3528205355008443
convnext_small_full,p1_18438,deletion,0.0,0.9891027013460795
convnext_small_full,p1_18438,deletion,0.1,0.9843432704607645
convnext_small_full,p1_18438,deletion,0.2,0.978348970413208
convnext_small_full,p1_18438,deletion,0.4,0.9054387807846069
convnext_small_full,p1_18438,deletion,0.6,0.6077295045057932
convnext_small_full,p1_18438,deletion,0.8,0.6314184566338857
convnext_small_full,p1_18438,deletion,1.0,0.5110059678554535
convnext_small_full,p1_18438,insertion,0.0,0.5110059678554535
convnext_small_full,p1_18438,insertion,0.1,0.6060775617758433
convnext_small_full,p1_18438,insertion,0.2,0.921854575475057
convnext_small_full,p1_18438,insertion,0.4,0.9726125597953796
convnext_small_full,p1_18438,insertion,0.6,0.9911284248034159
convnext_small_full,p1_18438,insertion,0.8,0.9945051471392313
convnext_small_full,p1_18438,insertion,1.0,0.9891027013460795
convnext_small_full,p1_18438,random_deletion,0.0,0.9891027013460795
convnext_small_full,p1_18438,random_deletion,0.1,0.9825467864672343
convnext_small_full,p1_18438,random_deletion,0.2,0.9807259837786356
convnext_small_full,p1_18438,random_deletion,0.4,0.9981395204861959
convnext_small_full,p1_18438,random_deletion,0.6,0.9919673800468445
convnext_small_full,p1_18438,random_deletion,0.8,0.9535390138626099
convnext_small_full,p1_18438,random_deletion,1.0,0.5110059678554535
convnext_small_full,p1_18473,deletion,0.0,0.9994264642397562
convnext_small_full,p1_18473,deletion,0.1,0.8573112289110819
convnext_small_full,p1_18473,deletion,0.2,0.8801776568094889
convnext_small_full,p1_18473,deletion,0.4,0.987944225470225
convnext_small_full,p1_18473,deletion,0.6,0.97972305615743
convnext_small_full,p1_18473,deletion,0.8,0.9776569207509359
convnext_small_full,p1_18473,deletion,1.0,0.9699291388193766
convnext_small_full,p1_18473,insertion,0.0,0.9699291388193766
convnext_small_full,p1_18473,insertion,0.1,0.9997947414716085
convnext_small_full,p1_18473,insertion,0.2,0.9678810238838196
convnext_small_full,p1_18473,insertion,0.4,0.9957286914189657
convnext_small_full,p1_18473,insertion,0.6,0.9956670800844828
convnext_small_full,p1_18473,insertion,0.8,0.9977689186731974
convnext_small_full,p1_18473,insertion,1.0,0.9994264642397562
convnext_small_full,p1_18473,random_deletion,0.0,0.9994264642397562
convnext_small_full,p1_18473,random_deletion,0.1,0.9994140068689982
convnext_small_full,p1_18473,random_deletion,0.2,0.9992215633392334
convnext_small_full,p1_18473,random_deletion,0.4,0.9992422660191854
convnext_small_full,p1_18473,random_deletion,0.6,0.987147589524587
convnext_small_full,p1_18473,random_deletion,0.8,0.4685060779253642
convnext_small_full,p1_18473,random_deletion,1.0,0.9699291388193766
convnext_small_full,p1_18650,deletion,0.0,0.9999473094940186
convnext_small_full,p1_18650,deletion,0.1,0.9990866581598917
convnext_small_full,p1_18650,deletion,0.2,0.994835356871287
convnext_small_full,p1_18650,deletion,0.4,0.9214094479878744
convnext_small_full,p1_18650,deletion,0.6,0.5702499449253082
convnext_small_full,p1_18650,deletion,0.8,0.2990061740080516
convnext_small_full,p1_18650,deletion,1.0,0.45868926246960956
convnext_small_full,p1_18650,insertion,0.0,0.45868926246960956
convnext_small_full,p1_18650,insertion,0.1,0.9792048136393229
convnext_small_full,p1_18650,insertion,0.2,0.9929614861806234
convnext_small_full,p1_18650,insertion,0.4,0.9989895621935526
convnext_small_full,p1_18650,insertion,0.6,0.9997326731681824
convnext_small_full,p1_18650,insertion,0.8,0.9998232920964559
convnext_small_full,p1_18650,insertion,1.0,0.9999473094940186
convnext_small_full,p1_18650,random_deletion,0.0,0.9999473094940186
convnext_small_full,p1_18650,random_deletion,0.1,0.9995765288670858
convnext_small_full,p1_18650,random_deletion,0.2,0.9985982775688171
convnext_small_full,p1_18650,random_deletion,0.4,0.9656580686569214
convnext_small_full,p1_18650,random_deletion,0.6,0.24296986560026804
convnext_small_full,p1_18650,random_deletion,0.8,0.32990119854609173
convnext_small_full,p1_18650,random_deletion,1.0,0.45868926246960956
convnext_small_full,p1_18717,deletion,0.0,0.9139161507288615
convnext_small_full,p1_18717,deletion,0.1,0.33695510029792786
convnext_small_full,p1_18717,deletion,0.2,0.14275319874286652
convnext_small_full,p1_18717,deletion,0.4,0.05805105219284693
convnext_small_full,p1_18717,deletion,0.6,0.050658032298088074
convnext_small_full,p1_18717,deletion,0.8,0.10070507228374481
convnext_small_full,p1_18717,deletion,1.0,0.08138945202032725
convnext_small_full,p1_18717,insertion,0.0,0.08138945202032725
convnext_small_full,p1_18717,insertion,0.1,0.46610409021377563
convnext_small_full,p1_18717,insertion,0.2,0.7902929981549581
convnext_small_full,p1_18717,insertion,0.4,0.6925163666407267
convnext_small_full,p1_18717,insertion,0.6,0.8175927797953287
convnext_small_full,p1_18717,insertion,0.8,0.8856048385302225
convnext_small_full,p1_18717,insertion,1.0,0.9139161507288615
convnext_small_full,p1_18717,random_deletion,0.0,0.9139161507288615
convnext_small_full,p1_18717,random_deletion,0.1,0.958801249663035
convnext_small_full,p1_18717,random_deletion,0.2,0.936842163403829
convnext_small_full,p1_18717,random_deletion,0.4,0.9075215657552084
convnext_small_full,p1_18717,random_deletion,0.6,0.9253026843070984
convnext_small_full,p1_18717,random_deletion,0.8,0.5797964334487915
convnext_small_full,p1_18717,random_deletion,1.0,0.08138945202032725
convnext_small_full,p1_18852,deletion,0.0,0.9904240171114603
convnext_small_full,p1_18852,deletion,0.1,0.956474781036377
convnext_small_full,p1_18852,deletion,0.2,0.9388747612635294
convnext_small_full,p1_18852,deletion,0.4,0.9279258251190186
convnext_small_full,p1_18852,deletion,0.6,0.9175816178321838
convnext_small_full,p1_18852,deletion,0.8,0.9791218439737955
convnext_small_full,p1_18852,deletion,1.0,0.9435760180155436
convnext_small_full,p1_18852,insertion,0.0,0.9435760180155436
convnext_small_full,p1_18852,insertion,0.1,0.8832735617955526
convnext_small_full,p1_18852,insertion,0.2,0.882387101650238
convnext_small_full,p1_18852,insertion,0.4,0.9766489466031393
convnext_small_full,p1_18852,insertion,0.6,0.9895031253496805
convnext_small_full,p1_18852,insertion,0.8,0.9977316459019979
convnext_small_full,p1_18852,insertion,1.0,0.9904240171114603
convnext_small_full,p1_18852,random_deletion,0.0,0.9904240171114603
convnext_small_full,p1_18852,random_deletion,0.1,0.9890559911727905
convnext_small_full,p1_18852,random_deletion,0.2,0.996883769830068
convnext_small_full,p1_18852,random_deletion,0.4,0.9993579983711243
convnext_small_full,p1_18852,random_deletion,0.6,0.9950906833012899
convnext_small_full,p1_18852,random_deletion,0.8,0.9358879129091898
convnext_small_full,p1_18852,random_deletion,1.0,0.9435760180155436
convnext_small_full,p1_18956,deletion,0.0,0.992651104927063
convnext_small_full,p1_18956,deletion,0.1,0.6378185848395029
convnext_small_full,p1_18956,deletion,0.2,0.6572358012199402
convnext_small_full,p1_18956,deletion,0.4,0.5645079612731934
convnext_small_full,p1_18956,deletion,0.6,0.44889124234517414
convnext_small_full,p1_18956,deletion,0.8,0.3838437000910441
convnext_small_full,p1_18956,deletion,1.0,0.3499927371740341
convnext_small_full,p1_18956,insertion,0.0,0.3499927371740341
convnext_small_full,p1_18956,insertion,0.1,0.9158003330230713
convnext_small_full,p1_18956,insertion,0.2,0.9901308616002401
convnext_small_full,p1_18956,insertion,0.4,0.9885900417963663
convnext_small_full,p1_18956,insertion,0.6,0.9912375807762146
convnext_small_full,p1_18956,insertion,0.8,0.9893322189648946
convnext_small_full,p1_18956,insertion,1.0,0.992651104927063
convnext_small_full,p1_18956,random_deletion,0.0,0.992651104927063
convnext_small_full,p1_18956,random_deletion,0.1,0.9889954129854838
convnext_small_full,p1_18956,random_deletion,0.2,0.9848816196123759
convnext_small_full,p1_18956,random_deletion,0.4,0.9923620025316874
convnext_small_full,p1_18956,random_deletion,0.6,0.5951176782449087
convnext_small_full,p1_18956,random_deletion,0.8,0.4566678802172343
convnext_small_full,p1_18956,random_deletion,1.0,0.3499927371740341
convnext_small_full,p1_19358,deletion,0.0,0.9982104301452637
convnext_small_full,p1_19358,deletion,0.1,0.7424691816171011
convnext_small_full,p1_19358,deletion,0.2,0.972432017326355
convnext_small_full,p1_19358,deletion,0.4,0.9776376485824585
convnext_small_full,p1_19358,deletion,0.6,0.9828482468922933
convnext_small_full,p1_19358,deletion,0.8,0.9810368220011393
convnext_small_full,p1_19358,deletion,1.0,0.9921149412790934
convnext_small_full,p1_19358,insertion,0.0,0.9921149412790934
convnext_small_full,p1_19358,insertion,0.1,0.918958862622579
convnext_small_full,p1_19358,insertion,0.2,0.9419361551602682
convnext_small_full,p1_19358,insertion,0.4,0.9539831280708313
convnext_small_full,p1_19358,insertion,0.6,0.9610648949941
convnext_small_full,p1_19358,insertion,0.8,0.9546672701835632
convnext_small_full,p1_19358,insertion,1.0,0.9982104301452637
convnext_small_full,p1_19358,random_deletion,0.0,0.9982104301452637
convnext_small_full,p1_19358,random_deletion,0.1,0.9984310070673624
convnext_small_full,p1_19358,random_deletion,0.2,0.988874077796936
convnext_small_full,p1_19358,random_deletion,0.4,0.992771327495575
convnext_small_full,p1_19358,random_deletion,0.6,0.9800856113433838
convnext_small_full,p1_19358,random_deletion,0.8,0.9940573771794637
convnext_small_full,p1_19358,random_deletion,1.0,0.9921149412790934
convnext_small_full,p1_19579,deletion,0.0,0.9999998807907104
convnext_small_full,p1_19579,deletion,0.1,0.9999955495198568
convnext_small_full,p1_19579,deletion,0.2,0.989125112692515
convnext_small_full,p1_19579,deletion,0.4,0.6892794569333395
convnext_small_full,p1_19579,deletion,0.6,0.699308750530084
convnext_small_full,p1_19579,deletion,0.8,0.3906746630867322
convnext_small_full,p1_19579,deletion,1.0,0.24842098355293274
convnext_small_full,p1_19579,insertion,0.0,0.24842098355293274
convnext_small_full,p1_19579,insertion,0.1,0.3777750146885713
convnext_small_full,p1_19579,insertion,0.2,0.3773968604703744
convnext_small_full,p1_19579,insertion,0.4,0.40348323434591293
convnext_small_full,p1_19579,insertion,0.6,0.9977279901504517
convnext_small_full,p1_19579,insertion,0.8,0.9999998410542806
convnext_small_full,p1_19579,insertion,1.0,0.9999998807907104
convnext_small_full,p1_19579,random_deletion,0.0,0.9999998807907104
convnext_small_full,p1_19579,random_deletion,0.1,0.9999959468841553
convnext_small_full,p1_19579,random_deletion,0.2,0.9981376131375631
convnext_small_full,p1_19579,random_deletion,0.4,0.9949535528818766
convnext_small_full,p1_19579,random_deletion,0.6,0.7991180817286173
convnext_small_full,p1_19579,random_deletion,0.8,0.1040967305501302
convnext_small_full,p1_19579,random_deletion,1.0,0.24842098355293274
convnext_small_full,p1_19612,deletion,0.0,0.9999856154123942
convnext_small_full,p1_19612,deletion,0.1,0.9984100461006165
convnext_small_full,p1_19612,deletion,0.2,0.9921401143074036
convnext_small_full,p1_19612,deletion,0.4,0.9581535458564758
convnext_small_full,p1_19612,deletion,0.6,0.9893969297409058
convnext_small_full,p1_19612,deletion,0.8,0.988086462020874
convnext_small_full,p1_19612,deletion,1.0,0.954208254814148
convnext_small_full,p1_19612,insertion,0.0,0.954208254814148
convnext_small_full,p1_19612,insertion,0.1,0.8686646421750387
convnext_small_full,p1_19612,insertion,0.2,0.9814666509628296
convnext_small_full,p1_19612,insertion,0.4,0.9982465902964274
convnext_small_full,p1_19612,insertion,0.6,0.9998473326365153
convnext_small_full,p1_19612,insertion,0.8,0.9999717473983765
convnext_small_full,p1_19612,insertion,1.0,0.9999856154123942
convnext_small_full,p1_19612,random_deletion,0.0,0.9999856154123942
convnext_small_full,p1_19612,random_deletion,0.1,0.9999854564666748
convnext_small_full,p1_19612,random_deletion,0.2,0.9999748468399048
convnext_small_full,p1_19612,random_deletion,0.4,0.999912699063619
convnext_small_full,p1_19612,random_deletion,0.6,0.9999617338180542
convnext_small_full,p1_19612,random_deletion,0.8,0.9660458167394003
convnext_small_full,p1_19612,random_deletion,1.0,0.954208254814148
convnext_small_full,p1_19664,deletion,0.0,0.9997192223866781
convnext_small_full,p1_19664,deletion,0.1,0.9980908234914144
convnext_small_full,p1_19664,deletion,0.2,0.9979592760403951
convnext_small_full,p1_19664,deletion,0.4,0.990485946337382
convnext_small_full,p1_19664,deletion,0.6,0.9048538208007812
convnext_small_full,p1_19664,deletion,0.8,0.6499625444412231
convnext_small_full,p1_19664,deletion,1.0,0.9938587745030721
convnext_small_full,p1_19664,insertion,0.0,0.9938587745030721
convnext_small_full,p1_19664,insertion,0.1,0.9945880572001139
convnext_small_full,p1_19664,insertion,0.2,0.9982988039652506
convnext_small_full,p1_19664,insertion,0.4,0.999890943368276
convnext_small_full,p1_19664,insertion,0.6,0.999919573465983
convnext_small_full,p1_19664,insertion,0.8,0.9999268452326456
convnext_small_full,p1_19664,insertion,1.0,0.9997192223866781
convnext_small_full,p1_19664,random_deletion,0.0,0.9997192223866781
convnext_small_full,p1_19664,random_deletion,0.1,0.9995502630869547
convnext_small_full,p1_19664,random_deletion,0.2,0.9996753533681234
convnext_small_full,p1_19664,random_deletion,0.4,0.9983399113019308
convnext_small_full,p1_19664,random_deletion,0.6,0.9928872585296631
convnext_small_full,p1_19664,random_deletion,0.8,0.8822269241015116
convnext_small_full,p1_19664,random_deletion,1.0,0.9938587745030721
convnext_small_full,p1_19682,deletion,0.0,0.9999944368998209
convnext_small_full,p1_19682,deletion,0.1,0.993073582649231
convnext_small_full,p1_19682,deletion,0.2,0.8229331572850546
convnext_small_full,p1_19682,deletion,0.4,0.2811538328727086
convnext_small_full,p1_19682,deletion,0.6,0.37283503512541455
convnext_small_full,p1_19682,deletion,0.8,0.43141236404577893
convnext_small_full,p1_19682,deletion,1.0,0.80689670642217
convnext_small_full,p1_19682,insertion,0.0,0.80689670642217
convnext_small_full,p1_19682,insertion,0.1,0.9896958470344543
convnext_small_full,p1_19682,insertion,0.2,0.9922573566436768
convnext_small_full,p1_19682,insertion,0.4,0.9997598131497701
convnext_small_full,p1_19682,insertion,0.6,0.9999119440714518
convnext_small_full,p1_19682,insertion,0.8,0.9999924500783285
convnext_small_full,p1_19682,insertion,1.0,0.9999944368998209
convnext_small_full,p1_19682,random_deletion,0.0,0.9999944368998209
convnext_small_full,p1_19682,random_deletion,0.1,0.9999963442484537
convnext_small_full,p1_19682,random_deletion,0.2,0.9999945561091105
convnext_small_full,p1_19682,random_deletion,0.4,0.9999311765034994
convnext_small_full,p1_19682,random_deletion,0.6,0.9998451471328735
convnext_small_full,p1_19682,random_deletion,0.8,0.048657902826865516
convnext_small_full,p1_19682,random_deletion,1.0,0.80689670642217
convnext_small_full,p1_19943,deletion,0.0,0.999997099240621
convnext_small_full,p1_19943,deletion,0.1,0.9981012344360352
convnext_small_full,p1_19943,deletion,0.2,0.9579756259918213
convnext_small_full,p1_19943,deletion,0.4,0.8393373092015585
convnext_small_full,p1_19943,deletion,0.6,0.5410299599170685
convnext_small_full,p1_19943,deletion,0.8,0.25231726467609406
convnext_small_full,p1_19943,deletion,1.0,0.014148913323879242
convnext_small_full,p1_19943,insertion,0.0,0.014148913323879242
convnext_small_full,p1_19943,insertion,0.1,0.5784045457839966
convnext_small_full,p1_19943,insertion,0.2,0.9638729095458984
convnext_small_full,p1_19943,insertion,0.4,0.9997814695040385
convnext_small_full,p1_19943,insertion,0.6,0.9999921321868896
convnext_small_full,p1_19943,insertion,0.8,0.9999940792719523
convnext_small_full,p1_19943,insertion,1.0,0.999997099240621
convnext_small_full,p1_19943,random_deletion,0.0,0.999997099240621
convnext_small_full,p1_19943,random_deletion,0.1,0.9999972979227701
convnext_small_full,p1_19943,random_deletion,0.2,0.9999985694885254
convnext_small_full,p1_19943,random_deletion,0.4,0.9996245900789896
convnext_small_full,p1_19943,random_deletion,0.6,0.9994173645973206
convnext_small_full,p1_19943,random_deletion,0.8,0.7768624822298685
convnext_small_full,p1_19943,random_deletion,1.0,0.014148913323879242
convnext_small_full,p1_20106,deletion,0.0,0.9585620363553365
convnext_small_full,p1_20106,deletion,0.1,0.5398015081882477
convnext_small_full,p1_20106,deletion,0.2,0.5106185774008433
convnext_small_full,p1_20106,deletion,0.4,0.541040450334549
convnext_small_full,p1_20106,deletion,0.6,0.7046311497688293
convnext_small_full,p1_20106,deletion,0.8,0.7662853995958964
convnext_small_full,p1_20106,deletion,1.0,0.7478117744127909
convnext_small_full,p1_20106,insertion,0.0,0.7478117744127909
convnext_small_full,p1_20106,insertion,0.1,0.9463669657707214
convnext_small_full,p1_20106,insertion,0.2,0.8857033451398214
convnext_small_full,p1_20106,insertion,0.4,0.9351699550946554
convnext_small_full,p1_20106,insertion,0.6,0.9498522082964579
convnext_small_full,p1_20106,insertion,0.8,0.9613375067710876
convnext_small_full,p1_20106,insertion,1.0,0.9585620363553365
convnext_small_full,p1_20106,random_deletion,0.0,0.9585620363553365
convnext_small_full,p1_20106,random_deletion,0.1,0.9905836383501688
convnext_small_full,p1_20106,random_deletion,0.2,0.9817471901575724
convnext_small_full,p1_20106,random_deletion,0.4,0.9280267357826233
convnext_small_full,p1_20106,random_deletion,0.6,0.9194931586583456
convnext_small_full,p1_20106,random_deletion,0.8,0.9019976456960043
convnext_small_full,p1_20106,random_deletion,1.0,0.7478117744127909
convnext_small_full,p1_20516,deletion,0.0,0.9998710552851359
convnext_small_full,p1_20516,deletion,0.1,0.9985167582829794
convnext_small_full,p1_20516,deletion,0.2,0.9687279264132181
convnext_small_full,p1_20516,deletion,0.4,0.9579962094624838
convnext_small_full,p1_20516,deletion,0.6,0.9288033048311869
convnext_small_full,p1_20516,deletion,0.8,0.6666160225868225
convnext_small_full,p1_20516,deletion,1.0,0.6061659057935079
convnext_small_full,p1_20516,insertion,0.0,0.6061659057935079
convnext_small_full,p1_20516,insertion,0.1,0.9866863886515299
convnext_small_full,p1_20516,insertion,0.2,0.9983770847320557
convnext_small_full,p1_20516,insertion,0.4,0.9992728432019552
convnext_small_full,p1_20516,insertion,0.6,0.9998395442962646
convnext_small_full,p1_20516,insertion,0.8,0.9999062220255533
convnext_small_full,p1_20516,insertion,1.0,0.9998710552851359
convnext_small_full,p1_20516,random_deletion,0.0,0.9998710552851359
convnext_small_full,p1_20516,random_deletion,0.1,0.9993155399958292
convnext_small_full,p1_20516,random_deletion,0.2,0.9994768699010214
convnext_small_full,p1_20516,random_deletion,0.4,0.9908841848373413
convnext_small_full,p1_20516,random_deletion,0.6,0.628189355134964
convnext_small_full,p1_20516,random_deletion,0.8,0.7739196618398031
convnext_small_full,p1_20516,random_deletion,1.0,0.6061659057935079
convnext_small_full,p1_20561,deletion,0.0,0.9830330808957418
convnext_small_full,p1_20561,deletion,0.1,0.967840572198232
convnext_small_full,p1_20561,deletion,0.2,0.9525756041208903
convnext_small_full,p1_20561,deletion,0.4,0.7806216379006704
convnext_small_full,p1_20561,deletion,0.6,0.5785930752754211
convnext_small_full,p1_20561,deletion,0.8,0.4200050085783005
convnext_small_full,p1_20561,deletion,1.0,0.4073425829410553
convnext_small_full,p1_20561,insertion,0.0,0.4073425829410553
convnext_small_full,p1_20561,insertion,0.1,0.6474082767963409
convnext_small_full,p1_20561,insertion,0.2,0.8717825015385946
convnext_small_full,p1_20561,insertion,0.4,0.9889008601506551
convnext_small_full,p1_20561,insertion,0.6,0.9927045504252116
convnext_small_full,p1_20561,insertion,0.8,0.9874100486437479
convnext_small_full,p1_20561,insertion,1.0,0.9830330808957418
convnext_small_full,p1_20561,random_deletion,0.0,0.9830330808957418
convnext_small_full,p1_20561,random_deletion,0.1,0.9852686524391174
convnext_small_full,p1_20561,random_deletion,0.2,0.9853904445966085
convnext_small_full,p1_20561,random_deletion,0.4,0.9803913633028666
convnext_small_full,p1_20561,random_deletion,0.6,0.935398519039154
convnext_small_full,p1_20561,random_deletion,0.8,0.9218087395032247
convnext_small_full,p1_20561,random_deletion,1.0,0.4073425829410553
convnext_small_full,p1_20622,deletion,0.0,0.986176868279775
convnext_small_full,p1_20622,deletion,0.1,0.8844658335049947
convnext_small_full,p1_20622,deletion,0.2,0.7028133869171143
convnext_small_full,p1_20622,deletion,0.4,0.25437388320763904
convnext_small_full,p1_20622,deletion,0.6,0.6252365211645762
convnext_small_full,p1_20622,deletion,0.8,0.4806292454401652
convnext_small_full,p1_20622,deletion,1.0,0.36895569165547687
convnext_small_full,p1_20622,insertion,0.0,0.36895569165547687
convnext_small_full,p1_20622,insertion,0.1,0.7876765529314677
convnext_small_full,p1_20622,insertion,0.2,0.9695128599802653
convnext_small_full,p1_20622,insertion,0.4,0.9919432401657104
convnext_small_full,p1_20622,insertion,0.6,0.986625591913859
convnext_small_full,p1_20622,insertion,0.8,0.9798181255658468
convnext_small_full,p1_20622,insertion,1.0,0.986176868279775
convnext_small_full,p1_20622,random_deletion,0.0,0.986176868279775
convnext_small_full,p1_20622,random_deletion,0.1,0.9273886879285177
convnext_small_full,p1_20622,random_deletion,0.2,0.905116597811381
convnext_small_full,p1_20622,random_deletion,0.4,0.7054484585920969
convnext_small_full,p1_20622,random_deletion,0.6,0.7974352637926737
convnext_small_full,p1_20622,random_deletion,0.8,0.7033566832542419
convnext_small_full,p1_20622,random_deletion,1.0,0.36895569165547687
convnext_small_full,p1_20720,deletion,0.0,0.95108562707901
convnext_small_full,p1_20720,deletion,0.1,0.8437824646631876
convnext_small_full,p1_20720,deletion,0.2,0.7224001884460449
convnext_small_full,p1_20720,deletion,0.4,0.9390902916590372
convnext_small_full,p1_20720,deletion,0.6,0.9075156251589457
convnext_small_full,p1_20720,deletion,0.8,0.9250969886779785
convnext_small_full,p1_20720,deletion,1.0,0.9751524925231934
convnext_small_full,p1_20720,insertion,0.0,0.9751524925231934
convnext_small_full,p1_20720,insertion,0.1,0.9826138814290365
convnext_small_full,p1_20720,insertion,0.2,0.996406078338623
convnext_small_full,p1_20720,insertion,0.4,0.9991835355758667
convnext_small_full,p1_20720,insertion,0.6,0.9991657932599386
convnext_small_full,p1_20720,insertion,0.8,0.9976581533749899
convnext_small_full,p1_20720,insertion,1.0,0.95108562707901
convnext_small_full,p1_20720,random_deletion,0.0,0.95108562707901
convnext_small_full,p1_20720,random_deletion,0.1,0.9393462538719177
convnext_small_full,p1_20720,random_deletion,0.2,0.9869574705759684
convnext_small_full,p1_20720,random_deletion,0.4,0.9921068549156189
convnext_small_full,p1_20720,random_deletion,0.6,0.9988448619842529
convnext_small_full,p1_20720,random_deletion,0.8,0.9976717034975687
convnext_small_full,p1_20720,random_deletion,1.0,0.9751524925231934
convnext_small_full,p1_20784,deletion,0.0,0.9978710015614828
convnext_small_full,p1_20784,deletion,0.1,0.997843325138092
convnext_small_full,p1_20784,deletion,0.2,0.9170239965120951
convnext_small_full,p1_20784,deletion,0.4,0.9565059542655945
convnext_small_full,p1_20784,deletion,0.6,0.9856457710266113
convnext_small_full,p1_20784,deletion,0.8,0.9668925801912943
convnext_small_full,p1_20784,deletion,1.0,0.9872816403706869
convnext_small_full,p1_20784,insertion,0.0,0.9872816403706869
convnext_small_full,p1_20784,insertion,0.1,0.9962432384490967
convnext_small_full,p1_20784,insertion,0.2,0.9992022315661112
convnext_small_full,p1_20784,insertion,0.4,0.9993890523910522
convnext_small_full,p1_20784,insertion,0.6,0.9986263910929362
convnext_small_full,p1_20784,insertion,0.8,0.9969257513682047
convnext_small_full,p1_20784,insertion,1.0,0.9978710015614828
convnext_small_full,p1_20784,random_deletion,0.0,0.9978710015614828
convnext_small_full,p1_20784,random_deletion,0.1,0.9985209306081136
convnext_small_full,p1_20784,random_deletion,0.2,0.9993174076080322
convnext_small_full,p1_20784,random_deletion,0.4,0.9997918009757996
convnext_small_full,p1_20784,random_deletion,0.6,0.9981050888697306
convnext_small_full,p1_20784,random_deletion,0.8,0.9890044530232748
convnext_small_full,p1_20784,random_deletion,1.0,0.9872816403706869
convnext_small_full,p1_20795,deletion,0.0,0.9998861948649088
convnext_small_full,p1_20795,deletion,0.1,0.9993207653363546
convnext_small_full,p1_20795,deletion,0.2,0.9992308417956034
convnext_small_full,p1_20795,deletion,0.4,0.9986957708994547
convnext_small_full,p1_20795,deletion,0.6,0.9987831513086954
convnext_small_full,p1_20795,deletion,0.8,0.9971480568250021
convnext_small_full,p1_20795,deletion,1.0,0.995680034160614
convnext_small_full,p1_20795,insertion,0.0,0.995680034160614
convnext_small_full,p1_20795,insertion,0.1,0.9984789689381918
convnext_small_full,p1_20795,insertion,0.2,0.9996615250905355
convnext_small_full,p1_20795,insertion,0.4,0.9999825557072958
convnext_small_full,p1_20795,insertion,0.6,0.9999632040659586
convnext_small_full,p1_20795,insertion,0.8,0.9999374548594157
convnext_small_full,p1_20795,insertion,1.0,0.9998861948649088
convnext_small_full,p1_20795,random_deletion,0.0,0.9998861948649088
convnext_small_full,p1_20795,random_deletion,0.1,0.9999685684839884
convnext_small_full,p1_20795,random_deletion,0.2,0.999970555305481
convnext_small_full,p1_20795,random_deletion,0.4,0.9998522400856018
convnext_small_full,p1_20795,random_deletion,0.6,0.9999562501907349
convnext_small_full,p1_20795,random_deletion,0.8,0.9998715917269388
convnext_small_full,p1_20795,random_deletion,1.0,0.995680034160614
convnext_small_full,p1_20815,deletion,0.0,0.9999993642171224
convnext_small_full,p1_20815,deletion,0.1,0.9999975760777792
convnext_small_full,p1_20815,deletion,0.2,0.9998180468877157
convnext_small_full,p1_20815,deletion,0.4,0.9592611193656921
convnext_small_full,p1_20815,deletion,0.6,0.9009449283281962
convnext_small_full,p1_20815,deletion,0.8,0.5974713265895844
convnext_small_full,p1_20815,deletion,1.0,0.33669884006182355
convnext_small_full,p1_20815,insertion,0.0,0.33669884006182355
convnext_small_full,p1_20815,insertion,0.1,0.4403284663955371
convnext_small_full,p1_20815,insertion,0.2,0.9878421227137247
convnext_small_full,p1_20815,insertion,0.4,0.9999977350234985
convnext_small_full,p1_20815,insertion,0.6,0.9999993244806925
convnext_small_full,p1_20815,insertion,0.8,0.999999483426412
convnext_small_full,p1_20815,insertion,1.0,0.9999993642171224
convnext_small_full,p1_20815,random_deletion,0.0,0.9999993642171224
convnext_small_full,p1_20815,random_deletion,0.1,0.9999983708063761
convnext_small_full,p1_20815,random_deletion,0.2,0.9999977350234985
convnext_small_full,p1_20815,random_deletion,0.4,0.999993642171224
convnext_small_full,p1_20815,random_deletion,0.6,0.9994363586107889
convnext_small_full,p1_20815,random_deletion,0.8,0.8842908342679342
convnext_small_full,p1_20815,random_deletion,1.0,0.33669884006182355
convnext_small_full,p1_20869,deletion,0.0,0.9974407951037089
convnext_small_full,p1_20869,deletion,0.1,0.9984376827875773
convnext_small_full,p1_20869,deletion,0.2,0.9930658539136251
convnext_small_full,p1_20869,deletion,0.4,0.9456958572069804
convnext_small_full,p1_20869,deletion,0.6,0.9561122457186381
convnext_small_full,p1_20869,deletion,0.8,0.9671920339266459
convnext_small_full,p1_20869,deletion,1.0,0.9736333688100179
convnext_small_full,p1_20869,insertion,0.0,0.9736333688100179
convnext_small_full,p1_20869,insertion,0.1,0.9998034040133158
convnext_small_full,p1_20869,insertion,0.2,0.9997238318125407
convnext_small_full,p1_20869,insertion,0.4,0.9997925758361816
convnext_small_full,p1_20869,insertion,0.6,0.9994417230288187
convnext_small_full,p1_20869,insertion,0.8,0.9990521272023519
convnext_small_full,p1_20869,insertion,1.0,0.9974407951037089
convnext_small_full,p1_20869,random_deletion,0.0,0.9974407951037089
convnext_small_full,p1_20869,random_deletion,0.1,0.9969573616981506
convnext_small_full,p1_20869,random_deletion,0.2,0.9978923002878824
convnext_small_full,p1_20869,random_deletion,0.4,0.9988917509714762
convnext_small_full,p1_20869,random_deletion,0.6,0.9997998476028442
convnext_small_full,p1_20869,random_deletion,0.8,0.9990928371747335
convnext_small_full,p1_20869,random_deletion,1.0,0.9736333688100179
convnext_small_full,p1_20899,deletion,0.0,0.9992016156514486
convnext_small_full,p1_20899,deletion,0.1,0.9910659790039062
convnext_small_full,p1_20899,deletion,0.2,0.9495909611384074
convnext_small_full,p1_20899,deletion,0.4,0.8210737506548563
convnext_small_full,p1_20899,deletion,0.6,0.7925520141919454
convnext_small_full,p1_20899,deletion,0.8,0.9147012233734131
convnext_small_full,p1_20899,deletion,1.0,0.8807428280512491
convnext_small_full,p1_20899,insertion,0.0,0.8807428280512491
convnext_small_full,p1_20899,insertion,0.1,0.9841817617416382
convnext_small_full,p1_20899,insertion,0.2,0.9929494063059489
convnext_small_full,p1_20899,insertion,0.4,0.9989330172538757
convnext_small_full,p1_20899,insertion,0.6,0.9988705913225809
convnext_small_full,p1_20899,insertion,0.8,0.9993526140848795
convnext_small_full,p1_20899,insertion,1.0,0.9992016156514486
convnext_small_full,p1_20899,random_deletion,0.0,0.9992016156514486
convnext_small_full,p1_20899,random_deletion,0.1,0.9990391929944357
convnext_small_full,p1_20899,random_deletion,0.2,0.9954518874486288
convnext_small_full,p1_20899,random_deletion,0.4,0.9610728621482849
convnext_small_full,p1_20899,random_deletion,0.6,0.8573354880015055
convnext_small_full,p1_20899,random_deletion,0.8,0.9425183335940043
convnext_small_full,p1_20899,random_deletion,1.0,0.8807428280512491
convnext_small_full,p1_21122,deletion,0.0,0.9999951521555582
convnext_small_full,p1_21122,deletion,0.1,0.9999067783355713
convnext_small_full,p1_21122,deletion,0.2,0.89481254418691
convnext_small_full,p1_21122,deletion,0.4,0.09366268167893092
convnext_small_full,p1_21122,deletion,0.6,0.20452772825956345
convnext_small_full,p1_21122,deletion,0.8,0.20928496370712915
convnext_small_full,p1_21122,deletion,1.0,0.5547052025794983
convnext_small_full,p1_21122,insertion,0.0,0.5547052025794983
convnext_small_full,p1_21122,insertion,0.1,0.9513372182846069
convnext_small_full,p1_21122,insertion,0.2,0.995367149511973
convnext_small_full,p1_21122,insertion,0.4,0.9999542633692423
convnext_small_full,p1_21122,insertion,0.6,0.9999857743581136
convnext_small_full,p1_21122,insertion,0.8,0.9999918142954508
convnext_small_full,p1_21122,insertion,1.0,0.9999951521555582
convnext_small_full,p1_21122,random_deletion,0.0,0.9999951521555582
convnext_small_full,p1_21122,random_deletion,0.1,0.9999971389770508
convnext_small_full,p1_21122,random_deletion,0.2,0.9999953905741373
convnext_small_full,p1_21122,random_deletion,0.4,0.9999963045120239
convnext_small_full,p1_21122,random_deletion,0.6,0.6584943532943726
convnext_small_full,p1_21122,random_deletion,0.8,0.1504086715479692
convnext_small_full,p1_21122,random_deletion,1.0,0.5547052025794983
convnext_small_full,p1_21492,deletion,0.0,0.9997554818789164
convnext_small_full,p1_21492,deletion,0.1,0.9888579448064169
convnext_small_full,p1_21492,deletion,0.2,0.9200613300005595
convnext_small_full,p1_21492,deletion,0.4,0.5540532171726227
convnext_small_full,p1_21492,deletion,0.6,0.15373812367518744
convnext_small_full,p1_21492,deletion,0.8,0.07441392665108044
convnext_small_full,p1_21492,deletion,1.0,0.04807286895811558
convnext_small_full,p1_21492,insertion,0.0,0.04807286895811558
convnext_small_full,p1_21492,insertion,0.1,0.03004377211133639
convnext_small_full,p1_21492,insertion,0.2,0.11991554871201515
convnext_small_full,p1_21492,insertion,0.4,0.8570334911346436
convnext_small_full,p1_21492,insertion,0.6,0.9991335868835449
convnext_small_full,p1_21492,insertion,0.8,0.9984492262204488
convnext_small_full,p1_21492,insertion,1.0,0.9997554818789164
convnext_small_full,p1_21492,random_deletion,0.0,0.9997554818789164
convnext_small_full,p1_21492,random_deletion,0.1,0.9992287357648214
convnext_small_full,p1_21492,random_deletion,0.2,0.911777396996816
convnext_small_full,p1_21492,random_deletion,0.4,0.9590904513994852
convnext_small_full,p1_21492,random_deletion,0.6,0.047009045258164406
convnext_small_full,p1_21492,random_deletion,0.8,0.12287234390775363
convnext_small_full,p1_21492,random_deletion,1.0,0.04807286895811558
convnext_small_full,p1_21643,deletion,0.0,0.9945726990699768
convnext_small_full,p1_21643,deletion,0.1,0.8340892394383749
convnext_small_full,p1_21643,deletion,0.2,0.2835241773476203
convnext_small_full,p1_21643,deletion,0.4,0.587833434343338
convnext_small_full,p1_21643,deletion,0.6,0.5395080943902334
convnext_small_full,p1_21643,deletion,0.8,0.3378055989742279
convnext_small_full,p1_21643,deletion,1.0,0.27551155785719555
convnext_small_full,p1_21643,insertion,0.0,0.27551155785719555
convnext_small_full,p1_21643,insertion,0.1,0.9695023894309998
convnext_small_full,p1_21643,insertion,0.2,0.9839345018068949
convnext_small_full,p1_21643,insertion,0.4,0.9978748559951782
convnext_small_full,p1_21643,insertion,0.6,0.9983889659245809
convnext_small_full,p1_21643,insertion,0.8,0.9927163124084473
convnext_small_full,p1_21643,insertion,1.0,0.9945726990699768
convnext_small_full,p1_21643,random_deletion,0.0,0.9945726990699768
convnext_small_full,p1_21643,random_deletion,0.1,0.9997250437736511
convnext_small_full,p1_21643,random_deletion,0.2,0.9983410835266113
convnext_small_full,p1_21643,random_deletion,0.4,0.9925765593846639
convnext_small_full,p1_21643,random_deletion,0.6,0.9925534327824911
convnext_small_full,p1_21643,random_deletion,0.8,0.9168804287910461
convnext_small_full,p1_21643,random_deletion,1.0,0.27551155785719555
convnext_small_full,p1_21703,deletion,0.0,0.9999221563339233
convnext_small_full,p1_21703,deletion,0.1,0.9996843338012695
convnext_small_full,p1_21703,deletion,0.2,0.9999008774757385
convnext_small_full,p1_21703,deletion,0.4,0.9983639717102051
convnext_small_full,p1_21703,deletion,0.6,0.9983904957771301
convnext_small_full,p1_21703,deletion,0.8,0.9659972588221232
convnext_small_full,p1_21703,deletion,1.0,0.9782700935999552
convnext_small_full,p1_21703,insertion,0.0,0.9782700935999552
convnext_small_full,p1_21703,insertion,0.1,0.9581232865651449
convnext_small_full,p1_21703,insertion,0.2,0.9973668058713278
convnext_small_full,p1_21703,insertion,0.4,0.9960136413574219
convnext_small_full,p1_21703,insertion,0.6,0.9918293754259745
convnext_small_full,p1_21703,insertion,0.8,0.9995132883389791
convnext_small_full,p1_21703,insertion,1.0,0.9999221563339233
convnext_small_full,p1_21703,random_deletion,0.0,0.9999221563339233
convnext_small_full,p1_21703,random_deletion,0.1,0.9999357859293619
convnext_small_full,p1_21703,random_deletion,0.2,0.9999538660049438
convnext_small_full,p1_21703,random_deletion,0.4,0.9999141693115234
convnext_small_full,p1_21703,random_deletion,0.6,0.9997797807057699
convnext_small_full,p1_21703,random_deletion,0.8,0.9903615117073059
convnext_small_full,p1_21703,random_deletion,1.0,0.9782700935999552
convnext_small_full,p1_21897,deletion,0.0,0.9996384580930074
convnext_small_full,p1_21897,deletion,0.1,0.9581076502799988
convnext_small_full,p1_21897,deletion,0.2,0.9995239973068237
convnext_small_full,p1_21897,deletion,0.4,0.9967006047566732
convnext_small_full,p1_21897,deletion,0.6,0.9738313357035319
convnext_small_full,p1_21897,deletion,0.8,0.7755880057811737
convnext_small_full,p1_21897,deletion,1.0,0.6004815498987833
convnext_small_full,p1_21897,insertion,0.0,0.6004815498987833
convnext_small_full,p1_21897,insertion,0.1,0.9528526266415914
convnext_small_full,p1_21897,insertion,0.2,0.9330078959465027
convnext_small_full,p1_21897,insertion,0.4,0.9976114630699158
convnext_small_full,p1_21897,insertion,0.6,0.9982535640398661
convnext_small_full,p1_21897,insertion,0.8,0.9986844062805176
convnext_small_full,p1_21897,insertion,1.0,0.9996384580930074
convnext_small_full,p1_21897,random_deletion,0.0,0.9996384580930074
convnext_small_full,p1_21897,random_deletion,0.1,0.9989492098490397
convnext_small_full,p1_21897,random_deletion,0.2,0.9968050916989645
convnext_small_full,p1_21897,random_deletion,0.4,0.9995449582735697
convnext_small_full,p1_21897,random_deletion,0.6,0.998588482538859
convnext_small_full,p1_21897,random_deletion,0.8,0.9476956129074097
convnext_small_full,p1_21897,random_deletion,1.0,0.6004815498987833
convnext_small_full,p1_22034,deletion,0.0,0.9999985694885254
convnext_small_full,p1_22034,deletion,0.1,0.08541569362084071
convnext_small_full,p1_22034,deletion,0.2,0.0943648728231589
convnext_small_full,p1_22034,deletion,0.4,0.015289301052689552
convnext_small_full,p1_22034,deletion,0.6,0.019424648645023506
convnext_small_full,p1_22034,deletion,0.8,0.0178908488402764
convnext_small_full,p1_22034,deletion,1.0,0.026845379422108333
convnext_small_full,p1_22034,insertion,0.0,0.026845379422108333
convnext_small_full,p1_22034,insertion,0.1,0.9997379382451376
convnext_small_full,p1_22034,insertion,0.2,0.9440232515335083
convnext_small_full,p1_22034,insertion,0.4,0.9999429782231649
convnext_small_full,p1_22034,insertion,0.6,0.9999689261118571
convnext_small_full,p1_22034,insertion,0.8,0.999985138575236
convnext_small_full,p1_22034,insertion,1.0,0.9999985694885254
convnext_small_full,p1_22034,random_deletion,0.0,0.9999985694885254
convnext_small_full,p1_22034,random_deletion,0.1,0.9999978939692179
convnext_small_full,p1_22034,random_deletion,0.2,0.9999963442484537
convnext_small_full,p1_22034,random_deletion,0.4,0.999860684076945
convnext_small_full,p1_22034,random_deletion,0.6,0.9995750188827515
convnext_small_full,p1_22034,random_deletion,0.8,0.011598580672095219
convnext_small_full,p1_22034,random_deletion,1.0,0.026845379422108333
convnext_small_full,p1_22274,deletion,0.0,0.9999918142954508
convnext_small_full,p1_22274,deletion,0.1,0.9999244213104248
convnext_small_full,p1_22274,deletion,0.2,0.42225557565689087
convnext_small_full,p1_22274,deletion,0.4,0.00797415648897489
convnext_small_full,p1_22274,deletion,0.6,0.0002065856430514638
convnext_small_full,p1_22274,deletion,0.8,0.0001539162921441554
convnext_small_full,p1_22274,deletion,1.0,4.5399808489795156e-05
convnext_small_full,p1_22274,insertion,0.0,4.5399808489795156e-05
convnext_small_full,p1_22274,insertion,0.1,0.0002671136981765206
convnext_small_full,p1_22274,insertion,0.2,0.368524506688118
convnext_small_full,p1_22274,insertion,0.4,0.9999144872029623
convnext_small_full,p1_22274,insertion,0.6,0.9999499320983887
convnext_small_full,p1_22274,insertion,0.8,0.9999469121297201
convnext_small_full,p1_22274,insertion,1.0,0.9999918142954508
convnext_small_full,p1_22274,random_deletion,0.0,0.9999918142954508
convnext_small_full,p1_22274,random_deletion,0.1,0.9999808867772421
convnext_small_full,p1_22274,random_deletion,0.2,0.9992749492327372
convnext_small_full,p1_22274,random_deletion,0.4,0.9998064041137695
convnext_small_full,p1_22274,random_deletion,0.6,0.2759593923886617
convnext_small_full,p1_22274,random_deletion,0.8,0.0053530325725053745
convnext_small_full,p1_22274,random_deletion,1.0,4.5399808489795156e-05
convnext_small_full,p1_22293,deletion,0.0,0.8824357986450195
convnext_small_full,p1_22293,deletion,0.1,0.9510613083839417
convnext_small_full,p1_22293,deletion,0.2,0.8374358614285787
convnext_small_full,p1_22293,deletion,0.4,0.4176960388819377
convnext_small_full,p1_22293,deletion,0.6,0.5362034539381663
convnext_small_full,p1_22293,deletion,0.8,0.5868780612945557
convnext_small_full,p1_22293,deletion,1.0,0.8991998632748922
convnext_small_full,p1_22293,insertion,0.0,0.8991998632748922
convnext_small_full,p1_22293,insertion,0.1,0.9641614158948263
convnext_small_full,p1_22293,insertion,0.2,0.9650296370188395
convnext_small_full,p1_22293,insertion,0.4,0.9879657427469889
convnext_small_full,p1_22293,insertion,0.6,0.9621947010358175
convnext_small_full,p1_22293,insertion,0.8,0.9830743670463562
convnext_small_full,p1_22293,insertion,1.0,0.8824357986450195
convnext_small_full,p1_22293,random_deletion,0.0,0.8824357986450195
convnext_small_full,p1_22293,random_deletion,0.1,0.8938993414243063
convnext_small_full,p1_22293,random_deletion,0.2,0.8903534213701884
convnext_small_full,p1_22293,random_deletion,0.4,0.8614842693010966
convnext_small_full,p1_22293,random_deletion,0.6,0.8270397384961446
convnext_small_full,p1_22293,random_deletion,0.8,0.9536208709081014
convnext_small_full,p1_22293,random_deletion,1.0,0.8991998632748922
convnext_small_full,p1_22450,deletion,0.0,0.9960617621739706
convnext_small_full,p1_22450,deletion,0.1,0.08922756121804316
convnext_small_full,p1_22450,deletion,0.2,0.03406103141605854
convnext_small_full,p1_22450,deletion,0.4,0.027534067980013788
convnext_small_full,p1_22450,deletion,0.6,0.02637879391356061
convnext_small_full,p1_22450,deletion,0.8,0.004269220555822055
convnext_small_full,p1_22450,deletion,1.0,0.02388663760696848
convnext_small_full,p1_22450,insertion,0.0,0.02388663760696848
convnext_small_full,p1_22450,insertion,0.1,0.7806215087572733
convnext_small_full,p1_22450,insertion,0.2,0.9222955505053202
convnext_small_full,p1_22450,insertion,0.4,0.9467965761820475
convnext_small_full,p1_22450,insertion,0.6,0.9617379705111185
convnext_small_full,p1_22450,insertion,0.8,0.9950624704360962
convnext_small_full,p1_22450,insertion,1.0,0.9960617621739706
convnext_small_full,p1_22450,random_deletion,0.0,0.9960617621739706
convnext_small_full,p1_22450,random_deletion,0.1,0.9955834746360779
convnext_small_full,p1_22450,random_deletion,0.2,0.7003065645694733
convnext_small_full,p1_22450,random_deletion,0.4,0.008817623641031483
convnext_small_full,p1_22450,random_deletion,0.6,0.001573478803038597
convnext_small_full,p1_22450,random_deletion,0.8,7.567023324857776e-05
convnext_small_full,p1_22450,random_deletion,1.0,0.02388663760696848
convnext_small_full,p1_22625,deletion,0.0,0.998393177986145
convnext_small_full,p1_22625,deletion,0.1,0.9937088489532471
convnext_small_full,p1_22625,deletion,0.2,0.9346996347109476
convnext_small_full,p1_22625,deletion,0.4,0.7688712279001871
convnext_small_full,p1_22625,deletion,0.6,0.8162653048833212
convnext_small_full,p1_22625,deletion,0.8,0.822614590326945
convnext_small_full,p1_22625,deletion,1.0,0.6971301039059957
convnext_small_full,p1_22625,insertion,0.0,0.6971301039059957
convnext_small_full,p1_22625,insertion,0.1,0.898600180943807
convnext_small_full,p1_22625,insertion,0.2,0.9866041739781698
convnext_small_full,p1_22625,insertion,0.4,0.9982162714004517
convnext_small_full,p1_22625,insertion,0.6,0.9979226390520731
convnext_small_full,p1_22625,insertion,0.8,0.9989849925041199
convnext_small_full,p1_22625,insertion,1.0,0.998393177986145
convnext_small_full,p1_22625,random_deletion,0.0,0.998393177986145
convnext_small_full,p1_22625,random_deletion,0.1,0.99301145474116
convnext_small_full,p1_22625,random_deletion,0.2,0.9867952267328898
convnext_small_full,p1_22625,random_deletion,0.4,0.9583582282066345
convnext_small_full,p1_22625,random_deletion,0.6,0.9718104402224222
convnext_small_full,p1_22625,random_deletion,0.8,0.47592878341674805
convnext_small_full,p1_22625,random_deletion,1.0,0.6971301039059957
convnext_small_full,p1_22668,deletion,0.0,0.8270159761110941
convnext_small_full,p1_22668,deletion,0.1,0.3201029400030772
convnext_small_full,p1_22668,deletion,0.2,0.08692202686021726
convnext_small_full,p1_22668,deletion,0.4,0.20565280318260193
convnext_small_full,p1_22668,deletion,0.6,0.2763497792184353
convnext_small_full,p1_22668,deletion,0.8,0.45661160349845886
convnext_small_full,p1_22668,deletion,1.0,0.8728774587313334
convnext_small_full,p1_22668,insertion,0.0,0.8728774587313334
convnext_small_full,p1_22668,insertion,0.1,0.9822338223457336
convnext_small_full,p1_22668,insertion,0.2,0.9951088428497314
convnext_small_full,p1_22668,insertion,0.4,0.9902685483296713
convnext_small_full,p1_22668,insertion,0.6,0.9512125452359518
convnext_small_full,p1_22668,insertion,0.8,0.8904298345247904
convnext_small_full,p1_22668,insertion,1.0,0.8270159761110941
convnext_small_full,p1_22668,random_deletion,0.0,0.8270159761110941
convnext_small_full,p1_22668,random_deletion,0.1,0.5771046380201975
convnext_small_full,p1_22668,random_deletion,0.2,0.5572595496972402
convnext_small_full,p1_22668,random_deletion,0.4,0.804537832736969
convnext_small_full,p1_22668,random_deletion,0.6,0.404828021923701
convnext_small_full,p1_22668,random_deletion,0.8,0.7439152002334595
convnext_small_full,p1_22668,random_deletion,1.0,0.8728774587313334
convnext_small_full,p1_22983,deletion,0.0,0.999974528948466
convnext_small_full,p1_22983,deletion,0.1,0.4587715069452922
convnext_small_full,p1_22983,deletion,0.2,0.18698159605264664
convnext_small_full,p1_22983,deletion,0.4,0.2760547995567322
convnext_small_full,p1_22983,deletion,0.6,0.33128692706425983
convnext_small_full,p1_22983,deletion,0.8,0.16418146093686423
convnext_small_full,p1_22983,deletion,1.0,0.39700983961423236
convnext_small_full,p1_22983,insertion,0.0,0.39700983961423236
convnext_small_full,p1_22983,insertion,0.1,0.9999115864435831
convnext_small_full,p1_22983,insertion,0.2,0.9998106360435486
convnext_small_full,p1_22983,insertion,0.4,0.999917467435201
convnext_small_full,p1_22983,insertion,0.6,0.9999482234319051
convnext_small_full,p1_22983,insertion,0.8,0.9999510447184244
convnext_small_full,p1_22983,insertion,1.0,0.999974528948466
convnext_small_full,p1_22983,random_deletion,0.0,0.999974528948466
convnext_small_full,p1_22983,random_deletion,0.1,0.9999810457229614
convnext_small_full,p1_22983,random_deletion,0.2,0.9999733368555704
convnext_small_full,p1_22983,random_deletion,0.4,0.9998762011528015
convnext_small_full,p1_22983,random_deletion,0.6,0.8992075125376383
convnext_small_full,p1_22983,random_deletion,0.8,0.13084314515193304
convnext_small_full,p1_22983,random_deletion,1.0,0.39700983961423236
convnext_small_full,p1_23124,deletion,0.0,0.999711255232493
convnext_small_full,p1_23124,deletion,0.1,0.9990119139353434
convnext_small_full,p1_23124,deletion,0.2,0.9934314886728922
convnext_small_full,p1_23124,deletion,0.4,0.959928015867869
convnext_small_full,p1_23124,deletion,0.6,0.9826890031496683
convnext_small_full,p1_23124,deletion,0.8,0.9834612806638082
convnext_small_full,p1_23124,deletion,1.0,0.8976820111274719
convnext_small_full,p1_23124,insertion,0.0,0.8976820111274719
convnext_small_full,p1_23124,insertion,0.1,0.973434567451477
convnext_small_full,p1_23124,insertion,0.2,0.9616220593452454
convnext_small_full,p1_23124,insertion,0.4,0.9935943682988485
convnext_small_full,p1_23124,insertion,0.6,0.9989885886510214
convnext_small_full,p1_23124,insertion,0.8,0.9985429445902506
convnext_small_full,p1_23124,insertion,1.0,0.999711255232493
convnext_small_full,p1_23124,random_deletion,0.0,0.999711255232493
convnext_small_full,p1_23124,random_deletion,0.1,0.9997355937957764
convnext_small_full,p1_23124,random_deletion,0.2,0.9992328484853109
convnext_small_full,p1_23124,random_deletion,0.4,0.9975151220957438
convnext_small_full,p1_23124,random_deletion,0.6,0.9968032638231913
convnext_small_full,p1_23124,random_deletion,0.8,0.9404335220654806
convnext_small_full,p1_23124,random_deletion,1.0,0.8976820111274719
convnext_small_full,p1_23163,deletion,0.0,0.9999996423721313
convnext_small_full,p1_23163,deletion,0.1,0.23411944011847177
convnext_small_full,p1_23163,deletion,0.2,0.07857065399487813
convnext_small_full,p1_23163,deletion,0.4,0.07594278765221436
convnext_small_full,p1_23163,deletion,0.6,0.05771110796680053
convnext_small_full,p1_23163,deletion,0.8,0.07250016337881486
convnext_small_full,p1_23163,deletion,1.0,0.11102479323744774
convnext_small_full,p1_23163,insertion,0.0,0.11102479323744774
convnext_small_full,p1_23163,insertion,0.1,0.9999882777531942
convnext_small_full,p1_23163,insertion,0.2,0.9999987681706747
convnext_small_full,p1_23163,insertion,0.4,0.9999995628992716
convnext_small_full,p1_23163,insertion,0.6,0.9999996821085612
convnext_small_full,p1_23163,insertion,0.8,0.999999483426412
convnext_small_full,p1_23163,insertion,1.0,0.9999996423721313
convnext_small_full,p1_23163,random_deletion,0.0,0.9999996423721313
convnext_small_full,p1_23163,random_deletion,0.1,0.9999998013178507
convnext_small_full,p1_23163,random_deletion,0.2,0.9999998013178507
convnext_small_full,p1_23163,random_deletion,0.4,0.999998132387797
convnext_small_full,p1_23163,random_deletion,0.6,0.9997723499933878
convnext_small_full,p1_23163,random_deletion,0.8,0.054722133403023086
convnext_small_full,p1_23163,random_deletion,1.0,0.11102479323744774
convnext_small_full,p1_23244,deletion,0.0,0.9999996026357015
convnext_small_full,p1_23244,deletion,0.1,0.9999871651331583
convnext_small_full,p1_23244,deletion,0.2,0.9878511627515157
convnext_small_full,p1_23244,deletion,0.4,0.9798742135365804
convnext_small_full,p1_23244,deletion,0.6,0.9988065759340922
convnext_small_full,p1_23244,deletion,0.8,0.998643716176351
convnext_small_full,p1_23244,deletion,1.0,0.9774654110272726
convnext_small_full,p1_23244,insertion,0.0,0.9774654110272726
convnext_small_full,p1_23244,insertion,0.1,0.9989819327990214
convnext_small_full,p1_23244,insertion,0.2,0.9999872048695883
convnext_small_full,p1_23244,insertion,0.4,0.9999986092249552
convnext_small_full,p1_23244,insertion,0.6,0.9999997218449911
convnext_small_full,p1_23244,insertion,0.8,0.9999997615814209
convnext_small_full,p1_23244,insertion,1.0,0.9999996026357015
convnext_small_full,p1_23244,random_deletion,0.0,0.9999996026357015
convnext_small_full,p1_23244,random_deletion,0.1,0.9999998013178507
convnext_small_full,p1_23244,random_deletion,0.2,0.9999994436899821
convnext_small_full,p1_23244,random_deletion,0.4,0.9999988079071045
convnext_small_full,p1_23244,random_deletion,0.6,0.999969998995463
convnext_small_full,p1_23244,random_deletion,0.8,0.9996693332990011
convnext_small_full,p1_23244,random_deletion,1.0,0.9774654110272726
convnext_small_full,p1_23254,deletion,0.0,0.9998854796091715
convnext_small_full,p1_23254,deletion,0.1,0.9992470741271973
convnext_small_full,p1_23254,deletion,0.2,0.9902523358662924
convnext_small_full,p1_23254,deletion,0.4,0.7382225592931112
convnext_small_full,p1_23254,deletion,0.6,0.9150714874267578
convnext_small_full,p1_23254,deletion,0.8,0.9310517509778341
convnext_small_full,p1_23254,deletion,1.0,0.8942423860232035
convnext_small_full,p1_23254,insertion,0.0,0.8942423860232035
convnext_small_full,p1_23254,insertion,0.1,0.9962339798609415
convnext_small_full,p1_23254,insertion,0.2,0.9989867409070333
convnext_small_full,p1_23254,insertion,0.4,0.9997652173042297
convnext_small_full,p1_23254,insertion,0.6,0.9998164574305216
convnext_small_full,p1_23254,insertion,0.8,0.9998591939608256
convnext_small_full,p1_23254,insertion,1.0,0.9998854796091715
convnext_small_full,p1_23254,random_deletion,0.0,0.9998854796091715
convnext_small_full,p1_23254,random_deletion,0.1,0.9999104340871176
convnext_small_full,p1_23254,random_deletion,0.2,0.9998526771863302
convnext_small_full,p1_23254,random_deletion,0.4,0.9993776281674703
convnext_small_full,p1_23254,random_deletion,0.6,0.9920668204625448
convnext_small_full,p1_23254,random_deletion,0.8,0.8710865577061971
convnext_small_full,p1_23254,random_deletion,1.0,0.8942423860232035
convnext_small_full,p1_23338,deletion,0.0,0.9336960117022196
convnext_small_full,p1_23338,deletion,0.1,0.8308573762575785
convnext_small_full,p1_23338,deletion,0.2,0.7027245163917542
convnext_small_full,p1_23338,deletion,0.4,0.45590366423130035
convnext_small_full,p1_23338,deletion,0.6,0.5609806279341379
convnext_small_full,p1_23338,deletion,0.8,0.15747051686048508
convnext_small_full,p1_23338,deletion,1.0,0.0878102866311868
convnext_small_full,p1_23338,insertion,0.0,0.0878102866311868
convnext_small_full,p1_23338,insertion,0.1,0.27508820096651715
convnext_small_full,p1_23338,insertion,0.2,0.44046903649965924
convnext_small_full,p1_23338,insertion,0.4,0.6008589764436086
convnext_small_full,p1_23338,insertion,0.6,0.7890283266703287
convnext_small_full,p1_23338,insertion,0.8,0.9872200091679891
convnext_small_full,p1_23338,insertion,1.0,0.9336960117022196
convnext_small_full,p1_23338,random_deletion,0.0,0.9336960117022196
convnext_small_full,p1_23338,random_deletion,0.1,0.3650529682636261
convnext_small_full,p1_23338,random_deletion,0.2,0.7018212676048279
convnext_small_full,p1_23338,random_deletion,0.4,0.043828275675574936
convnext_small_full,p1_23338,random_deletion,0.6,0.2223402907450994
convnext_small_full,p1_23338,random_deletion,0.8,0.2955581670006116
convnext_small_full,p1_23338,random_deletion,1.0,0.0878102866311868
convnext_small_full,p1_23576,deletion,0.0,0.9994701345761617
convnext_small_full,p1_23576,deletion,0.1,0.9961020946502686
convnext_small_full,p1_23576,deletion,0.2,0.8347210089365641
convnext_small_full,p1_23576,deletion,0.4,0.3313678577542305
convnext_small_full,p1_23576,deletion,0.6,0.17735770344734192
convnext_small_full,p1_23576,deletion,0.8,0.19605450332164764
convnext_small_full,p1_23576,deletion,1.0,0.10392151897152264
convnext_small_full,p1_23576,insertion,0.0,0.10392151897152264
convnext_small_full,p1_23576,insertion,0.1,0.8895267844200134
convnext_small_full,p1_23576,insertion,0.2,0.9828280806541443
convnext_small_full,p1_23576,insertion,0.4,0.9974588751792908
convnext_small_full,p1_23576,insertion,0.6,0.9992796579996744
convnext_small_full,p1_23576,insertion,0.8,0.9994757175445557
convnext_small_full,p1_23576,insertion,1.0,0.9994701345761617
convnext_small_full,p1_23576,random_deletion,0.0,0.9994701345761617
convnext_small_full,p1_23576,random_deletion,0.1,0.9996577699979147
convnext_small_full,p1_23576,random_deletion,0.2,0.9977417389551798
convnext_small_full,p1_23576,random_deletion,0.4,0.8513782421747843
convnext_small_full,p1_23576,random_deletion,0.6,0.9965034127235413
convnext_small_full,p1_23576,random_deletion,0.8,0.967821737130483
convnext_small_full,p1_23576,random_deletion,1.0,0.10392151897152264
convnext_small_full,p1_23738,deletion,0.0,0.9999692440032959
convnext_small_full,p1_23738,deletion,0.1,0.9604443907737732
convnext_small_full,p1_23738,deletion,0.2,0.5365855991840363
convnext_small_full,p1_23738,deletion,0.4,0.1414464389284452
convnext_small_full,p1_23738,deletion,0.6,0.11154587815205257
convnext_small_full,p1_23738,deletion,0.8,0.17496783037980398
convnext_small_full,p1_23738,deletion,1.0,0.181593989332517
convnext_small_full,p1_23738,insertion,0.0,0.181593989332517
convnext_small_full,p1_23738,insertion,0.1,0.9989786545435587
convnext_small_full,p1_23738,insertion,0.2,0.9991000294685364
convnext_small_full,p1_23738,insertion,0.4,0.9999952713648478
convnext_small_full,p1_23738,insertion,0.6,0.9999871651331583
convnext_small_full,p1_23738,insertion,0.8,0.9999593496322632
convnext_small_full,p1_23738,insertion,1.0,0.9999692440032959
convnext_small_full,p1_23738,random_deletion,0.0,0.9999692440032959
convnext_small_full,p1_23738,random_deletion,0.1,0.9999610185623169
convnext_small_full,p1_23738,random_deletion,0.2,0.985867440700531
convnext_small_full,p1_23738,random_deletion,0.4,0.1662775774796804
convnext_small_full,p1_23738,random_deletion,0.6,0.3355994125207265
convnext_small_full,p1_23738,random_deletion,0.8,0.03291150275617838
convnext_small_full,p1_23738,random_deletion,1.0,0.181593989332517
convnext_small_full,p1_23875,deletion,0.0,0.9955865343411764
convnext_small_full,p1_23875,deletion,0.1,0.9784312049547831
convnext_small_full,p1_23875,deletion,0.2,0.9395370880762736
convnext_small_full,p1_23875,deletion,0.4,0.9708956877390543
convnext_small_full,p1_23875,deletion,0.6,0.8300466338793436
convnext_small_full,p1_23875,deletion,0.8,0.9587863087654114
convnext_small_full,p1_23875,deletion,1.0,0.9873754779497782
convnext_small_full,p1_23875,insertion,0.0,0.9873754779497782
convnext_small_full,p1_23875,insertion,0.1,0.9531249602635702
convnext_small_full,p1_23875,insertion,0.2,0.9908787608146667
convnext_small_full,p1_23875,insertion,0.4,0.9980506896972656
convnext_small_full,p1_23875,insertion,0.6,0.9990045030911764
convnext_small_full,p1_23875,insertion,0.8,0.9984122713406881
convnext_small_full,p1_23875,insertion,1.0,0.9955865343411764
convnext_small_full,p1_23875,random_deletion,0.0,0.9955865343411764
convnext_small_full,p1_23875,random_deletion,0.1,0.9934433301289877
convnext_small_full,p1_23875,random_deletion,0.2,0.9823124408721924
convnext_small_full,p1_23875,random_deletion,0.4,0.9915128151575724
convnext_small_full,p1_23875,random_deletion,0.6,0.979627788066864
convnext_small_full,p1_23875,random_deletion,0.8,0.9559638500213623
convnext_small_full,p1_23875,random_deletion,1.0,0.9873754779497782
convnext_small_full,p1_23900,deletion,0.0,0.9999304612477621
convnext_small_full,p1_23900,deletion,0.1,0.9999161163965861
convnext_small_full,p1_23900,deletion,0.2,0.9998313585917155
convnext_small_full,p1_23900,deletion,0.4,0.9993351300557455
convnext_small_full,p1_23900,deletion,0.6,0.9951591690381368
convnext_small_full,p1_23900,deletion,0.8,0.9374731580416361
convnext_small_full,p1_23900,deletion,1.0,0.9940889477729797
convnext_small_full,p1_23900,insertion,0.0,0.9940889477729797
convnext_small_full,p1_23900,insertion,0.1,0.9927943150202433
convnext_small_full,p1_23900,insertion,0.2,0.9845226208368937
convnext_small_full,p1_23900,insertion,0.4,0.9708919723828634
convnext_small_full,p1_23900,insertion,0.6,0.9980485041936239
convnext_small_full,p1_23900,insertion,0.8,0.9999376138051351
convnext_small_full,p1_23900,insertion,1.0,0.9999304612477621
convnext_small_full,p1_23900,random_deletion,0.0,0.9999304612477621
convnext_small_full,p1_23900,random_deletion,0.1,0.9999410311381022
convnext_small_full,p1_23900,random_deletion,0.2,0.9999474684397379
convnext_small_full,p1_23900,random_deletion,0.4,0.999905526638031
convnext_small_full,p1_23900,random_deletion,0.6,0.999529242515564
convnext_small_full,p1_23900,random_deletion,0.8,0.9951279362042745
convnext_small_full,p1_23900,random_deletion,1.0,0.9940889477729797
convnext_small_full,p1_23979,deletion,0.0,0.8002361257870992
convnext_small_full,p1_23979,deletion,0.1,0.9647940198580424
convnext_small_full,p1_23979,deletion,0.2,0.6491191685199738
convnext_small_full,p1_23979,deletion,0.4,0.30559319506088894
convnext_small_full,p1_23979,deletion,0.6,0.6049147844314575
convnext_small_full,p1_23979,deletion,0.8,0.972784161567688
convnext_small_full,p1_23979,deletion,1.0,0.9847825964291891
convnext_small_full,p1_23979,insertion,0.0,0.9847825964291891
convnext_small_full,p1_23979,insertion,0.1,0.9566245079040527
convnext_small_full,p1_23979,insertion,0.2,0.9886899789174398
convnext_small_full,p1_23979,insertion,0.4,0.9890495737393697
convnext_small_full,p1_23979,insertion,0.6,0.8642464280128479
convnext_small_full,p1_23979,insertion,0.8,0.8305097818374634
convnext_small_full,p1_23979,insertion,1.0,0.8002361257870992
convnext_small_full,p1_23979,random_deletion,0.0,0.8002361257870992
convnext_small_full,p1_23979,random_deletion,0.1,0.9058587948481241
convnext_small_full,p1_23979,random_deletion,0.2,0.9006345669428507
convnext_small_full,p1_23979,random_deletion,0.4,0.963646392027537
convnext_small_full,p1_23979,random_deletion,0.6,0.9974170923233032
convnext_small_full,p1_23979,random_deletion,0.8,0.8133146166801453
convnext_small_full,p1_23979,random_deletion,1.0,0.9847825964291891
convnext_small_full,p1_23987,deletion,0.0,0.5609375337759653
convnext_small_full,p1_23987,deletion,0.1,0.04211079919089874
convnext_small_full,p1_23987,deletion,0.2,0.0014128232432994992
convnext_small_full,p1_23987,deletion,0.4,0.4916524589061737
convnext_small_full,p1_23987,deletion,0.6,0.6679919759432474
convnext_small_full,p1_23987,deletion,0.8,0.9782823522885641
convnext_small_full,p1_23987,deletion,1.0,0.990914007027944
convnext_small_full,p1_23987,insertion,0.0,0.990914007027944
convnext_small_full,p1_23987,insertion,0.1,0.9996373256047567
convnext_small_full,p1_23987,insertion,0.2,0.999557634194692
convnext_small_full,p1_23987,insertion,0.4,0.9950945973396301
convnext_small_full,p1_23987,insertion,0.6,0.9955427447954813
convnext_small_full,p1_23987,insertion,0.8,0.9749269684155782
convnext_small_full,p1_23987,insertion,1.0,0.5609375337759653
convnext_small_full,p1_23987,random_deletion,0.0,0.5609375337759653
convnext_small_full,p1_23987,random_deletion,0.1,0.8169995347658793
convnext_small_full,p1_23987,random_deletion,0.2,0.7148845394452413
convnext_small_full,p1_23987,random_deletion,0.4,0.9075175921122233
convnext_small_full,p1_23987,random_deletion,0.6,0.018403193913400173
convnext_small_full,p1_23987,random_deletion,0.8,0.7835614283879598
convnext_small_full,p1_23987,random_deletion,1.0,0.990914007027944
convnext_small_full,p1_24059,deletion,0.0,0.9069210290908813
convnext_small_full,p1_24059,deletion,0.1,0.2512549174328645
convnext_small_full,p1_24059,deletion,0.2,0.10661723216374715
convnext_small_full,p1_24059,deletion,0.4,0.06630826741456985
convnext_small_full,p1_24059,deletion,0.6,0.2366918077071508
convnext_small_full,p1_24059,deletion,0.8,0.3093404571215312
convnext_small_full,p1_24059,deletion,1.0,0.7353718479474386
convnext_small_full,p1_24059,insertion,0.0,0.7353718479474386
convnext_small_full,p1_24059,insertion,0.1,0.6914529105027517
convnext_small_full,p1_24059,insertion,0.2,0.9555769562721252
convnext_small_full,p1_24059,insertion,0.4,0.97588978211085
convnext_small_full,p1_24059,insertion,0.6,0.9755882620811462
convnext_small_full,p1_24059,insertion,0.8,0.9811309774716696
convnext_small_full,p1_24059,insertion,1.0,0.9069210290908813
convnext_small_full,p1_24059,random_deletion,0.0,0.9069210290908813
convnext_small_full,p1_24059,random_deletion,0.1,0.9018207391103109
convnext_small_full,p1_24059,random_deletion,0.2,0.9259782830874125
convnext_small_full,p1_24059,random_deletion,0.4,0.9292423725128174
convnext_small_full,p1_24059,random_deletion,0.6,0.15140984331568083
convnext_small_full,p1_24059,random_deletion,0.8,0.01988428800056378
convnext_small_full,p1_24059,random_deletion,1.0,0.7353718479474386
convnext_small_full,p1_24150,deletion,0.0,0.9963040749231974
convnext_small_full,p1_24150,deletion,0.1,0.9799724221229553
convnext_small_full,p1_24150,deletion,0.2,0.9888779322306315
convnext_small_full,p1_24150,deletion,0.4,0.9995760321617126
convnext_small_full,p1_24150,deletion,0.6,0.9998306830724081
convnext_small_full,p1_24150,deletion,0.8,0.999789814154307
convnext_small_full,p1_24150,deletion,1.0,0.9998309214909872
convnext_small_full,p1_24150,insertion,0.0,0.9998309214909872
convnext_small_full,p1_24150,insertion,0.1,0.9968622724215189
convnext_small_full,p1_24150,insertion,0.2,0.9966753323872884
convnext_small_full,p1_24150,insertion,0.4,0.9994920889536539
convnext_small_full,p1_24150,insertion,0.6,0.9961343208948771
convnext_small_full,p1_24150,insertion,0.8,0.9952438672383627
convnext_small_full,p1_24150,insertion,1.0,0.9963040749231974
convnext_small_full,p1_24150,random_deletion,0.0,0.9963040749231974
convnext_small_full,p1_24150,random_deletion,0.1,0.9952532251675924
convnext_small_full,p1_24150,random_deletion,0.2,0.9864486257235209
convnext_small_full,p1_24150,random_deletion,0.4,0.9996661146481832
convnext_small_full,p1_24150,random_deletion,0.6,0.9990262389183044
convnext_small_full,p1_24150,random_deletion,0.8,0.9999354680379232
convnext_small_full,p1_24150,random_deletion,1.0,0.9998309214909872
convnext_small_full,p1_24848,deletion,0.0,0.9834543863932291
convnext_small_full,p1_24848,deletion,0.1,0.9995670318603516
convnext_small_full,p1_24848,deletion,0.2,0.9988476236661276
convnext_small_full,p1_24848,deletion,0.4,0.9977346062660217
convnext_small_full,p1_24848,deletion,0.6,0.9993526736895243
convnext_small_full,p1_24848,deletion,0.8,0.9994423985481262
convnext_small_full,p1_24848,deletion,1.0,0.9996900757153829
convnext_small_full,p1_24848,insertion,0.0,0.9996900757153829
convnext_small_full,p1_24848,insertion,0.1,0.9979767998059591
convnext_small_full,p1_24848,insertion,0.2,0.9929486513137817
convnext_small_full,p1_24848,insertion,0.4,0.9914277990659078
convnext_small_full,p1_24848,insertion,0.6,0.9938549796740214
convnext_small_full,p1_24848,insertion,0.8,0.9937631487846375
convnext_small_full,p1_24848,insertion,1.0,0.9834543863932291
convnext_small_full,p1_24848,random_deletion,0.0,0.9834543863932291
convnext_small_full,p1_24848,random_deletion,0.1,0.9735308289527893
convnext_small_full,p1_24848,random_deletion,0.2,0.9906394282976786
convnext_small_full,p1_24848,random_deletion,0.4,0.9972176949183146
convnext_small_full,p1_24848,random_deletion,0.6,0.9991848667462667
convnext_small_full,p1_24848,random_deletion,0.8,0.9980091055234274
convnext_small_full,p1_24848,random_deletion,1.0,0.9996900757153829
convnext_small_full,p1_24939,deletion,0.0,0.9998953739802042
convnext_small_full,p1_24939,deletion,0.1,0.9986348549524943
convnext_small_full,p1_24939,deletion,0.2,0.7731017072995504
convnext_small_full,p1_24939,deletion,0.4,0.050580671057105064
convnext_small_full,p1_24939,deletion,0.6,0.605049749215444
convnext_small_full,p1_24939,deletion,0.8,0.6279918849468231
convnext_small_full,p1_24939,deletion,1.0,0.49619293709595996
convnext_small_full,p1_24939,insertion,0.0,0.49619293709595996
convnext_small_full,p1_24939,insertion,0.1,0.9735545913378397
convnext_small_full,p1_24939,insertion,0.2,0.9869734644889832
convnext_small_full,p1_24939,insertion,0.4,0.9958626429239908
convnext_small_full,p1_24939,insertion,0.6,0.9984787901242574
convnext_small_full,p1_24939,insertion,0.8,0.999837338924408
convnext_small_full,p1_24939,insertion,1.0,0.9998953739802042
convnext_small_full,p1_24939,random_deletion,0.0,0.9998953739802042
convnext_small_full,p1_24939,random_deletion,0.1,0.9998695254325867
convnext_small_full,p1_24939,random_deletion,0.2,0.9996528228123983
convnext_small_full,p1_24939,random_deletion,0.4,0.9987469514211019
convnext_small_full,p1_24939,random_deletion,0.6,0.9199464122454325
convnext_small_full,p1_24939,random_deletion,0.8,0.13722277681032816
convnext_small_full,p1_24939,random_deletion,1.0,0.49619293709595996
convnext_small_full,p1_25121,deletion,0.0,0.8818367123603821
convnext_small_full,p1_25121,deletion,0.1,0.6558071772257487
convnext_small_full,p1_25121,deletion,0.2,0.4857696195443471
convnext_small_full,p1_25121,deletion,0.4,0.4687538594007492
convnext_small_full,p1_25121,deletion,0.6,0.5974214176336924
convnext_small_full,p1_25121,deletion,0.8,0.46460387110710144
convnext_small_full,p1_25121,deletion,1.0,0.8704284230868021
convnext_small_full,p1_25121,insertion,0.0,0.8704284230868021
convnext_small_full,p1_25121,insertion,0.1,0.6369804044564565
convnext_small_full,p1_25121,insertion,0.2,0.788392166296641
convnext_small_full,p1_25121,insertion,0.4,0.890517512957255
convnext_small_full,p1_25121,insertion,0.6,0.8699884613355001
convnext_small_full,p1_25121,insertion,0.8,0.9155007203420004
convnext_small_full,p1_25121,insertion,1.0,0.8818367123603821
convnext_small_full,p1_25121,random_deletion,0.0,0.8818367123603821
convnext_small_full,p1_25121,random_deletion,0.1,0.807267447312673
convnext_small_full,p1_25121,random_deletion,0.2,0.49590450525283813
convnext_small_full,p1_25121,random_deletion,0.4,0.8573705156644186
convnext_small_full,p1_25121,random_deletion,0.6,0.9765705068906149
convnext_small_full,p1_25121,random_deletion,0.8,0.7304337024688721
convnext_small_full,p1_25121,random_deletion,1.0,0.8704284230868021
convnext_small_full,p1_25152,deletion,0.0,0.9998553991317749
convnext_small_full,p1_25152,deletion,0.1,0.9996930559476217
convnext_small_full,p1_25152,deletion,0.2,0.9995383620262146
convnext_small_full,p1_25152,deletion,0.4,0.9974115292231241
convnext_small_full,p1_25152,deletion,0.6,0.9914401372273763
convnext_small_full,p1_25152,deletion,0.8,0.9781332612037659
convnext_small_full,p1_25152,deletion,1.0,0.9911723931630453
convnext_small_full,p1_25152,insertion,0.0,0.9911723931630453
convnext_small_full,p1_25152,insertion,0.1,0.9983998934427897
convnext_small_full,p1_25152,insertion,0.2,0.9985513091087341
convnext_small_full,p1_25152,insertion,0.4,0.999482274055481
convnext_small_full,p1_25152,insertion,0.6,0.9998840888341268
convnext_small_full,p1_25152,insertion,0.8,0.9999352296193441
convnext_small_full,p1_25152,insertion,1.0,0.9998553991317749
convnext_small_full,p1_25152,random_deletion,0.0,0.9998553991317749
convnext_small_full,p1_25152,random_deletion,0.1,0.9997895956039429
convnext_small_full,p1_25152,random_deletion,0.2,0.9998378157615662
convnext_small_full,p1_25152,random_deletion,0.4,0.9996081988016764
convnext_small_full,p1_25152,random_deletion,0.6,0.9907273252805074
convnext_small_full,p1_25152,random_deletion,0.8,0.9596006671587626
convnext_small_full,p1_25152,random_deletion,1.0,0.9911723931630453
convnext_small_full,p1_25609,deletion,0.0,0.9963751832644144
convnext_small_full,p1_25609,deletion,0.1,0.9957825144131979
convnext_small_full,p1_25609,deletion,0.2,0.9657502770423889
convnext_small_full,p1_25609,deletion,0.4,0.5397106657425562
convnext_small_full,p1_25609,deletion,0.6,0.299320047100385
convnext_small_full,p1_25609,deletion,0.8,0.18323609481255212
convnext_small_full,p1_25609,deletion,1.0,7.674574468789312e-05
convnext_small_full,p1_25609,insertion,0.0,7.674574468789312e-05
convnext_small_full,p1_25609,insertion,0.1,9.477929294613811e-05
convnext_small_full,p1_25609,insertion,0.2,0.44497455656528473
convnext_small_full,p1_25609,insertion,0.4,0.9779753684997559
convnext_small_full,p1_25609,insertion,0.6,0.9961839318275452
convnext_small_full,p1_25609,insertion,0.8,0.999669094880422
convnext_small_full,p1_25609,insertion,1.0,0.9963751832644144
convnext_small_full,p1_25609,random_deletion,0.0,0.9963751832644144
convnext_small_full,p1_25609,random_deletion,0.1,0.9995331764221191
convnext_small_full,p1_25609,random_deletion,0.2,0.997810959815979
convnext_small_full,p1_25609,random_deletion,0.4,0.9637629191080729
convnext_small_full,p1_25609,random_deletion,0.6,0.010135159672548374
convnext_small_full,p1_25609,random_deletion,0.8,3.45895652268761e-05
convnext_small_full,p1_25609,random_deletion,1.0,7.674574468789312e-05
convnext_small_full,p1_25776,deletion,0.0,0.9970660408337911
convnext_small_full,p1_25776,deletion,0.1,0.9855824907620748
convnext_small_full,p1_25776,deletion,0.2,0.9596129059791565
convnext_small_full,p1_25776,deletion,0.4,0.88564000527064
convnext_small_full,p1_25776,deletion,0.6,0.5021607677141825
convnext_small_full,p1_25776,deletion,0.8,0.12885054697593054
convnext_small_full,p1_25776,deletion,1.0,0.18454219897588095
convnext_small_full,p1_25776,insertion,0.0,0.18454219897588095
convnext_small_full,p1_25776,insertion,0.1,0.5024263064066569
convnext_small_full,p1_25776,insertion,0.2,0.7475757002830505
convnext_small_full,p1_25776,insertion,0.4,0.8142018516858419
convnext_small_full,p1_25776,insertion,0.6,0.8899622758229574
convnext_small_full,p1_25776,insertion,0.8,0.908370832602183
convnext_small_full,p1_25776,insertion,1.0,0.9970660408337911
convnext_small_full,p1_25776,random_deletion,0.0,0.9970660408337911
convnext_small_full,p1_25776,random_deletion,0.1,0.9936962922414144
convnext_small_full,p1_25776,random_deletion,0.2,0.8056070407231649
convnext_small_full,p1_25776,random_deletion,0.4,0.8591116666793823
convnext_small_full,p1_25776,random_deletion,0.6,0.35068613290786743
convnext_small_full,p1_25776,random_deletion,0.8,0.12585677951574326
convnext_small_full,p1_25776,random_deletion,1.0,0.18454219897588095
convnext_small_full,p1_26077,deletion,0.0,0.7879224419593811
convnext_small_full,p1_26077,deletion,0.1,0.3573335260152817
convnext_small_full,p1_26077,deletion,0.2,0.37499677514036495
convnext_small_full,p1_26077,deletion,0.4,0.5904083053270975
convnext_small_full,p1_26077,deletion,0.6,0.1381325889378786
convnext_small_full,p1_26077,deletion,0.8,0.2492708166440328
convnext_small_full,p1_26077,deletion,1.0,0.7309970657030741
convnext_small_full,p1_26077,insertion,0.0,0.7309970657030741
convnext_small_full,p1_26077,insertion,0.1,0.8253709673881531
convnext_small_full,p1_26077,insertion,0.2,0.886164665222168
convnext_small_full,p1_26077,insertion,0.4,0.9801526069641113
convnext_small_full,p1_26077,insertion,0.6,0.7183247804641724
convnext_small_full,p1_26077,insertion,0.8,0.8495187560717264
convnext_small_full,p1_26077,insertion,1.0,0.7879224419593811
convnext_small_full,p1_26077,random_deletion,0.0,0.7879224419593811
convnext_small_full,p1_26077,random_deletion,0.1,0.8280668457349142
convnext_small_full,p1_26077,random_deletion,0.2,0.9794194300969442
convnext_small_full,p1_26077,random_deletion,0.4,0.9823599855105082
convnext_small_full,p1_26077,random_deletion,0.6,0.9610230326652527
convnext_small_full,p1_26077,random_deletion,0.8,0.8472855885823568
convnext_small_full,p1_26077,random_deletion,1.0,0.7309970657030741
convnext_small_full,p1_26143,deletion,0.0,0.999701182047526
convnext_small_full,p1_26143,deletion,0.1,0.9997879068056742
convnext_small_full,p1_26143,deletion,0.2,0.9813598394393921
convnext_small_full,p1_26143,deletion,0.4,0.5867198755343755
convnext_small_full,p1_26143,deletion,0.6,0.6941387255986532
convnext_small_full,p1_26143,deletion,0.8,0.4255229979753494
convnext_small_full,p1_26143,deletion,1.0,0.5956348876158396
convnext_small_full,p1_26143,insertion,0.0,0.5956348876158396
convnext_small_full,p1_26143,insertion,0.1,0.8826554814974467
convnext_small_full,p1_26143,insertion,0.2,0.9560100634892782
convnext_small_full,p1_26143,insertion,0.4,0.9661009709040324
convnext_small_full,p1_26143,insertion,0.6,0.9944859941800436
convnext_small_full,p1_26143,insertion,0.8,0.9965722362200419
convnext_small_full,p1_26143,insertion,1.0,0.999701182047526
convnext_small_full,p1_26143,random_deletion,0.0,0.999701182047526
convnext_small_full,p1_26143,random_deletion,0.1,0.9994293053944906
convnext_small_full,p1_26143,random_deletion,0.2,0.9997247258822123
convnext_small_full,p1_26143,random_deletion,0.4,0.9970682263374329
convnext_small_full,p1_26143,random_deletion,0.6,0.8698221643765768
convnext_small_full,p1_26143,random_deletion,0.8,0.4491148889064789
convnext_small_full,p1_26143,random_deletion,1.0,0.5956348876158396
convnext_small_full,p1_26308,deletion,0.0,0.9999995231628418
convnext_small_full,p1_26308,deletion,0.1,0.9999957879384359
convnext_small_full,p1_26308,deletion,0.2,0.9989580909411112
convnext_small_full,p1_26308,deletion,0.4,0.9634602665901184
convnext_small_full,p1_26308,deletion,0.6,0.9937417109807333
convnext_small_full,p1_26308,deletion,0.8,0.9918983181317648
convnext_small_full,p1_26308,deletion,1.0,0.9813058376312256
convnext_small_full,p1_26308,insertion,0.0,0.9813058376312256
convnext_small_full,p1_26308,insertion,0.1,0.9860208431879679
convnext_small_full,p1_26308,insertion,0.2,0.9975428581237793
convnext_small_full,p1_26308,insertion,0.4,0.9994438687960306
convnext_small_full,p1_26308,insertion,0.6,0.9999932845433553
convnext_small_full,p1_26308,insertion,0.8,0.9999989668528239
convnext_small_full,p1_26308,insertion,1.0,0.9999995231628418
convnext_small_full,p1_26308,random_deletion,0.0,0.9999995231628418
convnext_small_full,p1_26308,random_deletion,0.1,0.9999996026357015
convnext_small_full,p1_26308,random_deletion,0.2,0.9999992847442627
convnext_small_full,p1_26308,random_deletion,0.4,0.99997345606486
convnext_small_full,p1_26308,random_deletion,0.6,0.9996032317479452
convnext_small_full,p1_26308,random_deletion,0.8,0.9983442227045695
convnext_small_full,p1_26308,random_deletion,1.0,0.9813058376312256
convnext_small_full,p1_26507,deletion,0.0,0.911738932132721
convnext_small_full,p1_26507,deletion,0.1,0.10095519324143727
convnext_small_full,p1_26507,deletion,0.2,0.11797974010308583
convnext_small_full,p1_26507,deletion,0.4,0.2284797728061676
convnext_small_full,p1_26507,deletion,0.6,0.2624322126309077
convnext_small_full,p1_26507,deletion,0.8,0.1295068065325419
convnext_small_full,p1_26507,deletion,1.0,0.09697287033001582
convnext_small_full,p1_26507,insertion,0.0,0.09697287033001582
convnext_small_full,p1_26507,insertion,0.1,0.8656366070111593
convnext_small_full,p1_26507,insertion,0.2,0.9288898309071859
convnext_small_full,p1_26507,insertion,0.4,0.9187495907147726
convnext_small_full,p1_26507,insertion,0.6,0.8904320597648621
convnext_small_full,p1_26507,insertion,0.8,0.9231935540835062
convnext_small_full,p1_26507,insertion,1.0,0.911738932132721
convnext_small_full,p1_26507,random_deletion,0.0,0.911738932132721
convnext_small_full,p1_26507,random_deletion,0.1,0.9113531112670898
convnext_small_full,p1_26507,random_deletion,0.2,0.6396995385487875
convnext_small_full,p1_26507,random_deletion,0.4,0.22256279488404593
convnext_small_full,p1_26507,random_deletion,0.6,0.23159412542978922
convnext_small_full,p1_26507,random_deletion,0.8,0.2540874282519023
convnext_small_full,p1_26507,random_deletion,1.0,0.09697287033001582
convnext_small_full,p1_26564,deletion,0.0,0.9998661279678345
convnext_small_full,p1_26564,deletion,0.1,0.9956442515055338
convnext_small_full,p1_26564,deletion,0.2,0.9664284984270731
convnext_small_full,p1_26564,deletion,0.4,0.3871619999408722
convnext_small_full,p1_26564,deletion,0.6,0.03663203368584315
convnext_small_full,p1_26564,deletion,0.8,0.07403582769135635
convnext_small_full,p1_26564,deletion,1.0,0.3214354986945788
convnext_small_full,p1_26564,insertion,0.0,0.3214354986945788
convnext_small_full,p1_26564,insertion,0.1,0.9504191080729166
convnext_small_full,p1_26564,insertion,0.2,0.9981870651245117
convnext_small_full,p1_26564,insertion,0.4,0.9995867808659872
convnext_small_full,p1_26564,insertion,0.6,0.9998212059338888
convnext_small_full,p1_26564,insertion,0.8,0.9999717871348063
convnext_small_full,p1_26564,insertion,1.0,0.9998661279678345
convnext_small_full,p1_26564,random_deletion,0.0,0.9998661279678345
convnext_small_full,p1_26564,random_deletion,0.1,0.9999134540557861
convnext_small_full,p1_26564,random_deletion,0.2,0.9987648129463196
convnext_small_full,p1_26564,random_deletion,0.4,0.896356999874115
convnext_small_full,p1_26564,random_deletion,0.6,0.31293723980585736
convnext_small_full,p1_26564,random_deletion,0.8,0.48238585392634076
convnext_small_full,p1_26564,random_deletion,1.0,0.3214354986945788
convnext_small_full,p1_26671,deletion,0.0,0.9995210568110148
convnext_small_full,p1_26671,deletion,0.1,0.9168546199798584
convnext_small_full,p1_26671,deletion,0.2,0.24058108404278755
convnext_small_full,p1_26671,deletion,0.4,0.030244825563083094
convnext_small_full,p1_26671,deletion,0.6,0.01643186512713631
convnext_small_full,p1_26671,deletion,0.8,0.10770050932963689
convnext_small_full,p1_26671,deletion,1.0,0.13193435966968536
convnext_small_full,p1_26671,insertion,0.0,0.13193435966968536
convnext_small_full,p1_26671,insertion,0.1,0.7663575112819672
convnext_small_full,p1_26671,insertion,0.2,0.9750265876452128
convnext_small_full,p1_26671,insertion,0.4,0.9997024933497111
convnext_small_full,p1_26671,insertion,0.6,0.9999190171559652
convnext_small_full,p1_26671,insertion,0.8,0.9995870987574259
convnext_small_full,p1_26671,insertion,1.0,0.9995210568110148
convnext_small_full,p1_26671,random_deletion,0.0,0.9995210568110148
convnext_small_full,p1_26671,random_deletion,0.1,0.9997072021166483
convnext_small_full,p1_26671,random_deletion,0.2,0.999721884727478
convnext_small_full,p1_26671,random_deletion,0.4,0.9946595033009847
convnext_small_full,p1_26671,random_deletion,0.6,0.6893477241198221
convnext_small_full,p1_26671,random_deletion,0.8,0.6052802304426829
convnext_small_full,p1_26671,random_deletion,1.0,0.13193435966968536
convnext_small_full,p1_26709,deletion,0.0,0.9949010610580444
convnext_small_full,p1_26709,deletion,0.1,0.98036261399587
convnext_small_full,p1_26709,deletion,0.2,0.8774790565172831
convnext_small_full,p1_26709,deletion,0.4,0.7609209616978964
convnext_small_full,p1_26709,deletion,0.6,0.8639266490936279
convnext_small_full,p1_26709,deletion,0.8,0.8885528246561686
convnext_small_full,p1_26709,deletion,1.0,0.8174088597297668
convnext_small_full,p1_26709,insertion,0.0,0.8174088597297668
convnext_small_full,p1_26709,insertion,0.1,0.9748415152231852
convnext_small_full,p1_26709,insertion,0.2,0.9456449747085571
convnext_small_full,p1_26709,insertion,0.4,0.9938708543777466
convnext_small_full,p1_26709,insertion,0.6,0.9945671359697977
convnext_small_full,p1_26709,insertion,0.8,0.9942625363667806
convnext_small_full,p1_26709,insertion,1.0,0.9949010610580444
convnext_small_full,p1_26709,random_deletion,0.0,0.9949010610580444
convnext_small_full,p1_26709,random_deletion,0.1,0.9940909941991171
convnext_small_full,p1_26709,random_deletion,0.2,0.9953810373942057
convnext_small_full,p1_26709,random_deletion,0.4,0.99624103307724
convnext_small_full,p1_26709,random_deletion,0.6,0.9993499120076498
convnext_small_full,p1_26709,random_deletion,0.8,0.9787463943163554
convnext_small_full,p1_26709,random_deletion,1.0,0.8174088597297668
convnext_small_full,p1_26760,deletion,0.0,0.9999746084213257
convnext_small_full,p1_26760,deletion,0.1,0.9995594620704651
convnext_small_full,p1_26760,deletion,0.2,0.9871302445729574
convnext_small_full,p1_26760,deletion,0.4,0.8934030930201212
convnext_small_full,p1_26760,deletion,0.6,0.8657547036806742
convnext_small_full,p1_26760,deletion,0.8,0.8903846740722656
convnext_small_full,p1_26760,deletion,1.0,0.9352326591809591
convnext_small_full,p1_26760,insertion,0.0,0.9352326591809591
convnext_small_full,p1_26760,insertion,0.1,0.9985702633857727
convnext_small_full,p1_26760,insertion,0.2,0.9965010682741801
convnext_small_full,p1_26760,insertion,0.4,0.9999450047810873
convnext_small_full,p1_26760,insertion,0.6,0.9999390840530396
convnext_small_full,p1_26760,insertion,0.8,0.999946395556132
convnext_small_full,p1_26760,insertion,1.0,0.9999746084213257
convnext_small_full,p1_26760,random_deletion,0.0,0.9999746084213257
convnext_small_full,p1_26760,random_deletion,0.1,0.9999217589696249
convnext_small_full,p1_26760,random_deletion,0.2,0.9984197616577148
convnext_small_full,p1_26760,random_deletion,0.4,0.9896573821703593
convnext_small_full,p1_26760,random_deletion,0.6,0.9978157083193461
convnext_small_full,p1_26760,random_deletion,0.8,0.9415729641914368
convnext_small_full,p1_26760,random_deletion,1.0,0.9352326591809591
convnext_small_full,p1_27210,deletion,0.0,0.9991718331972758
convnext_small_full,p1_27210,deletion,0.1,0.9814732869466146
convnext_small_full,p1_27210,deletion,0.2,0.8182948033014933
convnext_small_full,p1_27210,deletion,0.4,0.8230469028155009
convnext_small_full,p1_27210,deletion,0.6,0.9596490462621053
convnext_small_full,p1_27210,deletion,0.8,0.9422945578893026
convnext_small_full,p1_27210,deletion,1.0,0.9652391672134399
convnext_small_full,p1_27210,insertion,0.0,0.9652391672134399
convnext_small_full,p1_27210,insertion,0.1,0.9909416238466898
convnext_small_full,p1_27210,insertion,0.2,0.9977027177810669
convnext_small_full,p1_27210,insertion,0.4,0.9997608462969462
convnext_small_full,p1_27210,insertion,0.6,0.9998032251993815
convnext_small_full,p1_27210,insertion,0.8,0.999686618645986
convnext_small_full,p1_27210,insertion,1.0,0.9991718331972758
convnext_small_full,p1_27210,random_deletion,0.0,0.9991718331972758
convnext_small_full,p1_27210,random_deletion,0.1,0.9995545943578085
convnext_small_full,p1_27210,random_deletion,0.2,0.999525249004364
convnext_small_full,p1_27210,random_deletion,0.4,0.9985927939414978
convnext_small_full,p1_27210,random_deletion,0.6,0.9932732582092285
convnext_small_full,p1_27210,random_deletion,0.8,0.9885765115420023
convnext_small_full,p1_27210,random_deletion,1.0,0.9652391672134399
convnext_small_full,p1_27288,deletion,0.0,0.9999922513961792
convnext_small_full,p1_27288,deletion,0.1,0.9952516953150431
convnext_small_full,p1_27288,deletion,0.2,0.7423091133435568
convnext_small_full,p1_27288,deletion,0.4,0.49543967843055725
convnext_small_full,p1_27288,deletion,0.6,0.5237339238325754
convnext_small_full,p1_27288,deletion,0.8,0.396496057510376
convnext_small_full,p1_27288,deletion,1.0,0.4754308561484019
convnext_small_full,p1_27288,insertion,0.0,0.4754308561484019
convnext_small_full,p1_27288,insertion,0.1,0.9097859263420105
convnext_small_full,p1_27288,insertion,0.2,0.9346804022789001
convnext_small_full,p1_27288,insertion,0.4,0.9848882357279459
convnext_small_full,p1_27288,insertion,0.6,0.9895609815915426
convnext_small_full,p1_27288,insertion,0.8,0.9995471040407816
convnext_small_full,p1_27288,insertion,1.0,0.9999922513961792
convnext_small_full,p1_27288,random_deletion,0.0,0.9999922513961792
convnext_small_full,p1_27288,random_deletion,0.1,0.9999464750289917
convnext_small_full,p1_27288,random_deletion,0.2,0.9998692075411478
convnext_small_full,p1_27288,random_deletion,0.4,0.9974848429361979
convnext_small_full,p1_27288,random_deletion,0.6,0.8222528100013733
convnext_small_full,p1_27288,random_deletion,0.8,0.474185715119044
convnext_small_full,p1_27288,random_deletion,1.0,0.4754308561484019
convnext_small_full,p1_27369,deletion,0.0,0.9999965826670328
convnext_small_full,p1_27369,deletion,0.1,0.999950130780538
convnext_small_full,p1_27369,deletion,0.2,0.9988120794296265
convnext_small_full,p1_27369,deletion,0.4,0.9971088767051697
convnext_small_full,p1_27369,deletion,0.6,0.9900994300842285
convnext_small_full,p1_27369,deletion,0.8,0.6631400684515635
convnext_small_full,p1_27369,deletion,1.0,0.8310349186261495
convnext_small_full,p1_27369,insertion,0.0,0.8310349186261495
convnext_small_full,p1_27369,insertion,0.1,0.8440679510434469
convnext_small_full,p1_27369,insertion,0.2,0.7581915656725565
convnext_small_full,p1_27369,insertion,0.4,0.7384430964787801
convnext_small_full,p1_27369,insertion,0.6,0.919512947400411
convnext_small_full,p1_27369,insertion,0.8,0.9996559818585714
convnext_small_full,p1_27369,insertion,1.0,0.9999965826670328
convnext_small_full,p1_27369,random_deletion,0.0,0.9999965826670328
convnext_small_full,p1_27369,random_deletion,0.1,0.9999939997990926
convnext_small_full,p1_27369,random_deletion,0.2,0.9999922116597494
convnext_small_full,p1_27369,random_deletion,0.4,0.9998989105224609
convnext_small_full,p1_27369,random_deletion,0.6,0.9616682529449463
convnext_small_full,p1_27369,random_deletion,0.8,0.5961944460868835
convnext_small_full,p1_27369,random_deletion,1.0,0.8310349186261495
convnext_small_full,p1_27460,deletion,0.0,0.999736467997233
convnext_small_full,p1_27460,deletion,0.1,0.999750554561615
convnext_small_full,p1_27460,deletion,0.2,0.9954052567481995
convnext_small_full,p1_27460,deletion,0.4,0.7247344056765238
convnext_small_full,p1_27460,deletion,0.6,0.5067574282487234
convnext_small_full,p1_27460,deletion,0.8,0.2959433247645696
convnext_small_full,p1_27460,deletion,1.0,0.6365373233954111
convnext_small_full,p1_27460,insertion,0.0,0.6365373233954111
convnext_small_full,p1_27460,insertion,0.1,0.9801082213719686
convnext_small_full,p1_27460,insertion,0.2,0.9590176741282145
convnext_small_full,p1_27460,insertion,0.4,0.992907444636027
convnext_small_full,p1_27460,insertion,0.6,0.9972765644391378
convnext_small_full,p1_27460,insertion,0.8,0.9990411798159281
convnext_small_full,p1_27460,insertion,1.0,0.999736467997233
convnext_small_full,p1_27460,random_deletion,0.0,0.999736467997233
convnext_small_full,p1_27460,random_deletion,0.1,0.9990904132525126
convnext_small_full,p1_27460,random_deletion,0.2,0.9977830251057943
convnext_small_full,p1_27460,random_deletion,0.4,0.9948418935139974
convnext_small_full,p1_27460,random_deletion,0.6,0.9709173242251078
convnext_small_full,p1_27460,random_deletion,0.8,0.6228617628415426
convnext_small_full,p1_27460,random_deletion,1.0,0.6365373233954111
convnext_small_full,p1_27472,deletion,0.0,0.9998201926549276
convnext_small_full,p1_27472,deletion,0.1,0.9867676496505737
convnext_small_full,p1_27472,deletion,0.2,0.9804602464040121
convnext_small_full,p1_27472,deletion,0.4,0.6020890374978384
convnext_small_full,p1_27472,deletion,0.6,0.17091792821884155
convnext_small_full,p1_27472,deletion,0.8,0.23973268022139868
convnext_small_full,p1_27472,deletion,1.0,0.5150316854317983
convnext_small_full,p1_27472,insertion,0.0,0.5150316854317983
convnext_small_full,p1_27472,insertion,0.1,0.9423709114392599
convnext_small_full,p1_27472,insertion,0.2,0.9954525033632914
convnext_small_full,p1_27472,insertion,0.4,0.9977942903836569
convnext_small_full,p1_27472,insertion,0.6,0.9989388187726339
convnext_small_full,p1_27472,insertion,0.8,0.9997207721074423
convnext_small_full,p1_27472,insertion,1.0,0.9998201926549276
convnext_small_full,p1_27472,random_deletion,0.0,0.9998201926549276
convnext_small_full,p1_27472,random_deletion,0.1,0.9995024998982748
convnext_small_full,p1_27472,random_deletion,0.2,0.998815655708313
convnext_small_full,p1_27472,random_deletion,0.4,0.9982934991518656
convnext_small_full,p1_27472,random_deletion,0.6,0.9708612759908041
convnext_small_full,p1_27472,random_deletion,0.8,0.6829473177591959
convnext_small_full,p1_27472,random_deletion,1.0,0.5150316854317983
convnext_small_full,p1_27478,deletion,0.0,0.9999999602635702
convnext_small_full,p1_27478,deletion,0.1,0.9999999602635702
convnext_small_full,p1_27478,deletion,0.2,0.9999999205271403
convnext_small_full,p1_27478,deletion,0.4,0.9999997615814209
convnext_small_full,p1_27478,deletion,0.6,0.9999995628992716
convnext_small_full,p1_27478,deletion,0.8,0.9999874035517374
convnext_small_full,p1_27478,deletion,1.0,0.9938307205835978
convnext_small_full,p1_27478,insertion,0.0,0.9938307205835978
convnext_small_full,p1_27478,insertion,0.1,0.9995092352231344
convnext_small_full,p1_27478,insertion,0.2,0.9996818701426188
convnext_small_full,p1_27478,insertion,0.4,0.9996283054351807
convnext_small_full,p1_27478,insertion,0.6,0.9999994039535522
convnext_small_full,p1_27478,insertion,0.8,0.9999999602635702
convnext_small_full,p1_27478,insertion,1.0,0.9999999602635702
convnext_small_full,p1_27478,random_deletion,0.0,0.9999999602635702
convnext_small_full,p1_27478,random_deletion,0.1,1.0
convnext_small_full,p1_27478,random_deletion,0.2,0.9999999205271403
convnext_small_full,p1_27478,random_deletion,0.4,0.9999849398930868
convnext_small_full,p1_27478,random_deletion,0.6,0.9999871651331583
convnext_small_full,p1_27478,random_deletion,0.8,0.9939279357592264
convnext_small_full,p1_27478,random_deletion,1.0,0.9938307205835978
convnext_small_full,p1_27507,deletion,0.0,0.9997703433036804
convnext_small_full,p1_27507,deletion,0.1,0.9942712585131327
convnext_small_full,p1_27507,deletion,0.2,0.4468356668949127
convnext_small_full,p1_27507,deletion,0.4,0.667889287074407
convnext_small_full,p1_27507,deletion,0.6,0.8823156555493673
convnext_small_full,p1_27507,deletion,0.8,0.7189944187800089
convnext_small_full,p1_27507,deletion,1.0,0.7923957308133444
convnext_small_full,p1_27507,insertion,0.0,0.7923957308133444
convnext_small_full,p1_27507,insertion,0.1,0.9828180273373922
convnext_small_full,p1_27507,insertion,0.2,0.8827702800432841
convnext_small_full,p1_27507,insertion,0.4,0.9991638660430908
convnext_small_full,p1_27507,insertion,0.6,0.9997724095980326
convnext_small_full,p1_27507,insertion,0.8,0.9997608065605164
convnext_small_full,p1_27507,insertion,1.0,0.9997703433036804
convnext_small_full,p1_27507,random_deletion,0.0,0.9997703433036804
convnext_small_full,p1_27507,random_deletion,0.1,0.9989238778750101
convnext_small_full,p1_27507,random_deletion,0.2,0.9971463878949484
convnext_small_full,p1_27507,random_deletion,0.4,0.992583155632019
convnext_small_full,p1_27507,random_deletion,0.6,0.9449299375216166
convnext_small_full,p1_27507,random_deletion,0.8,0.9802518089612325
convnext_small_full,p1_27507,random_deletion,1.0,0.7923957308133444
convnext_small_full,p1_27614,deletion,0.0,0.9781655073165894
convnext_small_full,p1_27614,deletion,0.1,0.06415557488799095
convnext_small_full,p1_27614,deletion,0.2,0.18800204247236252
convnext_small_full,p1_27614,deletion,0.4,0.11500299473603566
convnext_small_full,p1_27614,deletion,0.6,0.22225657105445862
convnext_small_full,p1_27614,deletion,0.8,0.4227216839790344
convnext_small_full,p1_27614,deletion,1.0,0.4889954626560211
convnext_small_full,p1_27614,insertion,0.0,0.4889954626560211
convnext_small_full,p1_27614,insertion,0.1,0.9383428494135538
convnext_small_full,p1_27614,insertion,0.2,0.9636483788490295
convnext_small_full,p1_27614,insertion,0.4,0.9898384213447571
convnext_small_full,p1_27614,insertion,0.6,0.9933779239654541
convnext_small_full,p1_27614,insertion,0.8,0.9780333439509074
convnext_small_full,p1_27614,insertion,1.0,0.9781655073165894
convnext_small_full,p1_27614,random_deletion,0.0,0.9781655073165894
convnext_small_full,p1_27614,random_deletion,0.1,0.8266597787539164
convnext_small_full,p1_27614,random_deletion,0.2,0.19408086935679117
convnext_small_full,p1_27614,random_deletion,0.4,0.16633210082848868
convnext_small_full,p1_27614,random_deletion,0.6,0.3523597965637843
convnext_small_full,p1_27614,random_deletion,0.8,0.272330567240715
convnext_small_full,p1_27614,random_deletion,1.0,0.4889954626560211
convnext_small_full,p1_27620,deletion,0.0,0.9999961455663046
convnext_small_full,p1_27620,deletion,0.1,0.9975051681200663
convnext_small_full,p1_27620,deletion,0.2,0.00047815659975943464
convnext_small_full,p1_27620,deletion,0.4,0.00011805930504730593
convnext_small_full,p1_27620,deletion,0.6,0.00043182172127368784
convnext_small_full,p1_27620,deletion,0.8,0.0021753297769464552
convnext_small_full,p1_27620,deletion,1.0,0.007641685117656986
convnext_small_full,p1_27620,insertion,0.0,0.007641685117656986
convnext_small_full,p1_27620,insertion,0.1,0.42336167581379414
convnext_small_full,p1_27620,insertion,0.2,0.9384669661521912
convnext_small_full,p1_27620,insertion,0.4,0.9999899466832479
convnext_small_full,p1_27620,insertion,0.6,0.9999963442484537
convnext_small_full,p1_27620,insertion,0.8,0.9999966224034628
convnext_small_full,p1_27620,insertion,1.0,0.9999961455663046
convnext_small_full,p1_27620,random_deletion,0.0,0.9999961455663046
convnext_small_full,p1_27620,random_deletion,0.1,0.9999972581863403
convnext_small_full,p1_27620,random_deletion,0.2,0.9997114936510721
convnext_small_full,p1_27620,random_deletion,0.4,0.9998653332392374
convnext_small_full,p1_27620,random_deletion,0.6,0.001581580921386679
convnext_small_full,p1_27620,random_deletion,0.8,0.0001005224185064435
convnext_small_full,p1_27620,random_deletion,1.0,0.007641685117656986
convnext_small_full,p1_27672,deletion,0.0,0.9994917710622152
convnext_small_full,p1_27672,deletion,0.1,0.9954304496447245
convnext_small_full,p1_27672,deletion,0.2,0.9914412697156271
convnext_small_full,p1_27672,deletion,0.4,0.9612809419631958
convnext_small_full,p1_27672,deletion,0.6,0.9475619395573934
convnext_small_full,p1_27672,deletion,0.8,0.6227807402610779
convnext_small_full,p1_27672,deletion,1.0,0.7548290292421976
convnext_small_full,p1_27672,insertion,0.0,0.7548290292421976
convnext_small_full,p1_27672,insertion,0.1,0.9857899149258932
convnext_small_full,p1_27672,insertion,0.2,0.9950868089993795
convnext_small_full,p1_27672,insertion,0.4,0.9934799671173096
convnext_small_full,p1_27672,insertion,0.6,0.9940760334332784
convnext_small_full,p1_27672,insertion,0.8,0.9995468060175577
convnext_small_full,p1_27672,insertion,1.0,0.9994917710622152
convnext_small_full,p1_27672,random_deletion,0.0,0.9994917710622152
convnext_small_full,p1_27672,random_deletion,0.1,0.999860942363739
convnext_small_full,p1_27672,random_deletion,0.2,0.9996671279271444
convnext_small_full,p1_27672,random_deletion,0.4,0.9888155659039816
convnext_small_full,p1_27672,random_deletion,0.6,0.9250735640525818
convnext_small_full,p1_27672,random_deletion,0.8,0.04254481879373392
convnext_small_full,p1_27672,random_deletion,1.0,0.7548290292421976
convnext_small_full,p1_27731,deletion,0.0,0.9999139308929443
convnext_small_full,p1_27731,deletion,0.1,0.9986225366592407
convnext_small_full,p1_27731,deletion,0.2,0.996535082658132
convnext_small_full,p1_27731,deletion,0.4,0.9527743061383566
convnext_small_full,p1_27731,deletion,0.6,0.7849389712015787
convnext_small_full,p1_27731,deletion,0.8,0.3924808104832967
convnext_small_full,p1_27731,deletion,1.0,0.6295126477877299
convnext_small_full,p1_27731,insertion,0.0,0.6295126477877299
convnext_small_full,p1_27731,insertion,0.1,0.9987651308377584
convnext_small_full,p1_27731,insertion,0.2,0.9999725023905436
convnext_small_full,p1_27731,insertion,0.4,0.9999353885650635
convnext_small_full,p1_27731,insertion,0.6,0.999896228313446
convnext_small_full,p1_27731,insertion,0.8,0.9999362230300903
convnext_small_full,p1_27731,insertion,1.0,0.9999139308929443
convnext_small_full,p1_27731,random_deletion,0.0,0.9999139308929443
convnext_small_full,p1_27731,random_deletion,0.1,0.9998790820439657
convnext_small_full,p1_27731,random_deletion,0.2,0.9998996059099833
convnext_small_full,p1_27731,random_deletion,0.4,0.9980175892512003
convnext_small_full,p1_27731,random_deletion,0.6,0.9877906640370687
convnext_small_full,p1_27731,random_deletion,0.8,0.7163324554761251
convnext_small_full,p1_27731,random_deletion,1.0,0.6295126477877299
convnext_small_full,p1_27807,deletion,0.0,0.9999976952870687
convnext_small_full,p1_27807,deletion,0.1,0.7366674343744913
convnext_small_full,p1_27807,deletion,0.2,0.08983203520377477
convnext_small_full,p1_27807,deletion,0.4,0.009233486838638783
convnext_small_full,p1_27807,deletion,0.6,0.00018034047388937324
convnext_small_full,p1_27807,deletion,0.8,8.130583349460115e-05
convnext_small_full,p1_27807,deletion,1.0,4.959146091702375e-06
convnext_small_full,p1_27807,insertion,0.0,4.959146091702375e-06
convnext_small_full,p1_27807,insertion,0.1,0.7192765027284622
convnext_small_full,p1_27807,insertion,0.2,0.9595100482304891
convnext_small_full,p1_27807,insertion,0.4,0.9999485015869141
convnext_small_full,p1_27807,insertion,0.6,0.999997615814209
convnext_small_full,p1_27807,insertion,0.8,0.9999939600626627
convnext_small_full,p1_27807,insertion,1.0,0.9999976952870687
convnext_small_full,p1_27807,random_deletion,0.0,0.9999976952870687
convnext_small_full,p1_27807,random_deletion,0.1,0.9999915758768717
convnext_small_full,p1_27807,random_deletion,0.2,0.9999948342641195
convnext_small_full,p1_27807,random_deletion,0.4,0.9422524174054464
convnext_small_full,p1_27807,random_deletion,0.6,0.08588918546835582
convnext_small_full,p1_27807,random_deletion,0.8,8.484103818773292e-05
convnext_small_full,p1_27807,random_deletion,1.0,4.959146091702375e-06
convnext_small_full,p1_27859,deletion,0.0,0.9298344254493713
convnext_small_full,p1_27859,deletion,0.1,0.2684374451637268
convnext_small_full,p1_27859,deletion,0.2,0.17345649500687918
convnext_small_full,p1_27859,deletion,0.4,0.02454569439093272
convnext_small_full,p1_27859,deletion,0.6,0.027849468868225813
convnext_small_full,p1_27859,deletion,0.8,0.017703964064518612
convnext_small_full,p1_27859,deletion,1.0,0.11694333950678508
convnext_small_full,p1_27859,insertion,0.0,0.11694333950678508
convnext_small_full,p1_27859,insertion,0.1,0.7913566629091898
convnext_small_full,p1_27859,insertion,0.2,0.8055470983187357
convnext_small_full,p1_27859,insertion,0.4,0.9308836857477824
convnext_small_full,p1_27859,insertion,0.6,0.9243619243303934
convnext_small_full,p1_27859,insertion,0.8,0.933540423711141
convnext_small_full,p1_27859,insertion,1.0,0.9298344254493713
convnext_small_full,p1_27859,random_deletion,0.0,0.9298344254493713
convnext_small_full,p1_27859,random_deletion,0.1,0.8733416795730591
convnext_small_full,p1_27859,random_deletion,0.2,0.7174439628918966
convnext_small_full,p1_27859,random_deletion,0.4,0.040876951068639755
convnext_small_full,p1_27859,random_deletion,0.6,0.014317859585086504
convnext_small_full,p1_27859,random_deletion,0.8,0.17060466607411703
convnext_small_full,p1_27859,random_deletion,1.0,0.11694333950678508
convnext_small_full,p1_27888,deletion,0.0,0.9996258417765299
convnext_small_full,p1_27888,deletion,0.1,0.998895525932312
convnext_small_full,p1_27888,deletion,0.2,0.9950108726819357
convnext_small_full,p1_27888,deletion,0.4,0.9095625281333923
convnext_small_full,p1_27888,deletion,0.6,0.9747185508410136
convnext_small_full,p1_27888,deletion,0.8,0.9975744883219401
convnext_small_full,p1_27888,deletion,1.0,0.999644954999288
convnext_small_full,p1_27888,insertion,0.0,0.999644954999288
convnext_small_full,p1_27888,insertion,0.1,0.9976381858189901
convnext_small_full,p1_27888,insertion,0.2,0.9942366679509481
convnext_small_full,p1_27888,insertion,0.4,0.9952630798021952
convnext_small_full,p1_27888,insertion,0.6,0.9982625444730123
convnext_small_full,p1_27888,insertion,0.8,0.9994986852010092
convnext_small_full,p1_27888,insertion,1.0,0.9996258417765299
convnext_small_full,p1_27888,random_deletion,0.0,0.9996258417765299
convnext_small_full,p1_27888,random_deletion,0.1,0.9992578426996866
convnext_small_full,p1_27888,random_deletion,0.2,0.997306764125824
convnext_small_full,p1_27888,random_deletion,0.4,0.9908412496248881
convnext_small_full,p1_27888,random_deletion,0.6,0.9771378437678019
convnext_small_full,p1_27888,random_deletion,0.8,0.9980848431587219
convnext_small_full,p1_27888,random_deletion,1.0,0.999644954999288
convnext_small_full,p1_28031,deletion,0.0,0.9999969402949015
convnext_small_full,p1_28031,deletion,0.1,0.034501285602649055
convnext_small_full,p1_28031,deletion,0.2,0.018222188266615074
convnext_small_full,p1_28031,deletion,0.4,0.023639993121226627
convnext_small_full,p1_28031,deletion,0.6,0.045269897828499474
convnext_small_full,p1_28031,deletion,0.8,0.03433329798281193
convnext_small_full,p1_28031,deletion,1.0,0.0728554514547189
convnext_small_full,p1_28031,insertion,0.0,0.0728554514547189
convnext_small_full,p1_28031,insertion,0.1,0.9996716380119324
convnext_small_full,p1_28031,insertion,0.2,0.9999903043111166
convnext_small_full,p1_28031,insertion,0.4,0.9999958674112955
convnext_small_full,p1_28031,insertion,0.6,0.9999954700469971
convnext_small_full,p1_28031,insertion,0.8,0.9999950726826986
convnext_small_full,p1_28031,insertion,1.0,0.9999969402949015
convnext_small_full,p1_28031,random_deletion,0.0,0.9999969402949015
convnext_small_full,p1_28031,random_deletion,0.1,0.9999820391337076
convnext_small_full,p1_28031,random_deletion,0.2,0.6154034535090128
convnext_small_full,p1_28031,random_deletion,0.4,0.9711441000302633
convnext_small_full,p1_28031,random_deletion,0.6,0.7573018272717794
convnext_small_full,p1_28031,random_deletion,0.8,0.8255765040715536
convnext_small_full,p1_28031,random_deletion,1.0,0.0728554514547189
convnext_small_full,p1_28065,deletion,0.0,0.9997747540473938
convnext_small_full,p1_28065,deletion,0.1,0.963008721669515
convnext_small_full,p1_28065,deletion,0.2,0.9280379017194113
convnext_small_full,p1_28065,deletion,0.4,0.8882129192352295
convnext_small_full,p1_28065,deletion,0.6,0.9631242553393046
convnext_small_full,p1_28065,deletion,0.8,0.9936678210894266
convnext_small_full,p1_28065,deletion,1.0,0.9790451129277548
convnext_small_full,p1_28065,insertion,0.0,0.9790451129277548
convnext_small_full,p1_28065,insertion,0.1,0.9714096784591675
convnext_small_full,p1_28065,insertion,0.2,0.9951582352320353
convnext_small_full,p1_28065,insertion,0.4,0.9980968236923218
convnext_small_full,p1_28065,insertion,0.6,0.9985656340916952
convnext_small_full,p1_28065,insertion,0.8,0.9991152683893839
convnext_small_full,p1_28065,insertion,1.0,0.9997747540473938
convnext_small_full,p1_28065,random_deletion,0.0,0.9997747540473938
convnext_small_full,p1_28065,random_deletion,0.1,0.9989010095596313
convnext_small_full,p1_28065,random_deletion,0.2,0.9983011881510416
convnext_small_full,p1_28065,random_deletion,0.4,0.9965927203496298
convnext_small_full,p1_28065,random_deletion,0.6,0.979291299978892
convnext_small_full,p1_28065,random_deletion,0.8,0.9930089116096497
convnext_small_full,p1_28065,random_deletion,1.0,0.9790451129277548
convnext_small_full,p1_28180,deletion,0.0,0.9999996821085612
convnext_small_full,p1_28180,deletion,0.1,0.9999954700469971
convnext_small_full,p1_28180,deletion,0.2,0.990990142027537
convnext_small_full,p1_28180,deletion,0.4,0.6417779723803202
convnext_small_full,p1_28180,deletion,0.6,0.40101930995782215
convnext_small_full,p1_28180,deletion,0.8,0.09389824233949184
convnext_small_full,p1_28180,deletion,1.0,0.005169623298570514
convnext_small_full,p1_28180,insertion,0.0,0.005169623298570514
convnext_small_full,p1_28180,insertion,0.1,0.9968719085057577
convnext_small_full,p1_28180,insertion,0.2,0.999982992808024
convnext_small_full,p1_28180,insertion,0.4,0.9999974171320597
convnext_small_full,p1_28180,insertion,0.6,0.9999939997990926
convnext_small_full,p1_28180,insertion,0.8,0.9999951521555582
convnext_small_full,p1_28180,insertion,1.0,0.9999996821085612
convnext_small_full,p1_28180,random_deletion,0.0,0.9999996821085612
convnext_small_full,p1_28180,random_deletion,0.1,0.9999995231628418
convnext_small_full,p1_28180,random_deletion,0.2,0.9999997218449911
convnext_small_full,p1_28180,random_deletion,0.4,0.9999932845433553
convnext_small_full,p1_28180,random_deletion,0.6,0.9999328851699829
convnext_small_full,p1_28180,random_deletion,0.8,0.15646479775508246
convnext_small_full,p1_28180,random_deletion,1.0,0.005169623298570514
convnext_small_full,p1_28221,deletion,0.0,0.999909241994222
convnext_small_full,p1_28221,deletion,0.1,0.9997906684875488
convnext_small_full,p1_28221,deletion,0.2,0.9994785388310751
convnext_small_full,p1_28221,deletion,0.4,0.986475944519043
convnext_small_full,p1_28221,deletion,0.6,0.8417282700538635
convnext_small_full,p1_28221,deletion,0.8,0.8414957920710245
convnext_small_full,p1_28221,deletion,1.0,0.34399962425231934
convnext_small_full,p1_28221,insertion,0.0,0.34399962425231934
convnext_small_full,p1_28221,insertion,0.1,0.7370713551839193
convnext_small_full,p1_28221,insertion,0.2,0.9547600944836935
convnext_small_full,p1_28221,insertion,0.4,0.9951796730359396
convnext_small_full,p1_28221,insertion,0.6,0.9988646705945333
convnext_small_full,p1_28221,insertion,0.8,0.9997590581576029
convnext_small_full,p1_28221,insertion,1.0,0.999909241994222
convnext_small_full,p1_28221,random_deletion,0.0,0.999909241994222
convnext_small_full,p1_28221,random_deletion,0.1,0.9998320539792379
convnext_small_full,p1_28221,random_deletion,0.2,0.999709685643514
convnext_small_full,p1_28221,random_deletion,0.4,0.9997936685880026
convnext_small_full,p1_28221,random_deletion,0.6,0.9989942709604899
convnext_small_full,p1_28221,random_deletion,0.8,0.8168186148007711
convnext_small_full,p1_28221,random_deletion,1.0,0.34399962425231934
convnext_small_full,p1_28820,deletion,0.0,0.999997615814209
convnext_small_full,p1_28820,deletion,0.1,0.9997235933939616
convnext_small_full,p1_28820,deletion,0.2,0.2530764142672221
convnext_small_full,p1_28820,deletion,0.4,0.2449189213414987
convnext_small_full,p1_28820,deletion,0.6,0.7407063841819763
convnext_small_full,p1_28820,deletion,0.8,0.8885321617126465
convnext_small_full,p1_28820,deletion,1.0,0.9998573462168375
convnext_small_full,p1_28820,insertion,0.0,0.9998573462168375
convnext_small_full,p1_28820,insertion,0.1,0.9995208978652954
convnext_small_full,p1_28820,insertion,0.2,0.9999536275863647
convnext_small_full,p1_28820,insertion,0.4,0.9999892314275106
convnext_small_full,p1_28820,insertion,0.6,0.9999975760777792
convnext_small_full,p1_28820,insertion,0.8,0.9999934832255045
convnext_small_full,p1_28820,insertion,1.0,0.999997615814209
convnext_small_full,p1_28820,random_deletion,0.0,0.999997615814209
convnext_small_full,p1_28820,random_deletion,0.1,0.9999980131785074
convnext_small_full,p1_28820,random_deletion,0.2,0.9999925295511881
convnext_small_full,p1_28820,random_deletion,0.4,0.9999749263127645
convnext_small_full,p1_28820,random_deletion,0.6,0.990608016649882
convnext_small_full,p1_28820,random_deletion,0.8,0.9601517717043558
convnext_small_full,p1_28820,random_deletion,1.0,0.9998573462168375
convnext_small_full,p1_28940,deletion,0.0,0.9800741672515869
convnext_small_full,p1_28940,deletion,0.1,0.7456656098365784
convnext_small_full,p1_28940,deletion,0.2,0.034113509114831686
convnext_small_full,p1_28940,deletion,0.4,0.031982628628611565
convnext_small_full,p1_28940,deletion,0.6,0.02326278838639458
convnext_small_full,p1_28940,deletion,0.8,0.0047431822555760545
convnext_small_full,p1_28940,deletion,1.0,0.017860725832482178
convnext_small_full,p1_28940,insertion,0.0,0.017860725832482178
convnext_small_full,p1_28940,insertion,0.1,0.14493652308980623
convnext_small_full,p1_28940,insertion,0.2,0.5618268760542074
convnext_small_full,p1_28940,insertion,0.4,0.6998777190844218
convnext_small_full,p1_28940,insertion,0.6,0.6980350812276205
convnext_small_full,p1_28940,insertion,0.8,0.8981921076774597
convnext_small_full,p1_28940,insertion,1.0,0.9800741672515869
convnext_small_full,p1_28940,random_deletion,0.0,0.9800741672515869
convnext_small_full,p1_28940,random_deletion,0.1,0.9660555720329285
convnext_small_full,p1_28940,random_deletion,0.2,0.920697291692098
convnext_small_full,p1_28940,random_deletion,0.4,0.13138055304686228
convnext_small_full,p1_28940,random_deletion,0.6,0.5908917387326559
convnext_small_full,p1_28940,random_deletion,0.8,0.0068967705592513084
convnext_small_full,p1_28940,random_deletion,1.0,0.017860725832482178
convnext_small_full,p1_29225,deletion,0.0,0.9997302095095316
convnext_small_full,p1_29225,deletion,0.1,0.9992032845815023
convnext_small_full,p1_29225,deletion,0.2,0.9996082385381063
convnext_small_full,p1_29225,deletion,0.4,0.999440054098765
convnext_small_full,p1_29225,deletion,0.6,0.9994723796844482
convnext_small_full,p1_29225,deletion,0.8,0.9998223781585693
convnext_small_full,p1_29225,deletion,1.0,0.9998315771420797
convnext_small_full,p1_29225,insertion,0.0,0.9998315771420797
convnext_small_full,p1_29225,insertion,0.1,0.999944806098938
convnext_small_full,p1_29225,insertion,0.2,0.9999207258224487
convnext_small_full,p1_29225,insertion,0.4,0.9999720255533854
convnext_small_full,p1_29225,insertion,0.6,0.9999361832936605
convnext_small_full,p1_29225,insertion,0.8,0.9999083677927653
convnext_small_full,p1_29225,insertion,1.0,0.9997302095095316
convnext_small_full,p1_29225,random_deletion,0.0,0.9997302095095316
convnext_small_full,p1_29225,random_deletion,0.1,0.999915877978007
convnext_small_full,p1_29225,random_deletion,0.2,0.9999321699142456
convnext_small_full,p1_29225,random_deletion,0.4,0.9997872511545817
convnext_small_full,p1_29225,random_deletion,0.6,0.9993806083997091
convnext_small_full,p1_29225,random_deletion,0.8,0.99930739402771
convnext_small_full,p1_29225,random_deletion,1.0,0.9998315771420797
convnext_small_full,p1_29288,deletion,0.0,0.9802811741828918
convnext_small_full,p1_29288,deletion,0.1,0.7150996774435043
convnext_small_full,p1_29288,deletion,0.2,0.04068373780076703
convnext_small_full,p1_29288,deletion,0.4,0.4865860939025879
convnext_small_full,p1_29288,deletion,0.6,0.33210645119349164
convnext_small_full,p1_29288,deletion,0.8,0.5840936501820883
convnext_small_full,p1_29288,deletion,1.0,0.5861825446287791
convnext_small_full,p1_29288,insertion,0.0,0.5861825446287791
convnext_small_full,p1_29288,insertion,0.1,0.988560954729716
convnext_small_full,p1_29288,insertion,0.2,0.9966639081637064
convnext_small_full,p1_29288,insertion,0.4,0.9678659439086914
convnext_small_full,p1_29288,insertion,0.6,0.9860296845436096
convnext_small_full,p1_29288,insertion,0.8,0.9595024784406027
convnext_small_full,p1_29288,insertion,1.0,0.9802811741828918
convnext_small_full,p1_29288,random_deletion,0.0,0.9802811741828918
convnext_small_full,p1_29288,random_deletion,0.1,0.9756462176640829
convnext_small_full,p1_29288,random_deletion,0.2,0.9685237010320028
convnext_small_full,p1_29288,random_deletion,0.4,0.9495623509089152
convnext_small_full,p1_29288,random_deletion,0.6,0.9359553654988607
convnext_small_full,p1_29288,random_deletion,0.8,0.7388249238332113
convnext_small_full,p1_29288,random_deletion,1.0,0.5861825446287791
convnext_small_full,p1_30030,deletion,0.0,0.9999062220255533
convnext_small_full,p1_30030,deletion,0.1,0.9996955990791321
convnext_small_full,p1_30030,deletion,0.2,0.9997473160425822
convnext_small_full,p1_30030,deletion,0.4,0.9973998467127482
convnext_small_full,p1_30030,deletion,0.6,0.9920153816541036
convnext_small_full,p1_30030,deletion,0.8,0.9805583556493124
convnext_small_full,p1_30030,deletion,1.0,0.9548894961675009
convnext_small_full,p1_30030,insertion,0.0,0.9548894961675009
convnext_small_full,p1_30030,insertion,0.1,0.8680028716723124
convnext_small_full,p1_30030,insertion,0.2,0.9533793131510416
convnext_small_full,p1_30030,insertion,0.4,0.9088285565376282
convnext_small_full,p1_30030,insertion,0.6,0.9872069557507833
convnext_small_full,p1_30030,insertion,0.8,0.995046854019165
convnext_small_full,p1_30030,insertion,1.0,0.9999062220255533
convnext_small_full,p1_30030,random_deletion,0.0,0.9999062220255533
convnext_small_full,p1_30030,random_deletion,0.1,0.9999647537867228
convnext_small_full,p1_30030,random_deletion,0.2,0.9999006390571594
convnext_small_full,p1_30030,random_deletion,0.4,0.9950722058614095
convnext_small_full,p1_30030,random_deletion,0.6,0.9905927578608195
convnext_small_full,p1_30030,random_deletion,0.8,0.7794479727745056
convnext_small_full,p1_30030,random_deletion,1.0,0.9548894961675009
convnext_small_full,p1_30045,deletion,0.0,0.9955657919247946
convnext_small_full,p1_30045,deletion,0.1,0.9143213232358297
convnext_small_full,p1_30045,deletion,0.2,0.3704620798428853
convnext_small_full,p1_30045,deletion,0.4,0.7149006724357605
convnext_small_full,p1_30045,deletion,0.6,0.9499904115994772
convnext_small_full,p1_30045,deletion,0.8,0.9427863160769144
convnext_small_full,p1_30045,deletion,1.0,0.9904775222142538
convnext_small_full,p1_30045,insertion,0.0,0.9904775222142538
convnext_small_full,p1_30045,insertion,0.1,0.9999651908874512
convnext_small_full,p1_30045,insertion,0.2,0.9994439880053202
convnext_small_full,p1_30045,insertion,0.4,0.9813067317008972
convnext_small_full,p1_30045,insertion,0.6,0.9636406302452087
convnext_small_full,p1_30045,insertion,0.8,0.9655440052350363
convnext_small_full,p1_30045,insertion,1.0,0.9955657919247946
convnext_small_full,p1_30045,random_deletion,0.0,0.9955657919247946
convnext_small_full,p1_30045,random_deletion,0.1,0.9964914123217264
convnext_small_full,p1_30045,random_deletion,0.2,0.9992567102114359
convnext_small_full,p1_30045,random_deletion,0.4,0.9893273909886678
convnext_small_full,p1_30045,random_deletion,0.6,0.6092436909675598
convnext_small_full,p1_30045,random_deletion,0.8,0.3360691914955775
convnext_small_full,p1_30045,random_deletion,1.0,0.9904775222142538
convnext_small_full,p1_30059,deletion,0.0,0.9999964237213135
convnext_small_full,p1_30059,deletion,0.1,0.9996655583381653
convnext_small_full,p1_30059,deletion,0.2,0.9604332049687704
convnext_small_full,p1_30059,deletion,0.4,0.961642841498057
convnext_small_full,p1_30059,deletion,0.6,0.9579047362009684
convnext_small_full,p1_30059,deletion,0.8,0.6685308118661245
convnext_small_full,p1_30059,deletion,1.0,0.7017078399658203
convnext_small_full,p1_30059,insertion,0.0,0.7017078399658203
convnext_small_full,p1_30059,insertion,0.1,0.9999509255091349
convnext_small_full,p1_30059,insertion,0.2,0.999997099240621
convnext_small_full,p1_30059,insertion,0.4,0.9999935626983643
convnext_small_full,p1_30059,insertion,0.6,0.9999909400939941
convnext_small_full,p1_30059,insertion,0.8,0.9999938805898031
convnext_small_full,p1_30059,insertion,1.0,0.9999964237213135
convnext_small_full,p1_30059,random_deletion,0.0,0.9999964237213135
convnext_small_full,p1_30059,random_deletion,0.1,0.9999953508377075
convnext_small_full,p1_30059,random_deletion,0.2,0.9999877214431763
convnext_small_full,p1_30059,random_deletion,0.4,0.9999712705612183
convnext_small_full,p1_30059,random_deletion,0.6,0.9999728600184122
convnext_small_full,p1_30059,random_deletion,0.8,0.9999264081319174
convnext_small_full,p1_30059,random_deletion,1.0,0.7017078399658203
convnext_small_full,p1_30271,deletion,0.0,0.9993647535641988
convnext_small_full,p1_30271,deletion,0.1,0.9579794406890869
convnext_small_full,p1_30271,deletion,0.2,0.8646329243977865
convnext_small_full,p1_30271,deletion,0.4,0.39512214064598083
convnext_small_full,p1_30271,deletion,0.6,0.5255231658617655
convnext_small_full,p1_30271,deletion,0.8,0.5502985715866089
convnext_small_full,p1_30271,deletion,1.0,0.3819424311319987
convnext_small_full,p1_30271,insertion,0.0,0.3819424311319987
convnext_small_full,p1_30271,insertion,0.1,0.9998332262039185
convnext_small_full,p1_30271,insertion,0.2,0.9997989932696024
convnext_small_full,p1_30271,insertion,0.4,0.9994039535522461
convnext_small_full,p1_30271,insertion,0.6,0.9990616242090861
convnext_small_full,p1_30271,insertion,0.8,0.9991721113522848
convnext_small_full,p1_30271,insertion,1.0,0.9993647535641988
convnext_small_full,p1_30271,random_deletion,0.0,0.9993647535641988
convnext_small_full,p1_30271,random_deletion,0.1,0.9772317806879679
convnext_small_full,p1_30271,random_deletion,0.2,0.9354645808537801
convnext_small_full,p1_30271,random_deletion,0.4,0.9564005335172018
convnext_small_full,p1_30271,random_deletion,0.6,0.9379459023475647
convnext_small_full,p1_30271,random_deletion,0.8,0.6318021416664124
convnext_small_full,p1_30271,random_deletion,1.0,0.3819424311319987
convnext_small_full,p1_31007,deletion,0.0,0.9999996423721313
convnext_small_full,p1_31007,deletion,0.1,0.9999866088231405
convnext_small_full,p1_31007,deletion,0.2,0.9999797741572062
convnext_small_full,p1_31007,deletion,0.4,0.9978811542193095
convnext_small_full,p1_31007,deletion,0.6,0.7404074172178904
convnext_small_full,p1_31007,deletion,0.8,0.7441226641337076
convnext_small_full,p1_31007,deletion,1.0,0.6809421380360922
convnext_small_full,p1_31007,insertion,0.0,0.6809421380360922
convnext_small_full,p1_31007,insertion,0.1,0.9990842739741007
convnext_small_full,p1_31007,insertion,0.2,0.9994282325108846
convnext_small_full,p1_31007,insertion,0.4,0.999945600827535
convnext_small_full,p1_31007,insertion,0.6,0.9999919335047404
convnext_small_full,p1_31007,insertion,0.8,0.9999982118606567
convnext_small_full,p1_31007,insertion,1.0,0.9999996423721313
convnext_small_full,p1_31007,random_deletion,0.0,0.9999996423721313
convnext_small_full,p1_31007,random_deletion,0.1,0.9999995231628418
convnext_small_full,p1_31007,random_deletion,0.2,0.9999993244806925
convnext_small_full,p1_31007,random_deletion,0.4,0.9999951918919882
convnext_small_full,p1_31007,random_deletion,0.6,0.9999367793401083
convnext_small_full,p1_31007,random_deletion,0.8,0.851783275604248
convnext_small_full,p1_31007,random_deletion,1.0,0.6809421380360922
convnext_small_full,p1_31024,deletion,0.0,0.9999530712763468
convnext_small_full,p1_31024,deletion,0.1,0.9998442331949869
convnext_small_full,p1_31024,deletion,0.2,0.937944233417511
convnext_small_full,p1_31024,deletion,0.4,0.9915610551834106
convnext_small_full,p1_31024,deletion,0.6,0.995956023534139
convnext_small_full,p1_31024,deletion,0.8,0.9966637492179871
convnext_small_full,p1_31024,deletion,1.0,0.9958825508753458
convnext_small_full,p1_31024,insertion,0.0,0.9958825508753458
convnext_small_full,p1_31024,insertion,0.1,0.9965623418490092
convnext_small_full,p1_31024,insertion,0.2,0.9981034199396769
convnext_small_full,p1_31024,insertion,0.4,0.9995750586191813
convnext_small_full,p1_31024,insertion,0.6,0.999901552995046
convnext_small_full,p1_31024,insertion,0.8,0.9999572436014811
convnext_small_full,p1_31024,insertion,1.0,0.9999530712763468
convnext_small_full,p1_31024,random_deletion,0.0,0.9999530712763468
convnext_small_full,p1_31024,random_deletion,0.1,0.9999671379725138
convnext_small_full,p1_31024,random_deletion,0.2,0.9999713102976481
convnext_small_full,p1_31024,random_deletion,0.4,0.9986043373743693
convnext_small_full,p1_31024,random_deletion,0.6,0.9773688316345215
convnext_small_full,p1_31024,random_deletion,0.8,0.9922492305437723
convnext_small_full,p1_31024,random_deletion,1.0,0.9958825508753458
convnext_small_full,p1_31164,deletion,0.0,0.9999998807907104
convnext_small_full,p1_31164,deletion,0.1,0.9999998807907104
convnext_small_full,p1_31164,deletion,0.2,0.9999998013178507
convnext_small_full,p1_31164,deletion,0.4,0.999999483426412
convnext_small_full,p1_31164,deletion,0.6,0.9999981721242269
convnext_small_full,p1_31164,deletion,0.8,0.990554134051005
convnext_small_full,p1_31164,deletion,1.0,0.19811161855856577
convnext_small_full,p1_31164,insertion,0.0,0.19811161855856577
convnext_small_full,p1_31164,insertion,0.1,0.05442743500073751
convnext_small_full,p1_31164,insertion,0.2,0.025145514557758968
convnext_small_full,p1_31164,insertion,0.4,0.17976070692141852
convnext_small_full,p1_31164,insertion,0.6,0.999980092048645
convnext_small_full,p1_31164,insertion,0.8,0.9999998807907104
convnext_small_full,p1_31164,insertion,1.0,0.9999998807907104
convnext_small_full,p1_31164,random_deletion,0.0,0.9999998807907104
convnext_small_full,p1_31164,random_deletion,0.1,0.9999998807907104
convnext_small_full,p1_31164,random_deletion,0.2,0.9999994039535522
convnext_small_full,p1_31164,random_deletion,0.4,0.9999954303105673
convnext_small_full,p1_31164,random_deletion,0.6,0.9716339310010275
convnext_small_full,p1_31164,random_deletion,0.8,0.493885080019633
convnext_small_full,p1_31164,random_deletion,1.0,0.19811161855856577
convnext_small_full,p1_31455,deletion,0.0,0.9999990065892538
convnext_small_full,p1_31455,deletion,0.1,0.9999726215998331
convnext_small_full,p1_31455,deletion,0.2,0.8088403145472208
convnext_small_full,p1_31455,deletion,0.4,0.5437042415142059
convnext_small_full,p1_31455,deletion,0.6,0.6722207367420197
convnext_small_full,p1_31455,deletion,0.8,0.3335315187772115
convnext_small_full,p1_31455,deletion,1.0,0.4842809538046519
convnext_small_full,p1_31455,insertion,0.0,0.4842809538046519
convnext_small_full,p1_31455,insertion,0.1,0.34556013842423755
convnext_small_full,p1_31455,insertion,0.2,0.999983549118042
convnext_small_full,p1_31455,insertion,0.4,0.9999995628992716
convnext_small_full,p1_31455,insertion,0.6,0.999999205271403
convnext_small_full,p1_31455,insertion,0.8,0.9999990860621134
convnext_small_full,p1_31455,insertion,1.0,0.9999990065892538
convnext_small_full,p1_31455,random_deletion,0.0,0.9999990065892538
convnext_small_full,p1_31455,random_deletion,0.1,0.999998410542806
convnext_small_full,p1_31455,random_deletion,0.2,0.9999994039535522
convnext_small_full,p1_31455,random_deletion,0.4,0.9999956289927164
convnext_small_full,p1_31455,random_deletion,0.6,0.9995410839716593
convnext_small_full,p1_31455,random_deletion,0.8,0.011732582623759905
convnext_small_full,p1_31455,random_deletion,1.0,0.4842809538046519
convnext_small_full,p1_31598,deletion,0.0,0.999859074751536
convnext_small_full,p1_31598,deletion,0.1,0.998712400595347
convnext_small_full,p1_31598,deletion,0.2,0.9712880651156107
convnext_small_full,p1_31598,deletion,0.4,0.9467730323473612
convnext_small_full,p1_31598,deletion,0.6,0.8806323210398356
convnext_small_full,p1_31598,deletion,0.8,0.9792754054069519
convnext_small_full,p1_31598,deletion,1.0,0.9876637856165568
convnext_small_full,p1_31598,insertion,0.0,0.9876637856165568
convnext_small_full,p1_31598,insertion,0.1,0.987049400806427
convnext_small_full,p1_31598,insertion,0.2,0.9994795322418213
convnext_small_full,p1_31598,insertion,0.4,0.9997190435727438
convnext_small_full,p1_31598,insertion,0.6,0.9999497334162394
convnext_small_full,p1_31598,insertion,0.8,0.999870757261912
convnext_small_full,p1_31598,insertion,1.0,0.999859074751536
convnext_small_full,p1_31598,random_deletion,0.0,0.999859074751536
convnext_small_full,p1_31598,random_deletion,0.1,0.9998665253321329
convnext_small_full,p1_31598,random_deletion,0.2,0.9993977546691895
convnext_small_full,p1_31598,random_deletion,0.4,0.9998044371604919
convnext_small_full,p1_31598,random_deletion,0.6,0.9997700651486715
convnext_small_full,p1_31598,random_deletion,0.8,0.9920869469642639
convnext_small_full,p1_31598,random_deletion,1.0,0.9876637856165568
convnext_small_full,p1_31776,deletion,0.0,0.9999164740244547
convnext_small_full,p1_31776,deletion,0.1,0.9998611807823181
convnext_small_full,p1_31776,deletion,0.2,0.9994937976201376
convnext_small_full,p1_31776,deletion,0.4,0.9992702205975851
convnext_small_full,p1_31776,deletion,0.6,0.9933918714523315
convnext_small_full,p1_31776,deletion,0.8,0.9852825601895651
convnext_small_full,p1_31776,deletion,1.0,0.9970687031745911
convnext_small_full,p1_31776,insertion,0.0,0.9970687031745911
convnext_small_full,p1_31776,insertion,0.1,0.9996400872866312
convnext_small_full,p1_31776,insertion,0.2,0.9994084239006042
convnext_small_full,p1_31776,insertion,0.4,0.9997154275576273
convnext_small_full,p1_31776,insertion,0.6,0.9999215602874756
convnext_small_full,p1_31776,insertion,0.8,0.9999481042226156
convnext_small_full,p1_31776,insertion,1.0,0.9999164740244547
convnext_small_full,p1_31776,random_deletion,0.0,0.9999164740244547
convnext_small_full,p1_31776,random_deletion,0.1,0.9999353488286337
convnext_small_full,p1_31776,random_deletion,0.2,0.999932050704956
convnext_small_full,p1_31776,random_deletion,0.4,0.9998607635498047
convnext_small_full,p1_31776,random_deletion,0.6,0.9995111624399821
convnext_small_full,p1_31776,random_deletion,0.8,0.9831092158953348
convnext_small_full,p1_31776,random_deletion,1.0,0.9970687031745911
convnext_small_full,p1_31780,deletion,0.0,0.9999951918919882
convnext_small_full,p1_31780,deletion,0.1,0.9993963241577148
convnext_small_full,p1_31780,deletion,0.2,0.9832380414009094
convnext_small_full,p1_31780,deletion,0.4,0.9475229581197103
convnext_small_full,p1_31780,deletion,0.6,0.6932260394096375
convnext_small_full,p1_31780,deletion,0.8,0.2747930884361267
convnext_small_full,p1_31780,deletion,1.0,0.5704173843065897
convnext_small_full,p1_31780,insertion,0.0,0.5704173843065897
convnext_small_full,p1_31780,insertion,0.1,0.9924511512120565
convnext_small_full,p1_31780,insertion,0.2,0.9973627328872681
convnext_small_full,p1_31780,insertion,0.4,0.9999841849009196
convnext_small_full,p1_31780,insertion,0.6,0.9999755620956421
convnext_small_full,p1_31780,insertion,0.8,0.9999801317850748
convnext_small_full,p1_31780,insertion,1.0,0.9999951918919882
convnext_small_full,p1_31780,random_deletion,0.0,0.9999951918919882
convnext_small_full,p1_31780,random_deletion,0.1,0.9999939203262329
convnext_small_full,p1_31780,random_deletion,0.2,0.9999642372131348
convnext_small_full,p1_31780,random_deletion,0.4,0.9986346165339152
convnext_small_full,p1_31780,random_deletion,0.6,0.9814844926198324
convnext_small_full,p1_31780,random_deletion,0.8,0.6855885783831278
convnext_small_full,p1_31780,random_deletion,1.0,0.5704173843065897
convnext_small_full,p1_31884,deletion,0.0,0.999933918317159
convnext_small_full,p1_31884,deletion,0.1,0.999783972899119
convnext_small_full,p1_31884,deletion,0.2,0.9993927280108134
convnext_small_full,p1_31884,deletion,0.4,0.9963775674502054
convnext_small_full,p1_31884,deletion,0.6,0.9968441327412924
convnext_small_full,p1_31884,deletion,0.8,0.7737970352172852
convnext_small_full,p1_31884,deletion,1.0,0.8178491592407227
convnext_small_full,p1_31884,insertion,0.0,0.8178491592407227
convnext_small_full,p1_31884,insertion,0.1,0.9381618102391561
convnext_small_full,p1_31884,insertion,0.2,0.9750359654426575
convnext_small_full,p1_31884,insertion,0.4,0.9969996611277262
convnext_small_full,p1_31884,insertion,0.6,0.9999212423960367
convnext_small_full,p1_31884,insertion,0.8,0.9997862776120504
convnext_small_full,p1_31884,insertion,1.0,0.999933918317159
convnext_small_full,p1_31884,random_deletion,0.0,0.999933918317159
convnext_small_full,p1_31884,random_deletion,0.1,0.999964714050293
convnext_small_full,p1_31884,random_deletion,0.2,0.9999318520228068
convnext_small_full,p1_31884,random_deletion,0.4,0.9986317753791809
convnext_small_full,p1_31884,random_deletion,0.6,0.9961955149968466
convnext_small_full,p1_31884,random_deletion,0.8,0.7116882006327311
convnext_small_full,p1_31884,random_deletion,1.0,0.8178491592407227
convnext_small_full,p1_31899,deletion,0.0,0.9985063870747884
convnext_small_full,p1_31899,deletion,0.1,0.9837115605672201
convnext_small_full,p1_31899,deletion,0.2,0.9879898428916931
convnext_small_full,p1_31899,deletion,0.4,0.9688518047332764
convnext_small_full,p1_31899,deletion,0.6,0.9391278028488159
convnext_small_full,p1_31899,deletion,0.8,0.7943455378214518
convnext_small_full,p1_31899,deletion,1.0,0.7412784298261007
convnext_small_full,p1_31899,insertion,0.0,0.7412784298261007
convnext_small_full,p1_31899,insertion,0.1,0.6375457048416138
convnext_small_full,p1_31899,insertion,0.2,0.9532220164934794
convnext_small_full,p1_31899,insertion,0.4,0.9882665077845255
convnext_small_full,p1_31899,insertion,0.6,0.9938933849334717
convnext_small_full,p1_31899,insertion,0.8,0.9982414046923319
convnext_small_full,p1_31899,insertion,1.0,0.9985063870747884
convnext_small_full,p1_31899,random_deletion,0.0,0.9985063870747884
convnext_small_full,p1_31899,random_deletion,0.1,0.9965821703275045
convnext_small_full,p1_31899,random_deletion,0.2,0.9902432560920715
convnext_small_full,p1_31899,random_deletion,0.4,0.9077608187993368
convnext_small_full,p1_31899,random_deletion,0.6,0.9513653914133707
convnext_small_full,p1_31899,random_deletion,0.8,0.7361160318056742
convnext_small_full,p1_31899,random_deletion,1.0,0.7412784298261007
convnext_small_full,p1_32133,deletion,0.0,0.9229650696118673
convnext_small_full,p1_32133,deletion,0.1,0.46093926827112836
convnext_small_full,p1_32133,deletion,0.2,0.17738679548104605
convnext_small_full,p1_32133,deletion,0.4,0.25185892979304
convnext_small_full,p1_32133,deletion,0.6,0.20381581286589304
convnext_small_full,p1_32133,deletion,0.8,0.5878738363583883
convnext_small_full,p1_32133,deletion,1.0,0.7170554995536804
convnext_small_full,p1_32133,insertion,0.0,0.7170554995536804
convnext_small_full,p1_32133,insertion,0.1,0.9195672273635864
convnext_small_full,p1_32133,insertion,0.2,0.8247573574384054
convnext_small_full,p1_32133,insertion,0.4,0.9119838277498881
convnext_small_full,p1_32133,insertion,0.6,0.8990981777509054
convnext_small_full,p1_32133,insertion,0.8,0.9205690224965414
convnext_small_full,p1_32133,insertion,1.0,0.9229650696118673
convnext_small_full,p1_32133,random_deletion,0.0,0.9229650696118673
convnext_small_full,p1_32133,random_deletion,0.1,0.8647697766621908
convnext_small_full,p1_32133,random_deletion,0.2,0.9617869655291239
convnext_small_full,p1_32133,random_deletion,0.4,0.9981920719146729
convnext_small_full,p1_32133,random_deletion,0.6,0.6755599578221639
convnext_small_full,p1_32133,random_deletion,0.8,0.816940446694692
convnext_small_full,p1_32133,random_deletion,1.0,0.7170554995536804
convnext_small_full,p1_32222,deletion,0.0,0.9996580084164938
convnext_small_full,p1_32222,deletion,0.1,0.9931687116622925
convnext_small_full,p1_32222,deletion,0.2,0.9847590128580729
convnext_small_full,p1_32222,deletion,0.4,0.958637018998464
convnext_small_full,p1_32222,deletion,0.6,0.71738600730896
convnext_small_full,p1_32222,deletion,0.8,0.35712481538454693
convnext_small_full,p1_32222,deletion,1.0,0.8177426854769388
convnext_small_full,p1_32222,insertion,0.0,0.8177426854769388
convnext_small_full,p1_32222,insertion,0.1,0.9264598687489828
convnext_small_full,p1_32222,insertion,0.2,0.9324441949526469
convnext_small_full,p1_32222,insertion,0.4,0.9990337093671163
convnext_small_full,p1_32222,insertion,0.6,0.9970754186312357
convnext_small_full,p1_32222,insertion,0.8,0.9987011949221293
convnext_small_full,p1_32222,insertion,1.0,0.9996580084164938
convnext_small_full,p1_32222,random_deletion,0.0,0.9996580084164938
convnext_small_full,p1_32222,random_deletion,0.1,0.9992703596750895
convnext_small_full,p1_32222,random_deletion,0.2,0.9970407088597616
convnext_small_full,p1_32222,random_deletion,0.4,0.9681252439816793
convnext_small_full,p1_32222,random_deletion,0.6,0.6747174263000488
convnext_small_full,p1_32222,random_deletion,0.8,0.9578319986661276
convnext_small_full,p1_32222,random_deletion,1.0,0.8177426854769388
convnext_small_full,p1_32524,deletion,0.0,0.9967584808667501
convnext_small_full,p1_32524,deletion,0.1,0.6889373064041138
convnext_small_full,p1_32524,deletion,0.2,0.21394882102807364
convnext_small_full,p1_32524,deletion,0.4,0.1715297351280848
convnext_small_full,p1_32524,deletion,0.6,0.20871375252803168
convnext_small_full,p1_32524,deletion,0.8,0.07365906486908595
convnext_small_full,p1_32524,deletion,1.0,0.07446775957942009
convnext_small_full,p1_32524,insertion,0.0,0.07446775957942009
convnext_small_full,p1_32524,insertion,0.1,0.999815305074056
convnext_small_full,p1_32524,insertion,0.2,0.9994406302769979
convnext_small_full,p1_32524,insertion,0.4,0.9977700511614481
convnext_small_full,p1_32524,insertion,0.6,0.997168779373169
convnext_small_full,p1_32524,insertion,0.8,0.9986123442649841
convnext_small_full,p1_32524,insertion,1.0,0.9967584808667501
convnext_small_full,p1_32524,random_deletion,0.0,0.9967584808667501
convnext_small_full,p1_32524,random_deletion,0.1,0.9948583245277405
convnext_small_full,p1_32524,random_deletion,0.2,0.9949325919151306
convnext_small_full,p1_32524,random_deletion,0.4,0.9328315059343973
convnext_small_full,p1_32524,random_deletion,0.6,0.7071695129076639
convnext_small_full,p1_32524,random_deletion,0.8,0.2508716434240341
convnext_small_full,p1_32524,random_deletion,1.0,0.07446775957942009
convnext_small_full,p1_32723,deletion,0.0,0.9996859232584635
convnext_small_full,p1_32723,deletion,0.1,0.8014281988143921
convnext_small_full,p1_32723,deletion,0.2,0.6327202717463175
convnext_small_full,p1_32723,deletion,0.4,0.4356165329615275
convnext_small_full,p1_32723,deletion,0.6,0.22544340789318085
convnext_small_full,p1_32723,deletion,0.8,0.5981267690658569
convnext_small_full,p1_32723,deletion,1.0,0.649520347515742
convnext_small_full,p1_32723,insertion,0.0,0.649520347515742
convnext_small_full,p1_32723,insertion,0.1,0.8260300358136495
convnext_small_full,p1_32723,insertion,0.2,0.9963716069857279
convnext_small_full,p1_32723,insertion,0.4,0.9998406370480856
convnext_small_full,p1_32723,insertion,0.6,0.9998253782590231
convnext_small_full,p1_32723,insertion,0.8,0.9997766812642416
convnext_small_full,p1_32723,insertion,1.0,0.9996859232584635
convnext_small_full,p1_32723,random_deletion,0.0,0.9996859232584635
convnext_small_full,p1_32723,random_deletion,0.1,0.9997130831082662
convnext_small_full,p1_32723,random_deletion,0.2,0.9994511008262634
convnext_small_full,p1_32723,random_deletion,0.4,0.9996527036031088
convnext_small_full,p1_32723,random_deletion,0.6,0.9977613886197408
convnext_small_full,p1_32723,random_deletion,0.8,0.9813858270645142
convnext_small_full,p1_32723,random_deletion,1.0,0.649520347515742
convnext_small_full,p1_32774,deletion,0.0,0.9999708334604899
convnext_small_full,p1_32774,deletion,0.1,0.9982239007949829
convnext_small_full,p1_32774,deletion,0.2,0.9913821816444397
convnext_small_full,p1_32774,deletion,0.4,0.9387855132420858
convnext_small_full,p1_32774,deletion,0.6,0.8134566148122152
convnext_small_full,p1_32774,deletion,0.8,0.7333658536275228
convnext_small_full,p1_32774,deletion,1.0,0.3755701382954915
convnext_small_full,p1_32774,insertion,0.0,0.3755701382954915
convnext_small_full,p1_32774,insertion,0.1,0.8848841786384583
convnext_small_full,p1_32774,insertion,0.2,0.9953363140424093
convnext_small_full,p1_32774,insertion,0.4,0.9997329711914062
convnext_small_full,p1_32774,insertion,0.6,0.9999676942825317
convnext_small_full,p1_32774,insertion,0.8,0.9999672571818033
convnext_small_full,p1_32774,insertion,1.0,0.9999708334604899
convnext_small_full,p1_32774,random_deletion,0.0,0.9999708334604899
convnext_small_full,p1_32774,random_deletion,0.1,0.9997339646021525
convnext_small_full,p1_32774,random_deletion,0.2,0.9998204708099365
convnext_small_full,p1_32774,random_deletion,0.4,0.9920123219490051
convnext_small_full,p1_32774,random_deletion,0.6,0.9808542728424072
convnext_small_full,p1_32774,random_deletion,0.8,0.6706463595231374
convnext_small_full,p1_32774,random_deletion,1.0,0.3755701382954915
convnext_small_full,p1_32872,deletion,0.0,0.9999530712763468
convnext_small_full,p1_32872,deletion,0.1,0.9996802806854248
convnext_small_full,p1_32872,deletion,0.2,0.9994109471638998
convnext_small_full,p1_32872,deletion,0.4,0.9858172138532003
convnext_small_full,p1_32872,deletion,0.6,0.9997164209683737
convnext_small_full,p1_32872,deletion,0.8,0.9999305009841919
convnext_small_full,p1_32872,deletion,1.0,0.9999324083328247
convnext_small_full,p1_32872,insertion,0.0,0.9999324083328247
convnext_small_full,p1_32872,insertion,0.1,0.9999778668085734
convnext_small_full,p1_32872,insertion,0.2,0.9999494155248007
convnext_small_full,p1_32872,insertion,0.4,0.9999825159708658
convnext_small_full,p1_32872,insertion,0.6,0.999977191289266
convnext_small_full,p1_32872,insertion,0.8,0.9999653100967407
convnext_small_full,p1_32872,insertion,1.0,0.9999530712763468
convnext_small_full,p1_32872,random_deletion,0.0,0.9999530712763468
convnext_small_full,p1_32872,random_deletion,0.1,0.9999487400054932
convnext_small_full,p1_32872,random_deletion,0.2,0.9999373356501261
convnext_small_full,p1_32872,random_deletion,0.4,0.99988853931427
convnext_small_full,p1_32872,random_deletion,0.6,0.9998939434687296
convnext_small_full,p1_32872,random_deletion,0.8,0.9999504486719767
convnext_small_full,p1_32872,random_deletion,1.0,0.9999324083328247
convnext_small_full,p1_33044,deletion,0.0,0.9998942017555237
convnext_small_full,p1_33044,deletion,0.1,0.9845320582389832
convnext_small_full,p1_33044,deletion,0.2,0.9040365815162659
convnext_small_full,p1_33044,deletion,0.4,0.8178080717722574
convnext_small_full,p1_33044,deletion,0.6,0.7322002847989401
convnext_small_full,p1_33044,deletion,0.8,0.6853964726130167
convnext_small_full,p1_33044,deletion,1.0,0.6255206863085429
convnext_small_full,p1_33044,insertion,0.0,0.6255206863085429
convnext_small_full,p1_33044,insertion,0.1,0.9717680613199869
convnext_small_full,p1_33044,insertion,0.2,0.9999635616938273
convnext_small_full,p1_33044,insertion,0.4,0.999938170115153
convnext_small_full,p1_33044,insertion,0.6,0.9999556938807169
convnext_small_full,p1_33044,insertion,0.8,0.9999541441599528
convnext_small_full,p1_33044,insertion,1.0,0.9998942017555237
convnext_small_full,p1_33044,random_deletion,0.0,0.9998942017555237
convnext_small_full,p1_33044,random_deletion,0.1,0.9998209476470947
convnext_small_full,p1_33044,random_deletion,0.2,0.9991956750551859
convnext_small_full,p1_33044,random_deletion,0.4,0.9887054363886515
convnext_small_full,p1_33044,random_deletion,0.6,0.9852186441421509
convnext_small_full,p1_33044,random_deletion,0.8,0.7891267140706381
convnext_small_full,p1_33044,random_deletion,1.0,0.6255206863085429
convnext_small_full,p1_33151,deletion,0.0,0.9999999205271403
convnext_small_full,p1_33151,deletion,0.1,0.9999998013178507
convnext_small_full,p1_33151,deletion,0.2,0.9999997218449911
convnext_small_full,p1_33151,deletion,0.4,0.9999966224034628
convnext_small_full,p1_33151,deletion,0.6,0.9999976555506388
convnext_small_full,p1_33151,deletion,0.8,0.99977179368337
convnext_small_full,p1_33151,deletion,1.0,0.01239021106933554
convnext_small_full,p1_33151,insertion,0.0,0.01239021106933554
convnext_small_full,p1_33151,insertion,0.1,0.015485638752579689
convnext_small_full,p1_33151,insertion,0.2,0.019373280617098015
convnext_small_full,p1_33151,insertion,0.4,0.015962424067159493
convnext_small_full,p1_33151,insertion,0.6,0.013989855845769247
convnext_small_full,p1_33151,insertion,0.8,0.043184960881868996
convnext_small_full,p1_33151,insertion,1.0,0.9999999205271403
convnext_small_full,p1_33151,random_deletion,0.0,0.9999999205271403
convnext_small_full,p1_33151,random_deletion,0.1,0.9999998807907104
convnext_small_full,p1_33151,random_deletion,0.2,0.23190249999364218
convnext_small_full,p1_33151,random_deletion,0.4,0.08085238002240658
convnext_small_full,p1_33151,random_deletion,0.6,0.05122622040410837
convnext_small_full,p1_33151,random_deletion,0.8,0.009994686425973972
convnext_small_full,p1_33151,random_deletion,1.0,0.01239021106933554
convnext_small_full,p1_33322,deletion,0.0,0.9991386532783508
convnext_small_full,p1_33322,deletion,0.1,0.998125414053599
convnext_small_full,p1_33322,deletion,0.2,0.9744458595911661
convnext_small_full,p1_33322,deletion,0.4,0.9858865141868591
convnext_small_full,p1_33322,deletion,0.6,0.9960536360740662
convnext_small_full,p1_33322,deletion,0.8,0.9994527101516724
convnext_small_full,p1_33322,deletion,1.0,0.9993293881416321
convnext_small_full,p1_33322,insertion,0.0,0.9993293881416321
convnext_small_full,p1_33322,insertion,0.1,0.9995783368746439
convnext_small_full,p1_33322,insertion,0.2,0.9997900525728861
convnext_small_full,p1_33322,insertion,0.4,0.9995896617571512
convnext_small_full,p1_33322,insertion,0.6,0.9997536142667135
convnext_small_full,p1_33322,insertion,0.8,0.9994441469510397
convnext_small_full,p1_33322,insertion,1.0,0.9991386532783508
convnext_small_full,p1_33322,random_deletion,0.0,0.9991386532783508
convnext_small_full,p1_33322,random_deletion,0.1,0.999479333559672
convnext_small_full,p1_33322,random_deletion,0.2,0.9994388421376547
convnext_small_full,p1_33322,random_deletion,0.4,0.9991674423217773
convnext_small_full,p1_33322,random_deletion,0.6,0.9996225635210673
convnext_small_full,p1_33322,random_deletion,0.8,0.9998854200045267
convnext_small_full,p1_33322,random_deletion,1.0,0.9993293881416321
convnext_small_full,p1_33505,deletion,0.0,0.9992392857869467
convnext_small_full,p1_33505,deletion,0.1,0.9966183304786682
convnext_small_full,p1_33505,deletion,0.2,0.9984976251920065
convnext_small_full,p1_33505,deletion,0.4,0.9984124302864075
convnext_small_full,p1_33505,deletion,0.6,0.9926289319992065
convnext_small_full,p1_33505,deletion,0.8,0.9940224289894104
convnext_small_full,p1_33505,deletion,1.0,0.9941950440406799
convnext_small_full,p1_33505,insertion,0.0,0.9941950440406799
convnext_small_full,p1_33505,insertion,0.1,0.9997884035110474
convnext_small_full,p1_33505,insertion,0.2,0.9992553989092509
convnext_small_full,p1_33505,insertion,0.4,0.9998883008956909
convnext_small_full,p1_33505,insertion,0.6,0.9999088048934937
convnext_small_full,p1_33505,insertion,0.8,0.9998300274213155
convnext_small_full,p1_33505,insertion,1.0,0.9992392857869467
convnext_small_full,p1_33505,random_deletion,0.0,0.9992392857869467
convnext_small_full,p1_33505,random_deletion,0.1,0.9988515377044678
convnext_small_full,p1_33505,random_deletion,0.2,0.9995755354563395
convnext_small_full,p1_33505,random_deletion,0.4,0.999424397945404
convnext_small_full,p1_33505,random_deletion,0.6,0.9991958538691202
convnext_small_full,p1_33505,random_deletion,0.8,0.9988574584325155
convnext_small_full,p1_33505,random_deletion,1.0,0.9941950440406799
convnext_small_full,p1_33596,deletion,0.0,0.9831212759017944
convnext_small_full,p1_33596,deletion,0.1,0.9727477431297302
convnext_small_full,p1_33596,deletion,0.2,0.8241174618403116
convnext_small_full,p1_33596,deletion,0.4,0.4375893970330556
convnext_small_full,p1_33596,deletion,0.6,0.3006442040205002
convnext_small_full,p1_33596,deletion,0.8,0.4530245860417684
convnext_small_full,p1_33596,deletion,1.0,0.45418063799540204
convnext_small_full,p1_33596,insertion,0.0,0.45418063799540204
convnext_small_full,p1_33596,insertion,0.1,0.47121485074361164
convnext_small_full,p1_33596,insertion,0.2,0.6490535338719686
convnext_small_full,p1_33596,insertion,0.4,0.8899261355400085
convnext_small_full,p1_33596,insertion,0.6,0.9300391475359598
convnext_small_full,p1_33596,insertion,0.8,0.9937995672225952
convnext_small_full,p1_33596,insertion,1.0,0.9831212759017944
convnext_small_full,p1_33596,random_deletion,0.0,0.9831212759017944
convnext_small_full,p1_33596,random_deletion,0.1,0.9803187847137451
convnext_small_full,p1_33596,random_deletion,0.2,0.9665145675341288
convnext_small_full,p1_33596,random_deletion,0.4,0.9675687750180563
convnext_small_full,p1_33596,random_deletion,0.6,0.6428005695343018
convnext_small_full,p1_33596,random_deletion,0.8,0.5973307291666666
convnext_small_full,p1_33596,random_deletion,1.0,0.45418063799540204
convnext_small_full,p1_33694,deletion,0.0,0.9976693193117777
convnext_small_full,p1_33694,deletion,0.1,0.983291765054067
convnext_small_full,p1_33694,deletion,0.2,0.9877214829126993
convnext_small_full,p1_33694,deletion,0.4,0.9497323234875997
convnext_small_full,p1_33694,deletion,0.6,0.9323604106903076
convnext_small_full,p1_33694,deletion,0.8,0.39978310465812683
convnext_small_full,p1_33694,deletion,1.0,0.7384851972262064
convnext_small_full,p1_33694,insertion,0.0,0.7384851972262064
convnext_small_full,p1_33694,insertion,0.1,0.9787873228391012
convnext_small_full,p1_33694,insertion,0.2,0.9949014782905579
convnext_small_full,p1_33694,insertion,0.4,0.9974362452824911
convnext_small_full,p1_33694,insertion,0.6,0.9958463907241821
convnext_small_full,p1_33694,insertion,0.8,0.9995168447494507
convnext_small_full,p1_33694,insertion,1.0,0.9976693193117777
convnext_small_full,p1_33694,random_deletion,0.0,0.9976693193117777
convnext_small_full,p1_33694,random_deletion,0.1,0.9989670713742574
convnext_small_full,p1_33694,random_deletion,0.2,0.9995622436205546
convnext_small_full,p1_33694,random_deletion,0.4,0.9996282458305359
convnext_small_full,p1_33694,random_deletion,0.6,0.9980136553446451
convnext_small_full,p1_33694,random_deletion,0.8,0.9913939038912455
convnext_small_full,p1_33694,random_deletion,1.0,0.7384851972262064
convnext_small_full,p1_34017,deletion,0.0,0.9999860525131226
convnext_small_full,p1_34017,deletion,0.1,0.9999460776646932
convnext_small_full,p1_34017,deletion,0.2,0.9998872876167297
convnext_small_full,p1_34017,deletion,0.4,0.9997097651163737
convnext_small_full,p1_34017,deletion,0.6,0.9986844658851624
convnext_small_full,p1_34017,deletion,0.8,0.9993222753206888
convnext_small_full,p1_34017,deletion,1.0,0.9947014451026917
convnext_small_full,p1_34017,insertion,0.0,0.9947014451026917
convnext_small_full,p1_34017,insertion,0.1,0.9999568859736124
convnext_small_full,p1_34017,insertion,0.2,0.9999762773513794
convnext_small_full,p1_34017,insertion,0.4,0.9999825557072958
convnext_small_full,p1_34017,insertion,0.6,0.9999933242797852
convnext_small_full,p1_34017,insertion,0.8,0.9999706745147705
convnext_small_full,p1_34017,insertion,1.0,0.9999860525131226
convnext_small_full,p1_34017,random_deletion,0.0,0.9999860525131226
convnext_small_full,p1_34017,random_deletion,0.1,0.9999943574269613
convnext_small_full,p1_34017,random_deletion,0.2,0.9999953111012777
convnext_small_full,p1_34017,random_deletion,0.4,0.9999939600626627
convnext_small_full,p1_34017,random_deletion,0.6,0.9999157190322876
convnext_small_full,p1_34017,random_deletion,0.8,0.9987834692001343
convnext_small_full,p1_34017,random_deletion,1.0,0.9947014451026917
convnext_small_full,p1_34029,deletion,0.0,0.999998410542806
convnext_small_full,p1_34029,deletion,0.1,0.9998998045921326
convnext_small_full,p1_34029,deletion,0.2,0.9345590869585673
convnext_small_full,p1_34029,deletion,0.4,0.9995871583620707
convnext_small_full,p1_34029,deletion,0.6,0.9997525811195374
convnext_small_full,p1_34029,deletion,0.8,0.9996616641680399
convnext_small_full,p1_34029,deletion,1.0,0.9986152450243632
convnext_small_full,p1_34029,insertion,0.0,0.9986152450243632
convnext_small_full,p1_34029,insertion,0.1,0.9996233781178793
convnext_small_full,p1_34029,insertion,0.2,0.999997099240621
convnext_small_full,p1_34029,insertion,0.4,0.9999991257985433
convnext_small_full,p1_34029,insertion,0.6,0.9999990860621134
convnext_small_full,p1_34029,insertion,0.8,0.9999990860621134
convnext_small_full,p1_34029,insertion,1.0,0.999998410542806
convnext_small_full,p1_34029,random_deletion,0.0,0.999998410542806
convnext_small_full,p1_34029,random_deletion,0.1,0.9999985297520956
convnext_small_full,p1_34029,random_deletion,0.2,0.9999946753184
convnext_small_full,p1_34029,random_deletion,0.4,0.9998274246851603
convnext_small_full,p1_34029,random_deletion,0.6,0.9923472205797831
convnext_small_full,p1_34029,random_deletion,0.8,0.9995949268341064
convnext_small_full,p1_34029,random_deletion,1.0,0.9986152450243632
convnext_small_full,p1_34353,deletion,0.0,0.9999623696009318
convnext_small_full,p1_34353,deletion,0.1,0.9997732043266296
convnext_small_full,p1_34353,deletion,0.2,0.9992297689119974
convnext_small_full,p1_34353,deletion,0.4,0.6640591422716776
convnext_small_full,p1_34353,deletion,0.6,0.7803937792778015
convnext_small_full,p1_34353,deletion,0.8,0.9861730734507242
convnext_small_full,p1_34353,deletion,1.0,0.9989775617917379
convnext_small_full,p1_34353,insertion,0.0,0.9989775617917379
convnext_small_full,p1_34353,insertion,0.1,0.9999206860860189
convnext_small_full,p1_34353,insertion,0.2,0.9999776681264242
convnext_small_full,p1_34353,insertion,0.4,0.9999839464823405
convnext_small_full,p1_34353,insertion,0.6,0.999985416730245
convnext_small_full,p1_34353,insertion,0.8,0.9999826351801554
convnext_small_full,p1_34353,insertion,1.0,0.9999623696009318
convnext_small_full,p1_34353,random_deletion,0.0,0.9999623696009318
convnext_small_full,p1_34353,random_deletion,0.1,0.9999524354934692
convnext_small_full,p1_34353,random_deletion,0.2,0.9994120200475057
convnext_small_full,p1_34353,random_deletion,0.4,0.9997942845026652
convnext_small_full,p1_34353,random_deletion,0.6,0.9977515538533529
convnext_small_full,p1_34353,random_deletion,0.8,0.9986660877863566
convnext_small_full,p1_34353,random_deletion,1.0,0.9989775617917379
convnext_small_full,p1_34386,deletion,0.0,0.5157216986020406
convnext_small_full,p1_34386,deletion,0.1,0.1924781302611033
convnext_small_full,p1_34386,deletion,0.2,0.00018039009106966356
convnext_small_full,p1_34386,deletion,0.4,8.346554386662319e-05
convnext_small_full,p1_34386,deletion,0.6,0.0012694224909258385
convnext_small_full,p1_34386,deletion,0.8,0.1007615216076374
convnext_small_full,p1_34386,deletion,1.0,0.6981865167617798
convnext_small_full,p1_34386,insertion,0.0,0.6981865167617798
convnext_small_full,p1_34386,insertion,0.1,0.9676715532938639
convnext_small_full,p1_34386,insertion,0.2,0.9985016584396362
convnext_small_full,p1_34386,insertion,0.4,0.9833673040072123
convnext_small_full,p1_34386,insertion,0.6,0.9526679714520773
convnext_small_full,p1_34386,insertion,0.8,0.8264274398485819
convnext_small_full,p1_34386,insertion,1.0,0.5157216986020406
convnext_small_full,p1_34386,random_deletion,0.0,0.5157216986020406
convnext_small_full,p1_34386,random_deletion,0.1,0.7495201826095581
convnext_small_full,p1_34386,random_deletion,0.2,0.7172950108846029
convnext_small_full,p1_34386,random_deletion,0.4,0.24612093468507132
convnext_small_full,p1_34386,random_deletion,0.6,0.23965163777271906
convnext_small_full,p1_34386,random_deletion,0.8,0.7563277284304301
convnext_small_full,p1_34386,random_deletion,1.0,0.6981865167617798
convnext_small_full,p1_34430,deletion,0.0,0.9999995628992716
convnext_small_full,p1_34430,deletion,0.1,0.9710805416107178
convnext_small_full,p1_34430,deletion,0.2,0.9133197863896688
convnext_small_full,p1_34430,deletion,0.4,0.9806351065635681
convnext_small_full,p1_34430,deletion,0.6,0.9813432097434998
convnext_small_full,p1_34430,deletion,0.8,0.997186283270518
convnext_small_full,p1_34430,deletion,1.0,0.7275787393252054
convnext_small_full,p1_34430,insertion,0.0,0.7275787393252054
convnext_small_full,p1_34430,insertion,0.1,0.9859467546145121
convnext_small_full,p1_34430,insertion,0.2,0.9993252754211426
convnext_small_full,p1_34430,insertion,0.4,0.9999981721242269
convnext_small_full,p1_34430,insertion,0.6,0.9999982913335165
convnext_small_full,p1_34430,insertion,0.8,0.9999996423721313
convnext_small_full,p1_34430,insertion,1.0,0.9999995628992716
convnext_small_full,p1_34430,random_deletion,0.0,0.9999995628992716
convnext_small_full,p1_34430,random_deletion,0.1,0.9999993642171224
convnext_small_full,p1_34430,random_deletion,0.2,0.9999991655349731
convnext_small_full,p1_34430,random_deletion,0.4,0.9999954303105673
convnext_small_full,p1_34430,random_deletion,0.6,0.9930991729100546
convnext_small_full,p1_34430,random_deletion,0.8,0.904768188794454
convnext_small_full,p1_34430,random_deletion,1.0,0.7275787393252054
convnext_small_full,p1_34488,deletion,0.0,0.9999962250391642
convnext_small_full,p1_34488,deletion,0.1,0.999978264172872
convnext_small_full,p1_34488,deletion,0.2,0.9970012108484904
convnext_small_full,p1_34488,deletion,0.4,0.9819381237030029
convnext_small_full,p1_34488,deletion,0.6,0.9927740097045898
convnext_small_full,p1_34488,deletion,0.8,0.9866745074590048
convnext_small_full,p1_34488,deletion,1.0,0.7565057476361593
convnext_small_full,p1_34488,insertion,0.0,0.7565057476361593
convnext_small_full,p1_34488,insertion,0.1,0.97516930103302
convnext_small_full,p1_34488,insertion,0.2,0.9999667803446451
convnext_small_full,p1_34488,insertion,0.4,0.9999978144963583
convnext_small_full,p1_34488,insertion,0.6,0.9999980131785074
convnext_small_full,p1_34488,insertion,0.8,0.9999977747599283
convnext_small_full,p1_34488,insertion,1.0,0.9999962250391642
convnext_small_full,p1_34488,random_deletion,0.0,0.9999962250391642
convnext_small_full,p1_34488,random_deletion,0.1,0.9999971787134806
convnext_small_full,p1_34488,random_deletion,0.2,0.9999964634577433
convnext_small_full,p1_34488,random_deletion,0.4,0.9999335209528605
convnext_small_full,p1_34488,random_deletion,0.6,0.9995362758636475
convnext_small_full,p1_34488,random_deletion,0.8,0.9710280497868856
convnext_small_full,p1_34488,random_deletion,1.0,0.7565057476361593
convnext_small_full,p1_34740,deletion,0.0,0.9999357461929321
convnext_small_full,p1_34740,deletion,0.1,0.999869167804718
convnext_small_full,p1_34740,deletion,0.2,0.9993211428324381
convnext_small_full,p1_34740,deletion,0.4,0.9989389777183533
convnext_small_full,p1_34740,deletion,0.6,0.994382917881012
convnext_small_full,p1_34740,deletion,0.8,0.9990983406702677
convnext_small_full,p1_34740,deletion,1.0,0.9966277480125427
convnext_small_full,p1_34740,insertion,0.0,0.9966277480125427
convnext_small_full,p1_34740,insertion,0.1,0.9999234278996786
convnext_small_full,p1_34740,insertion,0.2,0.9999816020329794
convnext_small_full,p1_34740,insertion,0.4,0.9999903043111166
convnext_small_full,p1_34740,insertion,0.6,0.9999749263127645
convnext_small_full,p1_34740,insertion,0.8,0.9999622106552124
convnext_small_full,p1_34740,insertion,1.0,0.9999357461929321
convnext_small_full,p1_34740,random_deletion,0.0,0.9999357461929321
convnext_small_full,p1_34740,random_deletion,0.1,0.999955932299296
convnext_small_full,p1_34740,random_deletion,0.2,0.9999635616938273
convnext_small_full,p1_34740,random_deletion,0.4,0.999307374159495
convnext_small_full,p1_34740,random_deletion,0.6,0.9999034802118937
convnext_small_full,p1_34740,random_deletion,0.8,0.9996722539265951
convnext_small_full,p1_34740,random_deletion,1.0,0.9966277480125427
convnext_small_full,p1_34954,deletion,0.0,0.9999911785125732
convnext_small_full,p1_34954,deletion,0.1,0.9999592304229736
convnext_small_full,p1_34954,deletion,0.2,0.9998947381973267
convnext_small_full,p1_34954,deletion,0.4,0.9323693911234537
convnext_small_full,p1_34954,deletion,0.6,0.9259400566418966
convnext_small_full,p1_34954,deletion,0.8,0.9986302852630615
convnext_small_full,p1_34954,deletion,1.0,0.9994547367095947
convnext_small_full,p1_34954,insertion,0.0,0.9994547367095947
convnext_small_full,p1_34954,insertion,0.1,0.9998802542686462
convnext_small_full,p1_34954,insertion,0.2,0.9999799728393555
convnext_small_full,p1_34954,insertion,0.4,0.9999957084655762
convnext_small_full,p1_34954,insertion,0.6,0.9999941190083822
convnext_small_full,p1_34954,insertion,0.8,0.9999944766362509
convnext_small_full,p1_34954,insertion,1.0,0.9999911785125732
convnext_small_full,p1_34954,random_deletion,0.0,0.9999911785125732
convnext_small_full,p1_34954,random_deletion,0.1,0.9999844233194987
convnext_small_full,p1_34954,random_deletion,0.2,0.9999914566675822
convnext_small_full,p1_34954,random_deletion,0.4,0.9991739193598429
convnext_small_full,p1_34954,random_deletion,0.6,0.9927452206611633
convnext_small_full,p1_34954,random_deletion,0.8,0.43097542723019916
convnext_small_full,p1_34954,random_deletion,1.0,0.9994547367095947
convnext_small_full,p1_35040,deletion,0.0,0.9950531919797262
convnext_small_full,p1_35040,deletion,0.1,0.9755959908167521
convnext_small_full,p1_35040,deletion,0.2,0.9768603046735128
convnext_small_full,p1_35040,deletion,0.4,0.7734043200810751
convnext_small_full,p1_35040,deletion,0.6,0.9531647165616354
convnext_small_full,p1_35040,deletion,0.8,0.9820336898167928
convnext_small_full,p1_35040,deletion,1.0,0.9926788806915283
convnext_small_full,p1_35040,insertion,0.0,0.9926788806915283
convnext_small_full,p1_35040,insertion,0.1,0.9979609052340189
convnext_small_full,p1_35040,insertion,0.2,0.9988244970639547
convnext_small_full,p1_35040,insertion,0.4,0.9978344241778055
convnext_small_full,p1_35040,insertion,0.6,0.9992008010546366
convnext_small_full,p1_35040,insertion,0.8,0.9988996982574463
convnext_small_full,p1_35040,insertion,1.0,0.9950531919797262
convnext_small_full,p1_35040,random_deletion,0.0,0.9950531919797262
convnext_small_full,p1_35040,random_deletion,0.1,0.9985095858573914
convnext_small_full,p1_35040,random_deletion,0.2,0.9986456036567688
convnext_small_full,p1_35040,random_deletion,0.4,0.9995107253392538
convnext_small_full,p1_35040,random_deletion,0.6,0.9994036356608073
convnext_small_full,p1_35040,random_deletion,0.8,0.9979597131411234
convnext_small_full,p1_35040,random_deletion,1.0,0.9926788806915283
convnext_small_full,p1_35138,deletion,0.0,0.999934196472168
convnext_small_full,p1_35138,deletion,0.1,0.9999398787816366
convnext_small_full,p1_35138,deletion,0.2,0.9999289115269979
convnext_small_full,p1_35138,deletion,0.4,0.9991817474365234
convnext_small_full,p1_35138,deletion,0.6,0.9985397855440775
convnext_small_full,p1_35138,deletion,0.8,0.9874768455823263
convnext_small_full,p1_35138,deletion,1.0,0.99003138144811
convnext_small_full,p1_35138,insertion,0.0,0.99003138144811
convnext_small_full,p1_35138,insertion,0.1,0.9984226226806641
convnext_small_full,p1_35138,insertion,0.2,0.9988703926404318
convnext_small_full,p1_35138,insertion,0.4,0.999954342842102
convnext_small_full,p1_35138,insertion,0.6,0.9999634424845377
convnext_small_full,p1_35138,insertion,0.8,0.9999489386876425
convnext_small_full,p1_35138,insertion,1.0,0.999934196472168
convnext_small_full,p1_35138,random_deletion,0.0,0.999934196472168
convnext_small_full,p1_35138,random_deletion,0.1,0.9999372959136963
convnext_small_full,p1_35138,random_deletion,0.2,0.9999225934346517
convnext_small_full,p1_35138,random_deletion,0.4,0.9998658498128256
convnext_small_full,p1_35138,random_deletion,0.6,0.9989755153656006
convnext_small_full,p1_35138,random_deletion,0.8,0.9971441427866617
convnext_small_full,p1_35138,random_deletion,1.0,0.99003138144811
dinov2_base_top4,p1_00036,deletion,0.0,0.9993963638941447
dinov2_base_top4,p1_00036,deletion,0.1,0.9629784226417542
dinov2_base_top4,p1_00036,deletion,0.2,0.5235165158907572
dinov2_base_top4,p1_00036,deletion,0.4,0.03414302474508683
dinov2_base_top4,p1_00036,deletion,0.6,0.00510466075502336
dinov2_base_top4,p1_00036,deletion,0.8,0.010142063295158247
dinov2_base_top4,p1_00036,deletion,1.0,0.03161820831398169
dinov2_base_top4,p1_00036,insertion,0.0,0.03161820831398169
dinov2_base_top4,p1_00036,insertion,0.1,0.9993544618288676
dinov2_base_top4,p1_00036,insertion,0.2,0.9955565730730692
dinov2_base_top4,p1_00036,insertion,0.4,0.9960301717122396
dinov2_base_top4,p1_00036,insertion,0.6,0.9985700050989786
dinov2_base_top4,p1_00036,insertion,0.8,0.9993571639060974
dinov2_base_top4,p1_00036,insertion,1.0,0.9993963638941447
dinov2_base_top4,p1_00036,random_deletion,0.0,0.9993963638941447
dinov2_base_top4,p1_00036,random_deletion,0.1,0.99919060866038
dinov2_base_top4,p1_00036,random_deletion,0.2,0.9990931749343872
dinov2_base_top4,p1_00036,random_deletion,0.4,0.9990408619244894
dinov2_base_top4,p1_00036,random_deletion,0.6,0.13178382876018682
dinov2_base_top4,p1_00036,random_deletion,0.8,0.029384338840221364
dinov2_base_top4,p1_00036,random_deletion,1.0,0.03161820831398169
dinov2_base_top4,p1_00147,deletion,0.0,0.8317543466885885
dinov2_base_top4,p1_00147,deletion,0.1,0.8278127511342367
dinov2_base_top4,p1_00147,deletion,0.2,0.8028424183527628
dinov2_base_top4,p1_00147,deletion,0.4,0.2331529955069224
dinov2_base_top4,p1_00147,deletion,0.6,0.21801873917380968
dinov2_base_top4,p1_00147,deletion,0.8,0.16729059939583144
dinov2_base_top4,p1_00147,deletion,1.0,0.29149958739678067
dinov2_base_top4,p1_00147,insertion,0.0,0.29149958739678067
dinov2_base_top4,p1_00147,insertion,0.1,0.25862544278303784
dinov2_base_top4,p1_00147,insertion,0.2,0.7266332556804022
dinov2_base_top4,p1_00147,insertion,0.4,0.9827241698900858
dinov2_base_top4,p1_00147,insertion,0.6,0.9574284752209982
dinov2_base_top4,p1_00147,insertion,0.8,0.9356111486752828
dinov2_base_top4,p1_00147,insertion,1.0,0.8317543466885885
dinov2_base_top4,p1_00147,random_deletion,0.0,0.8317543466885885
dinov2_base_top4,p1_00147,random_deletion,0.1,0.8726208806037903
dinov2_base_top4,p1_00147,random_deletion,0.2,0.674332727988561
dinov2_base_top4,p1_00147,random_deletion,0.4,0.9591543674468994
dinov2_base_top4,p1_00147,random_deletion,0.6,0.9825155933698019
dinov2_base_top4,p1_00147,random_deletion,0.8,0.35416994988918304
dinov2_base_top4,p1_00147,random_deletion,1.0,0.29149958739678067
dinov2_base_top4,p1_00234,deletion,0.0,0.9990307092666626
dinov2_base_top4,p1_00234,deletion,0.1,0.9979601701100668
dinov2_base_top4,p1_00234,deletion,0.2,0.9983341693878174
dinov2_base_top4,p1_00234,deletion,0.4,0.9992336432139078
dinov2_base_top4,p1_00234,deletion,0.6,0.9999404748280843
dinov2_base_top4,p1_00234,deletion,0.8,0.9918666283289591
dinov2_base_top4,p1_00234,deletion,1.0,0.9991678595542908
dinov2_base_top4,p1_00234,insertion,0.0,0.9991678595542908
dinov2_base_top4,p1_00234,insertion,0.1,0.9871768554051717
dinov2_base_top4,p1_00234,insertion,0.2,0.9944890141487122
dinov2_base_top4,p1_00234,insertion,0.4,0.9992140531539917
dinov2_base_top4,p1_00234,insertion,0.6,0.9986086289087931
dinov2_base_top4,p1_00234,insertion,0.8,0.9990820089975992
dinov2_base_top4,p1_00234,insertion,1.0,0.9990307092666626
dinov2_base_top4,p1_00234,random_deletion,0.0,0.9990307092666626
dinov2_base_top4,p1_00234,random_deletion,0.1,0.9995522101720175
dinov2_base_top4,p1_00234,random_deletion,0.2,0.9985646406809489
dinov2_base_top4,p1_00234,random_deletion,0.4,0.9958960215250651
dinov2_base_top4,p1_00234,random_deletion,0.6,0.9974353909492493
dinov2_base_top4,p1_00234,random_deletion,0.8,0.9994906187057495
dinov2_base_top4,p1_00234,random_deletion,1.0,0.9991678595542908
dinov2_base_top4,p1_00397,deletion,0.0,0.9999832312266032
dinov2_base_top4,p1_00397,deletion,0.1,0.9999920527140299
dinov2_base_top4,p1_00397,deletion,0.2,0.9999929269154867
dinov2_base_top4,p1_00397,deletion,0.4,0.999994158744812
dinov2_base_top4,p1_00397,deletion,0.6,0.9999684492746989
dinov2_base_top4,p1_00397,deletion,0.8,0.9996068676312765
dinov2_base_top4,p1_00397,deletion,1.0,0.999986449877421
dinov2_base_top4,p1_00397,insertion,0.0,0.999986449877421
dinov2_base_top4,p1_00397,insertion,0.1,0.9998757640520731
dinov2_base_top4,p1_00397,insertion,0.2,0.9991642038027445
dinov2_base_top4,p1_00397,insertion,0.4,0.999963641166687
dinov2_base_top4,p1_00397,insertion,0.6,0.9999842246373495
dinov2_base_top4,p1_00397,insertion,0.8,0.9999805688858032
dinov2_base_top4,p1_00397,insertion,1.0,0.9999832312266032
dinov2_base_top4,p1_00397,random_deletion,0.0,0.9999832312266032
dinov2_base_top4,p1_00397,random_deletion,0.1,0.9999672571818033
dinov2_base_top4,p1_00397,random_deletion,0.2,0.9999755620956421
dinov2_base_top4,p1_00397,random_deletion,0.4,0.9999496936798096
dinov2_base_top4,p1_00397,random_deletion,0.6,0.9999749263127645
dinov2_base_top4,p1_00397,random_deletion,0.8,0.9999192953109741
dinov2_base_top4,p1_00397,random_deletion,1.0,0.999986449877421
dinov2_base_top4,p1_00425,deletion,0.0,0.965468188126882
dinov2_base_top4,p1_00425,deletion,0.1,0.9900740186373392
dinov2_base_top4,p1_00425,deletion,0.2,0.9828276634216309
dinov2_base_top4,p1_00425,deletion,0.4,0.9551181594530741
dinov2_base_top4,p1_00425,deletion,0.6,0.9579654932022095
dinov2_base_top4,p1_00425,deletion,0.8,0.9882573485374451
dinov2_base_top4,p1_00425,deletion,1.0,0.980973502000173
dinov2_base_top4,p1_00425,insertion,0.0,0.980973502000173
dinov2_base_top4,p1_00425,insertion,0.1,0.23182739317417145
dinov2_base_top4,p1_00425,insertion,0.2,0.6135667761166891
dinov2_base_top4,p1_00425,insertion,0.4,0.9906769593556722
dinov2_base_top4,p1_00425,insertion,0.6,0.9753939906756083
dinov2_base_top4,p1_00425,insertion,0.8,0.9801457722981771
dinov2_base_top4,p1_00425,insertion,1.0,0.965468188126882
dinov2_base_top4,p1_00425,random_deletion,0.0,0.965468188126882
dinov2_base_top4,p1_00425,random_deletion,0.1,0.9732914566993713
dinov2_base_top4,p1_00425,random_deletion,0.2,0.9825386206309
dinov2_base_top4,p1_00425,random_deletion,0.4,0.9850784341494242
dinov2_base_top4,p1_00425,random_deletion,0.6,0.9650945663452148
dinov2_base_top4,p1_00425,random_deletion,0.8,0.9705360929171244
dinov2_base_top4,p1_00425,random_deletion,1.0,0.980973502000173
dinov2_base_top4,p1_00741,deletion,0.0,0.9601659576098124
dinov2_base_top4,p1_00741,deletion,0.1,0.8177346189816793
dinov2_base_top4,p1_00741,deletion,0.2,0.637866218884786
dinov2_base_top4,p1_00741,deletion,0.4,0.9162249366442362
dinov2_base_top4,p1_00741,deletion,0.6,0.47757620830088854
dinov2_base_top4,p1_00741,deletion,0.8,0.706396073102951
dinov2_base_top4,p1_00741,deletion,1.0,0.15530058353518447
dinov2_base_top4,p1_00741,insertion,0.0,0.15530058353518447
dinov2_base_top4,p1_00741,insertion,0.1,0.9888918201128641
dinov2_base_top4,p1_00741,insertion,0.2,0.9999495347340902
dinov2_base_top4,p1_00741,insertion,0.4,0.9993217786153158
dinov2_base_top4,p1_00741,insertion,0.6,0.9960464636484782
dinov2_base_top4,p1_00741,insertion,0.8,0.9942513306935629
dinov2_base_top4,p1_00741,insertion,1.0,0.9601659576098124
dinov2_base_top4,p1_00741,random_deletion,0.0,0.9601659576098124
dinov2_base_top4,p1_00741,random_deletion,0.1,0.9933137694994608
dinov2_base_top4,p1_00741,random_deletion,0.2,0.99339892466863
dinov2_base_top4,p1_00741,random_deletion,0.4,0.9488047361373901
dinov2_base_top4,p1_00741,random_deletion,0.6,0.9963776071866354
dinov2_base_top4,p1_00741,random_deletion,0.8,0.9999280571937561
dinov2_base_top4,p1_00741,random_deletion,1.0,0.15530058353518447
dinov2_base_top4,p1_00749,deletion,0.0,0.999997615814209
dinov2_base_top4,p1_00749,deletion,0.1,0.9999899466832479
dinov2_base_top4,p1_00749,deletion,0.2,0.9999575217564901
dinov2_base_top4,p1_00749,deletion,0.4,0.9897909561793009
dinov2_base_top4,p1_00749,deletion,0.6,0.9961831172307333
dinov2_base_top4,p1_00749,deletion,0.8,0.14511122026791176
dinov2_base_top4,p1_00749,deletion,1.0,0.36584031768143177
dinov2_base_top4,p1_00749,insertion,0.0,0.36584031768143177
dinov2_base_top4,p1_00749,insertion,0.1,0.16027779535700878
dinov2_base_top4,p1_00749,insertion,0.2,0.9977829456329346
dinov2_base_top4,p1_00749,insertion,0.4,0.9997450113296509
dinov2_base_top4,p1_00749,insertion,0.6,0.9999865293502808
dinov2_base_top4,p1_00749,insertion,0.8,0.9999933242797852
dinov2_base_top4,p1_00749,insertion,1.0,0.999997615814209
dinov2_base_top4,p1_00749,random_deletion,0.0,0.999997615814209
dinov2_base_top4,p1_00749,random_deletion,0.1,0.9999939203262329
dinov2_base_top4,p1_00749,random_deletion,0.2,0.9999938408533732
dinov2_base_top4,p1_00749,random_deletion,0.4,0.9999739726384481
dinov2_base_top4,p1_00749,random_deletion,0.6,0.9697752992312113
dinov2_base_top4,p1_00749,random_deletion,0.8,0.1453737529615561
dinov2_base_top4,p1_00749,random_deletion,1.0,0.36584031768143177
dinov2_base_top4,p1_00849,deletion,0.0,0.967207670211792
dinov2_base_top4,p1_00849,deletion,0.1,0.9605887730916342
dinov2_base_top4,p1_00849,deletion,0.2,0.9752131501833597
dinov2_base_top4,p1_00849,deletion,0.4,0.4064120737214883
dinov2_base_top4,p1_00849,deletion,0.6,0.05076203285716474
dinov2_base_top4,p1_00849,deletion,0.8,0.009533813688904047
dinov2_base_top4,p1_00849,deletion,1.0,0.16534436494112015
dinov2_base_top4,p1_00849,insertion,0.0,0.16534436494112015
dinov2_base_top4,p1_00849,insertion,0.1,0.6821154952049255
dinov2_base_top4,p1_00849,insertion,0.2,0.9918655355771383
dinov2_base_top4,p1_00849,insertion,0.4,0.9395573139190674
dinov2_base_top4,p1_00849,insertion,0.6,0.9144057631492615
dinov2_base_top4,p1_00849,insertion,0.8,0.9150802890459696
dinov2_base_top4,p1_00849,insertion,1.0,0.967207670211792
dinov2_base_top4,p1_00849,random_deletion,0.0,0.967207670211792
dinov2_base_top4,p1_00849,random_deletion,0.1,0.9447895884513855
dinov2_base_top4,p1_00849,random_deletion,0.2,0.9193990031878153
dinov2_base_top4,p1_00849,random_deletion,0.4,0.886165181795756
dinov2_base_top4,p1_00849,random_deletion,0.6,0.9967881242434183
dinov2_base_top4,p1_00849,random_deletion,0.8,0.993336041768392
dinov2_base_top4,p1_00849,random_deletion,1.0,0.16534436494112015
dinov2_base_top4,p1_00862,deletion,0.0,0.9602384169896444
dinov2_base_top4,p1_00862,deletion,0.1,0.7432833015918732
dinov2_base_top4,p1_00862,deletion,0.2,0.1620079092681408
dinov2_base_top4,p1_00862,deletion,0.4,0.06645642934987943
dinov2_base_top4,p1_00862,deletion,0.6,0.02380843033703665
dinov2_base_top4,p1_00862,deletion,0.8,0.0011140645171205203
dinov2_base_top4,p1_00862,deletion,1.0,0.04085789124170939
dinov2_base_top4,p1_00862,insertion,0.0,0.04085789124170939
dinov2_base_top4,p1_00862,insertion,0.1,0.7213760813077291
dinov2_base_top4,p1_00862,insertion,0.2,0.9623010754585266
dinov2_base_top4,p1_00862,insertion,0.4,0.8930404186248779
dinov2_base_top4,p1_00862,insertion,0.6,0.9874713818232218
dinov2_base_top4,p1_00862,insertion,0.8,0.9886061549186707
dinov2_base_top4,p1_00862,insertion,1.0,0.9602384169896444
dinov2_base_top4,p1_00862,random_deletion,0.0,0.9602384169896444
dinov2_base_top4,p1_00862,random_deletion,0.1,0.9514536062876383
dinov2_base_top4,p1_00862,random_deletion,0.2,0.9816632072130839
dinov2_base_top4,p1_00862,random_deletion,0.4,0.9634717305501302
dinov2_base_top4,p1_00862,random_deletion,0.6,0.5416391491889954
dinov2_base_top4,p1_00862,random_deletion,0.8,0.17082855850458145
dinov2_base_top4,p1_00862,random_deletion,1.0,0.04085789124170939
dinov2_base_top4,p1_01079,deletion,0.0,0.9997090697288513
dinov2_base_top4,p1_01079,deletion,0.1,0.787474662065506
dinov2_base_top4,p1_01079,deletion,0.2,0.3280491257707278
dinov2_base_top4,p1_01079,deletion,0.4,0.020357996283564717
dinov2_base_top4,p1_01079,deletion,0.6,0.07072321020920451
dinov2_base_top4,p1_01079,deletion,0.8,0.333182047198837
dinov2_base_top4,p1_01079,deletion,1.0,0.07249061833135784
dinov2_base_top4,p1_01079,insertion,0.0,0.07249061833135784
dinov2_base_top4,p1_01079,insertion,0.1,0.2300792137781779
dinov2_base_top4,p1_01079,insertion,0.2,0.9999247789382935
dinov2_base_top4,p1_01079,insertion,0.4,0.9989657799402872
dinov2_base_top4,p1_01079,insertion,0.6,0.9970463116963705
dinov2_base_top4,p1_01079,insertion,0.8,0.99942413965861
dinov2_base_top4,p1_01079,insertion,1.0,0.9997090697288513
dinov2_base_top4,p1_01079,random_deletion,0.0,0.9997090697288513
dinov2_base_top4,p1_01079,random_deletion,0.1,0.9976226687431335
dinov2_base_top4,p1_01079,random_deletion,0.2,0.9761425256729126
dinov2_base_top4,p1_01079,random_deletion,0.4,0.20736469763020673
dinov2_base_top4,p1_01079,random_deletion,0.6,0.38719281057516736
dinov2_base_top4,p1_01079,random_deletion,0.8,0.34479692081610364
dinov2_base_top4,p1_01079,random_deletion,1.0,0.07249061833135784
dinov2_base_top4,p1_01317,deletion,0.0,0.9798842469851176
dinov2_base_top4,p1_01317,deletion,0.1,0.974449614683787
dinov2_base_top4,p1_01317,deletion,0.2,0.9814171393712362
dinov2_base_top4,p1_01317,deletion,0.4,0.9667309323946635
dinov2_base_top4,p1_01317,deletion,0.6,0.9915013909339905
dinov2_base_top4,p1_01317,deletion,0.8,0.9265633026758829
dinov2_base_top4,p1_01317,deletion,1.0,0.999693771203359
dinov2_base_top4,p1_01317,insertion,0.0,0.999693771203359
dinov2_base_top4,p1_01317,insertion,0.1,0.62260835369428
dinov2_base_top4,p1_01317,insertion,0.2,0.9998161196708679
dinov2_base_top4,p1_01317,insertion,0.4,0.999714175860087
dinov2_base_top4,p1_01317,insertion,0.6,0.9981934030850729
dinov2_base_top4,p1_01317,insertion,0.8,0.972595751285553
dinov2_base_top4,p1_01317,insertion,1.0,0.9798842469851176
dinov2_base_top4,p1_01317,random_deletion,0.0,0.9798842469851176
dinov2_base_top4,p1_01317,random_deletion,0.1,0.9487780531247457
dinov2_base_top4,p1_01317,random_deletion,0.2,0.978674074014028
dinov2_base_top4,p1_01317,random_deletion,0.4,0.9902807474136353
dinov2_base_top4,p1_01317,random_deletion,0.6,0.9392107129096985
dinov2_base_top4,p1_01317,random_deletion,0.8,0.9999414682388306
dinov2_base_top4,p1_01317,random_deletion,1.0,0.999693771203359
dinov2_base_top4,p1_01497,deletion,0.0,0.5423612346251806
dinov2_base_top4,p1_01497,deletion,0.1,0.0031080139063609145
dinov2_base_top4,p1_01497,deletion,0.2,0.002392939893373599
dinov2_base_top4,p1_01497,deletion,0.4,8.644744351234597e-05
dinov2_base_top4,p1_01497,deletion,0.6,0.04445186567803224
dinov2_base_top4,p1_01497,deletion,0.8,0.03232960061480602
dinov2_base_top4,p1_01497,deletion,1.0,0.21108951419591904
dinov2_base_top4,p1_01497,insertion,0.0,0.21108951419591904
dinov2_base_top4,p1_01497,insertion,0.1,0.11736008245497942
dinov2_base_top4,p1_01497,insertion,0.2,0.026326886999110382
dinov2_base_top4,p1_01497,insertion,0.4,0.11472200726469357
dinov2_base_top4,p1_01497,insertion,0.6,0.3046502023935318
dinov2_base_top4,p1_01497,insertion,0.8,0.585499773422877
dinov2_base_top4,p1_01497,insertion,1.0,0.5423612346251806
dinov2_base_top4,p1_01497,random_deletion,0.0,0.5423612346251806
dinov2_base_top4,p1_01497,random_deletion,0.1,0.5189205656449
dinov2_base_top4,p1_01497,random_deletion,0.2,0.35474907358487445
dinov2_base_top4,p1_01497,random_deletion,0.4,0.002777934850504001
dinov2_base_top4,p1_01497,random_deletion,0.6,0.00385574740357697
dinov2_base_top4,p1_01497,random_deletion,0.8,0.002604643057566136
dinov2_base_top4,p1_01497,random_deletion,1.0,0.21108951419591904
dinov2_base_top4,p1_01572,deletion,0.0,0.9995431105295817
dinov2_base_top4,p1_01572,deletion,0.1,0.9555917779604594
dinov2_base_top4,p1_01572,deletion,0.2,0.877845565478007
dinov2_base_top4,p1_01572,deletion,0.4,0.2625701054930687
dinov2_base_top4,p1_01572,deletion,0.6,0.35200250645478565
dinov2_base_top4,p1_01572,deletion,0.8,0.9993481636047363
dinov2_base_top4,p1_01572,deletion,1.0,0.99686332543691
dinov2_base_top4,p1_01572,insertion,0.0,0.99686332543691
dinov2_base_top4,p1_01572,insertion,0.1,0.999887744585673
dinov2_base_top4,p1_01572,insertion,0.2,0.9993710915247599
dinov2_base_top4,p1_01572,insertion,0.4,0.9995678861935934
dinov2_base_top4,p1_01572,insertion,0.6,0.99909375111262
dinov2_base_top4,p1_01572,insertion,0.8,0.9978393912315369
dinov2_base_top4,p1_01572,insertion,1.0,0.9995431105295817
dinov2_base_top4,p1_01572,random_deletion,0.0,0.9995431105295817
dinov2_base_top4,p1_01572,random_deletion,0.1,0.9982796907424927
dinov2_base_top4,p1_01572,random_deletion,0.2,0.9995242555936178
dinov2_base_top4,p1_01572,random_deletion,0.4,0.9978201190630595
dinov2_base_top4,p1_01572,random_deletion,0.6,0.9993943969408671
dinov2_base_top4,p1_01572,random_deletion,0.8,0.9997076988220215
dinov2_base_top4,p1_01572,random_deletion,1.0,0.99686332543691
dinov2_base_top4,p1_01646,deletion,0.0,0.9983735084533691
dinov2_base_top4,p1_01646,deletion,0.1,0.9983142415682474
dinov2_base_top4,p1_01646,deletion,0.2,0.9949023922284445
dinov2_base_top4,p1_01646,deletion,0.4,0.9911980430285136
dinov2_base_top4,p1_01646,deletion,0.6,0.9913572669029236
dinov2_base_top4,p1_01646,deletion,0.8,0.90805051724116
dinov2_base_top4,p1_01646,deletion,1.0,0.917169431845347
dinov2_base_top4,p1_01646,insertion,0.0,0.917169431845347
dinov2_base_top4,p1_01646,insertion,0.1,0.9991854429244995
dinov2_base_top4,p1_01646,insertion,0.2,0.9985037644704183
dinov2_base_top4,p1_01646,insertion,0.4,0.9945024251937866
dinov2_base_top4,p1_01646,insertion,0.6,0.9940813183784485
dinov2_base_top4,p1_01646,insertion,0.8,0.9967314600944519
dinov2_base_top4,p1_01646,insertion,1.0,0.9983735084533691
dinov2_base_top4,p1_01646,random_deletion,0.0,0.9983735084533691
dinov2_base_top4,p1_01646,random_deletion,0.1,0.9988994399706522
dinov2_base_top4,p1_01646,random_deletion,0.2,0.9978547692298889
dinov2_base_top4,p1_01646,random_deletion,0.4,0.9958975911140442
dinov2_base_top4,p1_01646,random_deletion,0.6,0.9860255320866903
dinov2_base_top4,p1_01646,random_deletion,0.8,0.9292704065640768
dinov2_base_top4,p1_01646,random_deletion,1.0,0.917169431845347
dinov2_base_top4,p1_01658,deletion,0.0,0.8780147234598795
dinov2_base_top4,p1_01658,deletion,0.1,0.8556412061055502
dinov2_base_top4,p1_01658,deletion,0.2,0.7892038424809774
dinov2_base_top4,p1_01658,deletion,0.4,0.36042416902879876
dinov2_base_top4,p1_01658,deletion,0.6,0.08347346975157659
dinov2_base_top4,p1_01658,deletion,0.8,0.2368473211924235
dinov2_base_top4,p1_01658,deletion,1.0,0.34005964795748395
dinov2_base_top4,p1_01658,insertion,0.0,0.34005964795748395
dinov2_base_top4,p1_01658,insertion,0.1,0.7735204299290975
dinov2_base_top4,p1_01658,insertion,0.2,0.9387358029683431
dinov2_base_top4,p1_01658,insertion,0.4,0.8333509763081869
dinov2_base_top4,p1_01658,insertion,0.6,0.831933836142222
dinov2_base_top4,p1_01658,insertion,0.8,0.8338525692621866
dinov2_base_top4,p1_01658,insertion,1.0,0.8780147234598795
dinov2_base_top4,p1_01658,random_deletion,0.0,0.8780147234598795
dinov2_base_top4,p1_01658,random_deletion,0.1,0.8984594742457072
dinov2_base_top4,p1_01658,random_deletion,0.2,0.8337065378824869
dinov2_base_top4,p1_01658,random_deletion,0.4,0.8415579994519552
dinov2_base_top4,p1_01658,random_deletion,0.6,0.8616552750269572
dinov2_base_top4,p1_01658,random_deletion,0.8,0.35757945477962494
dinov2_base_top4,p1_01658,random_deletion,1.0,0.34005964795748395
dinov2_base_top4,p1_01663,deletion,0.0,0.9061913092931112
dinov2_base_top4,p1_01663,deletion,0.1,0.3441064717868964
dinov2_base_top4,p1_01663,deletion,0.2,0.017222189887737233
dinov2_base_top4,p1_01663,deletion,0.4,0.07950335135683417
dinov2_base_top4,p1_01663,deletion,0.6,0.08266550643990438
dinov2_base_top4,p1_01663,deletion,0.8,0.7161078055699667
dinov2_base_top4,p1_01663,deletion,1.0,0.9962837894757589
dinov2_base_top4,p1_01663,insertion,0.0,0.9962837894757589
dinov2_base_top4,p1_01663,insertion,0.1,0.1038341298699379
dinov2_base_top4,p1_01663,insertion,0.2,0.30834034415117156
dinov2_base_top4,p1_01663,insertion,0.4,0.5782183905442556
dinov2_base_top4,p1_01663,insertion,0.6,0.8308848738670349
dinov2_base_top4,p1_01663,insertion,0.8,0.6856021881103516
dinov2_base_top4,p1_01663,insertion,1.0,0.9061913092931112
dinov2_base_top4,p1_01663,random_deletion,0.0,0.9061913092931112
dinov2_base_top4,p1_01663,random_deletion,0.1,0.7228662768999735
dinov2_base_top4,p1_01663,random_deletion,0.2,0.7724336584409078
dinov2_base_top4,p1_01663,random_deletion,0.4,0.0049593455623835325
dinov2_base_top4,p1_01663,random_deletion,0.6,0.017968080705031753
dinov2_base_top4,p1_01663,random_deletion,0.8,0.004807206025967996
dinov2_base_top4,p1_01663,random_deletion,1.0,0.9962837894757589
dinov2_base_top4,p1_01845,deletion,0.0,0.9999215404192606
dinov2_base_top4,p1_01845,deletion,0.1,0.9998937249183655
dinov2_base_top4,p1_01845,deletion,0.2,0.9998800158500671
dinov2_base_top4,p1_01845,deletion,0.4,0.9997092485427856
dinov2_base_top4,p1_01845,deletion,0.6,0.9981095592180887
dinov2_base_top4,p1_01845,deletion,0.8,0.987533708413442
dinov2_base_top4,p1_01845,deletion,1.0,0.9621874292691549
dinov2_base_top4,p1_01845,insertion,0.0,0.9621874292691549
dinov2_base_top4,p1_01845,insertion,0.1,0.9994279344876608
dinov2_base_top4,p1_01845,insertion,0.2,0.999944011370341
dinov2_base_top4,p1_01845,insertion,0.4,0.9998871684074402
dinov2_base_top4,p1_01845,insertion,0.6,0.999877949555715
dinov2_base_top4,p1_01845,insertion,0.8,0.9999053279558817
dinov2_base_top4,p1_01845,insertion,1.0,0.9999215404192606
dinov2_base_top4,p1_01845,random_deletion,0.0,0.9999215404192606
dinov2_base_top4,p1_01845,random_deletion,0.1,0.9999091823895773
dinov2_base_top4,p1_01845,random_deletion,0.2,0.9998639424641927
dinov2_base_top4,p1_01845,random_deletion,0.4,0.9997602502504984
dinov2_base_top4,p1_01845,random_deletion,0.6,0.9995688597361246
dinov2_base_top4,p1_01845,random_deletion,0.8,0.999478836854299
dinov2_base_top4,p1_01845,random_deletion,1.0,0.9621874292691549
dinov2_base_top4,p1_01881,deletion,0.0,0.9999081691106161
dinov2_base_top4,p1_01881,deletion,0.1,0.9997133016586304
dinov2_base_top4,p1_01881,deletion,0.2,0.9994940559069315
dinov2_base_top4,p1_01881,deletion,0.4,0.9988073110580444
dinov2_base_top4,p1_01881,deletion,0.6,0.9911970694859823
dinov2_base_top4,p1_01881,deletion,0.8,0.9941831429799398
dinov2_base_top4,p1_01881,deletion,1.0,0.9963622093200684
dinov2_base_top4,p1_01881,insertion,0.0,0.9963622093200684
dinov2_base_top4,p1_01881,insertion,0.1,0.999943216641744
dinov2_base_top4,p1_01881,insertion,0.2,0.9999178250630697
dinov2_base_top4,p1_01881,insertion,0.4,0.999876081943512
dinov2_base_top4,p1_01881,insertion,0.6,0.99986598889033
dinov2_base_top4,p1_01881,insertion,0.8,0.9999009768168131
dinov2_base_top4,p1_01881,insertion,1.0,0.9999081691106161
dinov2_base_top4,p1_01881,random_deletion,0.0,0.9999081691106161
dinov2_base_top4,p1_01881,random_deletion,0.1,0.9998459219932556
dinov2_base_top4,p1_01881,random_deletion,0.2,0.9999164740244547
dinov2_base_top4,p1_01881,random_deletion,0.4,0.9998370409011841
dinov2_base_top4,p1_01881,random_deletion,0.6,0.9999547004699707
dinov2_base_top4,p1_01881,random_deletion,0.8,0.9978800614674886
dinov2_base_top4,p1_01881,random_deletion,1.0,0.9963622093200684
dinov2_base_top4,p1_01899,deletion,0.0,0.9999995231628418
dinov2_base_top4,p1_01899,deletion,0.1,0.9999991655349731
dinov2_base_top4,p1_01899,deletion,0.2,0.9999975760777792
dinov2_base_top4,p1_01899,deletion,0.4,0.9999929269154867
dinov2_base_top4,p1_01899,deletion,0.6,0.16280161341031393
dinov2_base_top4,p1_01899,deletion,0.8,0.03018789109773934
dinov2_base_top4,p1_01899,deletion,1.0,0.039647296691934265
dinov2_base_top4,p1_01899,insertion,0.0,0.039647296691934265
dinov2_base_top4,p1_01899,insertion,0.1,0.012281398793372015
dinov2_base_top4,p1_01899,insertion,0.2,0.999985416730245
dinov2_base_top4,p1_01899,insertion,0.4,0.9999926487604777
dinov2_base_top4,p1_01899,insertion,0.6,0.9999988476435343
dinov2_base_top4,p1_01899,insertion,0.8,0.9999992450078329
dinov2_base_top4,p1_01899,insertion,1.0,0.9999995231628418
dinov2_base_top4,p1_01899,random_deletion,0.0,0.9999995231628418
dinov2_base_top4,p1_01899,random_deletion,0.1,0.9999989668528239
dinov2_base_top4,p1_01899,random_deletion,0.2,0.9999986886978149
dinov2_base_top4,p1_01899,random_deletion,0.4,0.9999332030614217
dinov2_base_top4,p1_01899,random_deletion,0.6,0.9988094369570414
dinov2_base_top4,p1_01899,random_deletion,0.8,0.13228082905213037
dinov2_base_top4,p1_01899,random_deletion,1.0,0.039647296691934265
dinov2_base_top4,p1_01974,deletion,0.0,0.9999613761901855
dinov2_base_top4,p1_01974,deletion,0.1,0.999916692574819
dinov2_base_top4,p1_01974,deletion,0.2,0.9999790986378988
dinov2_base_top4,p1_01974,deletion,0.4,0.9993589321772257
dinov2_base_top4,p1_01974,deletion,0.6,0.9976424972216288
dinov2_base_top4,p1_01974,deletion,0.8,0.9992575645446777
dinov2_base_top4,p1_01974,deletion,1.0,0.9998711148897806
dinov2_base_top4,p1_01974,insertion,0.0,0.9998711148897806
dinov2_base_top4,p1_01974,insertion,0.1,0.9404162565867106
dinov2_base_top4,p1_01974,insertion,0.2,0.9989450971285502
dinov2_base_top4,p1_01974,insertion,0.4,0.9998556971549988
dinov2_base_top4,p1_01974,insertion,0.6,0.999966541926066
dinov2_base_top4,p1_01974,insertion,0.8,0.9999534686406454
dinov2_base_top4,p1_01974,insertion,1.0,0.9999613761901855
dinov2_base_top4,p1_01974,random_deletion,0.0,0.9999613761901855
dinov2_base_top4,p1_01974,random_deletion,0.1,0.9999233881632487
dinov2_base_top4,p1_01974,random_deletion,0.2,0.9991265535354614
dinov2_base_top4,p1_01974,random_deletion,0.4,0.9982932408650717
dinov2_base_top4,p1_01974,random_deletion,0.6,0.9946305553118387
dinov2_base_top4,p1_01974,random_deletion,0.8,0.9986937443415324
dinov2_base_top4,p1_01974,random_deletion,1.0,0.9998711148897806
dinov2_base_top4,p1_02033,deletion,0.0,0.9972455700238546
dinov2_base_top4,p1_02033,deletion,0.1,0.9965700308481852
dinov2_base_top4,p1_02033,deletion,0.2,0.9979196588198344
dinov2_base_top4,p1_02033,deletion,0.4,0.999360998471578
dinov2_base_top4,p1_02033,deletion,0.6,0.9991332093874613
dinov2_base_top4,p1_02033,deletion,0.8,0.998847226301829
dinov2_base_top4,p1_02033,deletion,1.0,0.9992521405220032
dinov2_base_top4,p1_02033,insertion,0.0,0.9992521405220032
dinov2_base_top4,p1_02033,insertion,0.1,0.9991646607716879
dinov2_base_top4,p1_02033,insertion,0.2,0.9993387858072916
dinov2_base_top4,p1_02033,insertion,0.4,0.9987248380978903
dinov2_base_top4,p1_02033,insertion,0.6,0.998654305934906
dinov2_base_top4,p1_02033,insertion,0.8,0.9978597164154053
dinov2_base_top4,p1_02033,insertion,1.0,0.9972455700238546
dinov2_base_top4,p1_02033,random_deletion,0.0,0.9972455700238546
dinov2_base_top4,p1_02033,random_deletion,0.1,0.9984348018964132
dinov2_base_top4,p1_02033,random_deletion,0.2,0.9971060156822205
dinov2_base_top4,p1_02033,random_deletion,0.4,0.9928240776062012
dinov2_base_top4,p1_02033,random_deletion,0.6,0.9954942862192789
dinov2_base_top4,p1_02033,random_deletion,0.8,0.8790179491043091
dinov2_base_top4,p1_02033,random_deletion,1.0,0.9992521405220032
dinov2_base_top4,p1_02397,deletion,0.0,0.9999011953671774
dinov2_base_top4,p1_02397,deletion,0.1,0.9996829430262247
dinov2_base_top4,p1_02397,deletion,0.2,0.9993337591489156
dinov2_base_top4,p1_02397,deletion,0.4,0.9998446702957153
dinov2_base_top4,p1_02397,deletion,0.6,0.9973607858022054
dinov2_base_top4,p1_02397,deletion,0.8,0.8431722720464071
dinov2_base_top4,p1_02397,deletion,1.0,0.8047541181246439
dinov2_base_top4,p1_02397,insertion,0.0,0.8047541181246439
dinov2_base_top4,p1_02397,insertion,0.1,0.3300832398235798
dinov2_base_top4,p1_02397,insertion,0.2,0.693336176375548
dinov2_base_top4,p1_02397,insertion,0.4,0.996009886264801
dinov2_base_top4,p1_02397,insertion,0.6,0.9997011025746664
dinov2_base_top4,p1_02397,insertion,0.8,0.9999562899271647
dinov2_base_top4,p1_02397,insertion,1.0,0.9999011953671774
dinov2_base_top4,p1_02397,random_deletion,0.0,0.9999011953671774
dinov2_base_top4,p1_02397,random_deletion,0.1,0.999874492486318
dinov2_base_top4,p1_02397,random_deletion,0.2,0.999913215637207
dinov2_base_top4,p1_02397,random_deletion,0.4,0.9998899698257446
dinov2_base_top4,p1_02397,random_deletion,0.6,0.9994198083877563
dinov2_base_top4,p1_02397,random_deletion,0.8,0.998123308022817
dinov2_base_top4,p1_02397,random_deletion,1.0,0.8047541181246439
dinov2_base_top4,p1_02507,deletion,0.0,0.6894888083140055
dinov2_base_top4,p1_02507,deletion,0.1,0.9352024793624878
dinov2_base_top4,p1_02507,deletion,0.2,0.6742196281750997
dinov2_base_top4,p1_02507,deletion,0.4,0.7597618897755941
dinov2_base_top4,p1_02507,deletion,0.6,0.8083428939183553
dinov2_base_top4,p1_02507,deletion,0.8,0.9437892834345499
dinov2_base_top4,p1_02507,deletion,1.0,0.8032422065734863
dinov2_base_top4,p1_02507,insertion,0.0,0.8032422065734863
dinov2_base_top4,p1_02507,insertion,0.1,0.0471142427995801
dinov2_base_top4,p1_02507,insertion,0.2,0.8737510045369467
dinov2_base_top4,p1_02507,insertion,0.4,0.5110565076271693
dinov2_base_top4,p1_02507,insertion,0.6,0.3953661471605301
dinov2_base_top4,p1_02507,insertion,0.8,0.40530342360337573
dinov2_base_top4,p1_02507,insertion,1.0,0.6894888083140055
dinov2_base_top4,p1_02507,random_deletion,0.0,0.6894888083140055
dinov2_base_top4,p1_02507,random_deletion,0.1,0.25424861411253613
dinov2_base_top4,p1_02507,random_deletion,0.2,0.3711069921652476
dinov2_base_top4,p1_02507,random_deletion,0.4,0.5015173554420471
dinov2_base_top4,p1_02507,random_deletion,0.6,0.9874187707901001
dinov2_base_top4,p1_02507,random_deletion,0.8,0.7142796516418457
dinov2_base_top4,p1_02507,random_deletion,1.0,0.8032422065734863
dinov2_base_top4,p1_02606,deletion,0.0,0.9621567726135254
dinov2_base_top4,p1_02606,deletion,0.1,0.6383037169774374
dinov2_base_top4,p1_02606,deletion,0.2,0.5623696198066076
dinov2_base_top4,p1_02606,deletion,0.4,0.018967976483205955
dinov2_base_top4,p1_02606,deletion,0.6,0.019330822862684727
dinov2_base_top4,p1_02606,deletion,0.8,0.04762272288401922
dinov2_base_top4,p1_02606,deletion,1.0,0.9805455406506857
dinov2_base_top4,p1_02606,insertion,0.0,0.9805455406506857
dinov2_base_top4,p1_02606,insertion,0.1,0.9979959925015768
dinov2_base_top4,p1_02606,insertion,0.2,0.914853572845459
dinov2_base_top4,p1_02606,insertion,0.4,0.959628959496816
dinov2_base_top4,p1_02606,insertion,0.6,0.9828463991483053
dinov2_base_top4,p1_02606,insertion,0.8,0.9655866424242655
dinov2_base_top4,p1_02606,insertion,1.0,0.9621567726135254
dinov2_base_top4,p1_02606,random_deletion,0.0,0.9621567726135254
dinov2_base_top4,p1_02606,random_deletion,0.1,0.9870623548825582
dinov2_base_top4,p1_02606,random_deletion,0.2,0.983182450135549
dinov2_base_top4,p1_02606,random_deletion,0.4,0.7290393710136414
dinov2_base_top4,p1_02606,random_deletion,0.6,0.22089806695779166
dinov2_base_top4,p1_02606,random_deletion,0.8,0.01465874413649241
dinov2_base_top4,p1_02606,random_deletion,1.0,0.9805455406506857
dinov2_base_top4,p1_02694,deletion,0.0,0.9988886713981628
dinov2_base_top4,p1_02694,deletion,0.1,0.9953805804252625
dinov2_base_top4,p1_02694,deletion,0.2,0.9848429163297018
dinov2_base_top4,p1_02694,deletion,0.4,0.4693796286980311
dinov2_base_top4,p1_02694,deletion,0.6,0.19546371698379517
dinov2_base_top4,p1_02694,deletion,0.8,0.053123356929669775
dinov2_base_top4,p1_02694,deletion,1.0,0.003093576446796457
dinov2_base_top4,p1_02694,insertion,0.0,0.003093576446796457
dinov2_base_top4,p1_02694,insertion,0.1,0.23809584882110357
dinov2_base_top4,p1_02694,insertion,0.2,0.9447798728942871
dinov2_base_top4,p1_02694,insertion,0.4,0.9678685267766317
dinov2_base_top4,p1_02694,insertion,0.6,0.9941429098447164
dinov2_base_top4,p1_02694,insertion,0.8,0.9993105530738831
dinov2_base_top4,p1_02694,insertion,1.0,0.9988886713981628
dinov2_base_top4,p1_02694,random_deletion,0.0,0.9988886713981628
dinov2_base_top4,p1_02694,random_deletion,0.1,0.9985842307408651
dinov2_base_top4,p1_02694,random_deletion,0.2,0.9989130894343058
dinov2_base_top4,p1_02694,random_deletion,0.4,0.9862474997838339
dinov2_base_top4,p1_02694,random_deletion,0.6,0.8713635404904684
dinov2_base_top4,p1_02694,random_deletion,0.8,0.3057408183813095
dinov2_base_top4,p1_02694,random_deletion,1.0,0.003093576446796457
dinov2_base_top4,p1_02742,deletion,0.0,0.9595504204432169
dinov2_base_top4,p1_02742,deletion,0.1,0.66239661971728
dinov2_base_top4,p1_02742,deletion,0.2,0.6982331275939941
dinov2_base_top4,p1_02742,deletion,0.4,0.7895884116490682
dinov2_base_top4,p1_02742,deletion,0.6,0.9740893840789795
dinov2_base_top4,p1_02742,deletion,0.8,0.9922865430514017
dinov2_base_top4,p1_02742,deletion,1.0,0.9969412684440613
dinov2_base_top4,p1_02742,insertion,0.0,0.9969412684440613
dinov2_base_top4,p1_02742,insertion,0.1,0.9257587790489197
dinov2_base_top4,p1_02742,insertion,0.2,0.9899095694224039
dinov2_base_top4,p1_02742,insertion,0.4,0.9718524217605591
dinov2_base_top4,p1_02742,insertion,0.6,0.9760446747144064
dinov2_base_top4,p1_02742,insertion,0.8,0.9763528903325399
dinov2_base_top4,p1_02742,insertion,1.0,0.9595504204432169
dinov2_base_top4,p1_02742,random_deletion,0.0,0.9595504204432169
dinov2_base_top4,p1_02742,random_deletion,0.1,0.9661548535029093
dinov2_base_top4,p1_02742,random_deletion,0.2,0.928861121336619
dinov2_base_top4,p1_02742,random_deletion,0.4,0.9695269266764323
dinov2_base_top4,p1_02742,random_deletion,0.6,0.981274425983429
dinov2_base_top4,p1_02742,random_deletion,0.8,0.9941115180651346
dinov2_base_top4,p1_02742,random_deletion,1.0,0.9969412684440613
dinov2_base_top4,p1_02885,deletion,0.0,0.9999458392461141
dinov2_base_top4,p1_02885,deletion,0.1,0.9998613595962524
dinov2_base_top4,p1_02885,deletion,0.2,0.9997994105021158
dinov2_base_top4,p1_02885,deletion,0.4,0.9997009038925171
dinov2_base_top4,p1_02885,deletion,0.6,0.9991822441418966
dinov2_base_top4,p1_02885,deletion,0.8,0.9982080062230428
dinov2_base_top4,p1_02885,deletion,1.0,0.9988566239674886
dinov2_base_top4,p1_02885,insertion,0.0,0.9988566239674886
dinov2_base_top4,p1_02885,insertion,0.1,0.8752881089846293
dinov2_base_top4,p1_02885,insertion,0.2,0.9998102982838949
dinov2_base_top4,p1_02885,insertion,0.4,0.9999485413233439
dinov2_base_top4,p1_02885,insertion,0.6,0.9999479055404663
dinov2_base_top4,p1_02885,insertion,0.8,0.9998888174692789
dinov2_base_top4,p1_02885,insertion,1.0,0.9999458392461141
dinov2_base_top4,p1_02885,random_deletion,0.0,0.9999458392461141
dinov2_base_top4,p1_02885,random_deletion,0.1,0.9998501737912496
dinov2_base_top4,p1_02885,random_deletion,0.2,0.9999234875043234
dinov2_base_top4,p1_02885,random_deletion,0.4,0.9999485015869141
dinov2_base_top4,p1_02885,random_deletion,0.6,0.9995634357134501
dinov2_base_top4,p1_02885,random_deletion,0.8,0.9982826511065165
dinov2_base_top4,p1_02885,random_deletion,1.0,0.9988566239674886
dinov2_base_top4,p1_02919,deletion,0.0,0.9999937216440836
dinov2_base_top4,p1_02919,deletion,0.1,0.9999962647755941
dinov2_base_top4,p1_02919,deletion,0.2,0.999993364016215
dinov2_base_top4,p1_02919,deletion,0.4,0.9809145132700602
dinov2_base_top4,p1_02919,deletion,0.6,0.6993694305419922
dinov2_base_top4,p1_02919,deletion,0.8,0.6624582161506017
dinov2_base_top4,p1_02919,deletion,1.0,0.7253790199756622
dinov2_base_top4,p1_02919,insertion,0.0,0.7253790199756622
dinov2_base_top4,p1_02919,insertion,0.1,0.9999979734420776
dinov2_base_top4,p1_02919,insertion,0.2,0.9999928871790568
dinov2_base_top4,p1_02919,insertion,0.4,0.9999924103418986
dinov2_base_top4,p1_02919,insertion,0.6,0.9999929269154867
dinov2_base_top4,p1_02919,insertion,0.8,0.9999938011169434
dinov2_base_top4,p1_02919,insertion,1.0,0.9999937216440836
dinov2_base_top4,p1_02919,random_deletion,0.0,0.9999937216440836
dinov2_base_top4,p1_02919,random_deletion,0.1,0.9999944766362509
dinov2_base_top4,p1_02919,random_deletion,0.2,0.9999969402949015
dinov2_base_top4,p1_02919,random_deletion,0.4,0.9999985297520956
dinov2_base_top4,p1_02919,random_deletion,0.6,0.9999997615814209
dinov2_base_top4,p1_02919,random_deletion,0.8,0.9988067547480265
dinov2_base_top4,p1_02919,random_deletion,1.0,0.7253790199756622
dinov2_base_top4,p1_02956,deletion,0.0,0.9997844696044922
dinov2_base_top4,p1_02956,deletion,0.1,0.9995381434758505
dinov2_base_top4,p1_02956,deletion,0.2,0.9615440964698792
dinov2_base_top4,p1_02956,deletion,0.4,0.39254288375377655
dinov2_base_top4,p1_02956,deletion,0.6,0.3048462023337682
dinov2_base_top4,p1_02956,deletion,0.8,0.11048883696397145
dinov2_base_top4,p1_02956,deletion,1.0,0.015861916355788708
dinov2_base_top4,p1_02956,insertion,0.0,0.015861916355788708
dinov2_base_top4,p1_02956,insertion,0.1,0.07851332635618746
dinov2_base_top4,p1_02956,insertion,0.2,0.693449060122172
dinov2_base_top4,p1_02956,insertion,0.4,0.9842801888783773
dinov2_base_top4,p1_02956,insertion,0.6,0.9956037402153015
dinov2_base_top4,p1_02956,insertion,0.8,0.999146044254303
dinov2_base_top4,p1_02956,insertion,1.0,0.9997844696044922
dinov2_base_top4,p1_02956,random_deletion,0.0,0.9997844696044922
dinov2_base_top4,p1_02956,random_deletion,0.1,0.999687135219574
dinov2_base_top4,p1_02956,random_deletion,0.2,0.9995507597923279
dinov2_base_top4,p1_02956,random_deletion,0.4,0.9663142561912537
dinov2_base_top4,p1_02956,random_deletion,0.6,0.9007822871208191
dinov2_base_top4,p1_02956,random_deletion,0.8,0.07001860688130061
dinov2_base_top4,p1_02956,random_deletion,1.0,0.015861916355788708
dinov2_base_top4,p1_03074,deletion,0.0,0.9999818801879883
dinov2_base_top4,p1_03074,deletion,0.1,0.9999945561091105
dinov2_base_top4,p1_03074,deletion,0.2,0.99993367989858
dinov2_base_top4,p1_03074,deletion,0.4,0.9999376535415649
dinov2_base_top4,p1_03074,deletion,0.6,0.9566786885261536
dinov2_base_top4,p1_03074,deletion,0.8,0.9971550107002258
dinov2_base_top4,p1_03074,deletion,1.0,0.9999511241912842
dinov2_base_top4,p1_03074,insertion,0.0,0.9999511241912842
dinov2_base_top4,p1_03074,insertion,0.1,0.9999875624974569
dinov2_base_top4,p1_03074,insertion,0.2,0.9999889135360718
dinov2_base_top4,p1_03074,insertion,0.4,0.9999794562657675
dinov2_base_top4,p1_03074,insertion,0.6,0.9999802112579346
dinov2_base_top4,p1_03074,insertion,0.8,0.9999735355377197
dinov2_base_top4,p1_03074,insertion,1.0,0.9999818801879883
dinov2_base_top4,p1_03074,random_deletion,0.0,0.9999818801879883
dinov2_base_top4,p1_03074,random_deletion,0.1,0.9999274412790934
dinov2_base_top4,p1_03074,random_deletion,0.2,0.9999261299769083
dinov2_base_top4,p1_03074,random_deletion,0.4,0.9999432563781738
dinov2_base_top4,p1_03074,random_deletion,0.6,0.9999385674794515
dinov2_base_top4,p1_03074,random_deletion,0.8,0.9999469121297201
dinov2_base_top4,p1_03074,random_deletion,1.0,0.9999511241912842
dinov2_base_top4,p1_03121,deletion,0.0,0.9733694990475973
dinov2_base_top4,p1_03121,deletion,0.1,0.9720049699147543
dinov2_base_top4,p1_03121,deletion,0.2,0.7553891936937968
dinov2_base_top4,p1_03121,deletion,0.4,0.14361919462680817
dinov2_base_top4,p1_03121,deletion,0.6,0.0012350317556411028
dinov2_base_top4,p1_03121,deletion,0.8,0.03057400934631005
dinov2_base_top4,p1_03121,deletion,1.0,0.0619068432909747
dinov2_base_top4,p1_03121,insertion,0.0,0.0619068432909747
dinov2_base_top4,p1_03121,insertion,0.1,0.6549297273159027
dinov2_base_top4,p1_03121,insertion,0.2,0.6246999303499857
dinov2_base_top4,p1_03121,insertion,0.4,0.7750885883967081
dinov2_base_top4,p1_03121,insertion,0.6,0.956440289815267
dinov2_base_top4,p1_03121,insertion,0.8,0.9779353539148966
dinov2_base_top4,p1_03121,insertion,1.0,0.9733694990475973
dinov2_base_top4,p1_03121,random_deletion,0.0,0.9733694990475973
dinov2_base_top4,p1_03121,random_deletion,0.1,0.9921485582987467
dinov2_base_top4,p1_03121,random_deletion,0.2,0.9914030234018961
dinov2_base_top4,p1_03121,random_deletion,0.4,0.9451791246732076
dinov2_base_top4,p1_03121,random_deletion,0.6,0.8132485349973043
dinov2_base_top4,p1_03121,random_deletion,0.8,0.9320693214734396
dinov2_base_top4,p1_03121,random_deletion,1.0,0.0619068432909747
dinov2_base_top4,p1_03136,deletion,0.0,0.999998132387797
dinov2_base_top4,p1_03136,deletion,0.1,0.999982754389445
dinov2_base_top4,p1_03136,deletion,0.2,0.9998639027277628
dinov2_base_top4,p1_03136,deletion,0.4,0.9712043801943461
dinov2_base_top4,p1_03136,deletion,0.6,0.891404410203298
dinov2_base_top4,p1_03136,deletion,0.8,0.7768831650416056
dinov2_base_top4,p1_03136,deletion,1.0,0.968402365843455
dinov2_base_top4,p1_03136,insertion,0.0,0.968402365843455
dinov2_base_top4,p1_03136,insertion,0.1,0.9828342994054159
dinov2_base_top4,p1_03136,insertion,0.2,0.9999672174453735
dinov2_base_top4,p1_03136,insertion,0.4,0.9999928077061971
dinov2_base_top4,p1_03136,insertion,0.6,0.9999929269154867
dinov2_base_top4,p1_03136,insertion,0.8,0.9999968210856119
dinov2_base_top4,p1_03136,insertion,1.0,0.999998132387797
dinov2_base_top4,p1_03136,random_deletion,0.0,0.999998132387797
dinov2_base_top4,p1_03136,random_deletion,0.1,0.9999970197677612
dinov2_base_top4,p1_03136,random_deletion,0.2,0.9999967813491821
dinov2_base_top4,p1_03136,random_deletion,0.4,0.9999804496765137
dinov2_base_top4,p1_03136,random_deletion,0.6,0.9994121988614401
dinov2_base_top4,p1_03136,random_deletion,0.8,0.9993857145309448
dinov2_base_top4,p1_03136,random_deletion,1.0,0.968402365843455
dinov2_base_top4,p1_03146,deletion,0.0,0.7522520621617635
dinov2_base_top4,p1_03146,deletion,0.1,0.520387813448906
dinov2_base_top4,p1_03146,deletion,0.2,0.7898684243361155
dinov2_base_top4,p1_03146,deletion,0.4,0.3578997415800889
dinov2_base_top4,p1_03146,deletion,0.6,0.652067631483078
dinov2_base_top4,p1_03146,deletion,0.8,0.9885942339897156
dinov2_base_top4,p1_03146,deletion,1.0,0.9254812598228455
dinov2_base_top4,p1_03146,insertion,0.0,0.9254812598228455
dinov2_base_top4,p1_03146,insertion,0.1,0.9993972579638163
dinov2_base_top4,p1_03146,insertion,0.2,0.9266978700955709
dinov2_base_top4,p1_03146,insertion,0.4,0.9836498498916626
dinov2_base_top4,p1_03146,insertion,0.6,0.9505005876223246
dinov2_base_top4,p1_03146,insertion,0.8,0.6813301046689352
dinov2_base_top4,p1_03146,insertion,1.0,0.7522520621617635
dinov2_base_top4,p1_03146,random_deletion,0.0,0.7522520621617635
dinov2_base_top4,p1_03146,random_deletion,0.1,0.9563313722610474
dinov2_base_top4,p1_03146,random_deletion,0.2,0.969877024491628
dinov2_base_top4,p1_03146,random_deletion,0.4,0.9601297378540039
dinov2_base_top4,p1_03146,random_deletion,0.6,0.8853068947792053
dinov2_base_top4,p1_03146,random_deletion,0.8,0.9292868375778198
dinov2_base_top4,p1_03146,random_deletion,1.0,0.9254812598228455
dinov2_base_top4,p1_03226,deletion,0.0,0.9882952769597372
dinov2_base_top4,p1_03226,deletion,0.1,0.9807909528414408
dinov2_base_top4,p1_03226,deletion,0.2,0.9933908780415853
dinov2_base_top4,p1_03226,deletion,0.4,0.9997718930244446
dinov2_base_top4,p1_03226,deletion,0.6,0.9715967575709025
dinov2_base_top4,p1_03226,deletion,0.8,0.9979931513468424
dinov2_base_top4,p1_03226,deletion,1.0,0.9988845984141032
dinov2_base_top4,p1_03226,insertion,0.0,0.9988845984141032
dinov2_base_top4,p1_03226,insertion,0.1,0.5150046783188978
dinov2_base_top4,p1_03226,insertion,0.2,0.8378279407819113
dinov2_base_top4,p1_03226,insertion,0.4,0.7649390498797098
dinov2_base_top4,p1_03226,insertion,0.6,0.933992882569631
dinov2_base_top4,p1_03226,insertion,0.8,0.9849312702814738
dinov2_base_top4,p1_03226,insertion,1.0,0.9882952769597372
dinov2_base_top4,p1_03226,random_deletion,0.0,0.9882952769597372
dinov2_base_top4,p1_03226,random_deletion,0.1,0.9929889639218649
dinov2_base_top4,p1_03226,random_deletion,0.2,0.9872772494951884
dinov2_base_top4,p1_03226,random_deletion,0.4,0.9974954724311829
dinov2_base_top4,p1_03226,random_deletion,0.6,0.9872157176335653
dinov2_base_top4,p1_03226,random_deletion,0.8,0.9515920877456665
dinov2_base_top4,p1_03226,random_deletion,1.0,0.9988845984141032
dinov2_base_top4,p1_03634,deletion,0.0,0.9709970951080322
dinov2_base_top4,p1_03634,deletion,0.1,0.3669340908527374
dinov2_base_top4,p1_03634,deletion,0.2,0.21864933210114637
dinov2_base_top4,p1_03634,deletion,0.4,0.10831174751122792
dinov2_base_top4,p1_03634,deletion,0.6,0.04531213299681743
dinov2_base_top4,p1_03634,deletion,0.8,0.6080393542846044
dinov2_base_top4,p1_03634,deletion,1.0,0.9826025366783142
dinov2_base_top4,p1_03634,insertion,0.0,0.9826025366783142
dinov2_base_top4,p1_03634,insertion,0.1,0.006630930273483197
dinov2_base_top4,p1_03634,insertion,0.2,0.1855562130610148
dinov2_base_top4,p1_03634,insertion,0.4,0.1935375581185023
dinov2_base_top4,p1_03634,insertion,0.6,0.7337145706017812
dinov2_base_top4,p1_03634,insertion,0.8,0.9012507001558939
dinov2_base_top4,p1_03634,insertion,1.0,0.9709970951080322
dinov2_base_top4,p1_03634,random_deletion,0.0,0.9709970951080322
dinov2_base_top4,p1_03634,random_deletion,0.1,0.5914905766646067
dinov2_base_top4,p1_03634,random_deletion,0.2,0.5465807716051737
dinov2_base_top4,p1_03634,random_deletion,0.4,0.02831285633146763
dinov2_base_top4,p1_03634,random_deletion,0.6,0.2619183411200841
dinov2_base_top4,p1_03634,random_deletion,0.8,0.07427345247318347
dinov2_base_top4,p1_03634,random_deletion,1.0,0.9826025366783142
dinov2_base_top4,p1_03670,deletion,0.0,0.9999991257985433
dinov2_base_top4,p1_03670,deletion,0.1,0.9999988079071045
dinov2_base_top4,p1_03670,deletion,0.2,0.9999964634577433
dinov2_base_top4,p1_03670,deletion,0.4,0.9999788204828898
dinov2_base_top4,p1_03670,deletion,0.6,0.9981368184089661
dinov2_base_top4,p1_03670,deletion,0.8,0.9997271498044332
dinov2_base_top4,p1_03670,deletion,1.0,0.9998535911242167
dinov2_base_top4,p1_03670,insertion,0.0,0.9998535911242167
dinov2_base_top4,p1_03670,insertion,0.1,0.8993579546610514
dinov2_base_top4,p1_03670,insertion,0.2,0.9993979930877686
dinov2_base_top4,p1_03670,insertion,0.4,0.9999941190083822
dinov2_base_top4,p1_03670,insertion,0.6,0.9999982913335165
dinov2_base_top4,p1_03670,insertion,0.8,0.9999988079071045
dinov2_base_top4,p1_03670,insertion,1.0,0.9999991257985433
dinov2_base_top4,p1_03670,random_deletion,0.0,0.9999991257985433
dinov2_base_top4,p1_03670,random_deletion,0.1,0.9999992450078329
dinov2_base_top4,p1_03670,random_deletion,0.2,0.9999987284342448
dinov2_base_top4,p1_03670,random_deletion,0.4,0.9999974966049194
dinov2_base_top4,p1_03670,random_deletion,0.6,0.9999953905741373
dinov2_base_top4,p1_03670,random_deletion,0.8,0.9978143771489462
dinov2_base_top4,p1_03670,random_deletion,1.0,0.9998535911242167
dinov2_base_top4,p1_03755,deletion,0.0,0.9961313009262085
dinov2_base_top4,p1_03755,deletion,0.1,0.9591594934463501
dinov2_base_top4,p1_03755,deletion,0.2,0.9843788544336954
dinov2_base_top4,p1_03755,deletion,0.4,0.9992671410242716
dinov2_base_top4,p1_03755,deletion,0.6,0.9993111689885458
dinov2_base_top4,p1_03755,deletion,0.8,0.9899788101514181
dinov2_base_top4,p1_03755,deletion,1.0,0.9659871061642965
dinov2_base_top4,p1_03755,insertion,0.0,0.9659871061642965
dinov2_base_top4,p1_03755,insertion,0.1,0.9593465129534403
dinov2_base_top4,p1_03755,insertion,0.2,0.9973145325978597
dinov2_base_top4,p1_03755,insertion,0.4,0.9947788119316101
dinov2_base_top4,p1_03755,insertion,0.6,0.9938314954439799
dinov2_base_top4,p1_03755,insertion,0.8,0.993467370669047
dinov2_base_top4,p1_03755,insertion,1.0,0.9961313009262085
dinov2_base_top4,p1_03755,random_deletion,0.0,0.9961313009262085
dinov2_base_top4,p1_03755,random_deletion,0.1,0.9914194345474243
dinov2_base_top4,p1_03755,random_deletion,0.2,0.9942111968994141
dinov2_base_top4,p1_03755,random_deletion,0.4,0.9106115301450094
dinov2_base_top4,p1_03755,random_deletion,0.6,0.9666367371877035
dinov2_base_top4,p1_03755,random_deletion,0.8,0.9976673523585001
dinov2_base_top4,p1_03755,random_deletion,1.0,0.9659871061642965
dinov2_base_top4,p1_03772,deletion,0.0,0.9504023989041647
dinov2_base_top4,p1_03772,deletion,0.1,0.9334098696708679
dinov2_base_top4,p1_03772,deletion,0.2,0.954193631807963
dinov2_base_top4,p1_03772,deletion,0.4,0.9804571469624838
dinov2_base_top4,p1_03772,deletion,0.6,0.9930302103360494
dinov2_base_top4,p1_03772,deletion,0.8,0.993882397810618
dinov2_base_top4,p1_03772,deletion,1.0,0.9842412869135538
dinov2_base_top4,p1_03772,insertion,0.0,0.9842412869135538
dinov2_base_top4,p1_03772,insertion,0.1,0.9954780141512553
dinov2_base_top4,p1_03772,insertion,0.2,0.6435740987459818
dinov2_base_top4,p1_03772,insertion,0.4,0.9181264638900757
dinov2_base_top4,p1_03772,insertion,0.6,0.9315512577692667
dinov2_base_top4,p1_03772,insertion,0.8,0.9071197907129923
dinov2_base_top4,p1_03772,insertion,1.0,0.9504023989041647
dinov2_base_top4,p1_03772,random_deletion,0.0,0.9504023989041647
dinov2_base_top4,p1_03772,random_deletion,0.1,0.9061911702156067
dinov2_base_top4,p1_03772,random_deletion,0.2,0.9341786702473959
dinov2_base_top4,p1_03772,random_deletion,0.4,0.9540090163548788
dinov2_base_top4,p1_03772,random_deletion,0.6,0.9818687438964844
dinov2_base_top4,p1_03772,random_deletion,0.8,0.9927337964375814
dinov2_base_top4,p1_03772,random_deletion,1.0,0.9842412869135538
dinov2_base_top4,p1_03850,deletion,0.0,0.9996079603830973
dinov2_base_top4,p1_03850,deletion,0.1,0.9983301758766174
dinov2_base_top4,p1_03850,deletion,0.2,0.9975268443425497
dinov2_base_top4,p1_03850,deletion,0.4,0.999400814374288
dinov2_base_top4,p1_03850,deletion,0.6,0.9996775587399801
dinov2_base_top4,p1_03850,deletion,0.8,0.993929406007131
dinov2_base_top4,p1_03850,deletion,1.0,0.9997759262720743
dinov2_base_top4,p1_03850,insertion,0.0,0.9997759262720743
dinov2_base_top4,p1_03850,insertion,0.1,0.9999130964279175
dinov2_base_top4,p1_03850,insertion,0.2,0.9999221563339233
dinov2_base_top4,p1_03850,insertion,0.4,0.999653697013855
dinov2_base_top4,p1_03850,insertion,0.6,0.9995071887969971
dinov2_base_top4,p1_03850,insertion,0.8,0.9995550711949667
dinov2_base_top4,p1_03850,insertion,1.0,0.9996079603830973
dinov2_base_top4,p1_03850,random_deletion,0.0,0.9996079603830973
dinov2_base_top4,p1_03850,random_deletion,0.1,0.999083677927653
dinov2_base_top4,p1_03850,random_deletion,0.2,0.9991966883341471
dinov2_base_top4,p1_03850,random_deletion,0.4,0.9993385473887125
dinov2_base_top4,p1_03850,random_deletion,0.6,0.999491274356842
dinov2_base_top4,p1_03850,random_deletion,0.8,0.9997994899749756
dinov2_base_top4,p1_03850,random_deletion,1.0,0.9997759262720743
dinov2_base_top4,p1_03985,deletion,0.0,0.9992129405339559
dinov2_base_top4,p1_03985,deletion,0.1,0.9976696570714315
dinov2_base_top4,p1_03985,deletion,0.2,0.9856905539830526
dinov2_base_top4,p1_03985,deletion,0.4,0.9765029549598694
dinov2_base_top4,p1_03985,deletion,0.6,0.8963681062062582
dinov2_base_top4,p1_03985,deletion,0.8,0.9238167603810629
dinov2_base_top4,p1_03985,deletion,1.0,0.9704382618268331
dinov2_base_top4,p1_03985,insertion,0.0,0.9704382618268331
dinov2_base_top4,p1_03985,insertion,0.1,0.9975369175275167
dinov2_base_top4,p1_03985,insertion,0.2,0.9988691210746765
dinov2_base_top4,p1_03985,insertion,0.4,0.999354898929596
dinov2_base_top4,p1_03985,insertion,0.6,0.99952365954717
dinov2_base_top4,p1_03985,insertion,0.8,0.999426523844401
dinov2_base_top4,p1_03985,insertion,1.0,0.9992129405339559
dinov2_base_top4,p1_03985,random_deletion,0.0,0.9992129405339559
dinov2_base_top4,p1_03985,random_deletion,0.1,0.998904287815094
dinov2_base_top4,p1_03985,random_deletion,0.2,0.9991039236386617
dinov2_base_top4,p1_03985,random_deletion,0.4,0.9983471035957336
dinov2_base_top4,p1_03985,random_deletion,0.6,0.9786860148111979
dinov2_base_top4,p1_03985,random_deletion,0.8,0.9691418409347534
dinov2_base_top4,p1_03985,random_deletion,1.0,0.9704382618268331
dinov2_base_top4,p1_04168,deletion,0.0,0.99994428952535
dinov2_base_top4,p1_04168,deletion,0.1,0.9998700022697449
dinov2_base_top4,p1_04168,deletion,0.2,0.9997994899749756
dinov2_base_top4,p1_04168,deletion,0.4,0.9993119637171427
dinov2_base_top4,p1_04168,deletion,0.6,0.9992116689682007
dinov2_base_top4,p1_04168,deletion,0.8,0.9999101956685384
dinov2_base_top4,p1_04168,deletion,1.0,0.9999765952428182
dinov2_base_top4,p1_04168,insertion,0.0,0.9999765952428182
dinov2_base_top4,p1_04168,insertion,0.1,0.999962329864502
dinov2_base_top4,p1_04168,insertion,0.2,0.9999741315841675
dinov2_base_top4,p1_04168,insertion,0.4,0.9999570846557617
dinov2_base_top4,p1_04168,insertion,0.6,0.9999659061431885
dinov2_base_top4,p1_04168,insertion,0.8,0.9999696413675944
dinov2_base_top4,p1_04168,insertion,1.0,0.99994428952535
dinov2_base_top4,p1_04168,random_deletion,0.0,0.99994428952535
dinov2_base_top4,p1_04168,random_deletion,0.1,0.9999562501907349
dinov2_base_top4,p1_04168,random_deletion,0.2,0.9999667803446451
dinov2_base_top4,p1_04168,random_deletion,0.4,0.9998988310496012
dinov2_base_top4,p1_04168,random_deletion,0.6,0.9999491771062216
dinov2_base_top4,p1_04168,random_deletion,0.8,0.9999382893244425
dinov2_base_top4,p1_04168,random_deletion,1.0,0.9999765952428182
dinov2_base_top4,p1_04174,deletion,0.0,0.9999997615814209
dinov2_base_top4,p1_04174,deletion,0.1,0.9999993642171224
dinov2_base_top4,p1_04174,deletion,0.2,0.9999990463256836
dinov2_base_top4,p1_04174,deletion,0.4,0.9999968210856119
dinov2_base_top4,p1_04174,deletion,0.6,0.9999909400939941
dinov2_base_top4,p1_04174,deletion,0.8,0.999990185101827
dinov2_base_top4,p1_04174,deletion,1.0,0.9999830722808838
dinov2_base_top4,p1_04174,insertion,0.0,0.9999830722808838
dinov2_base_top4,p1_04174,insertion,0.1,0.9999535083770752
dinov2_base_top4,p1_04174,insertion,0.2,0.999995748202006
dinov2_base_top4,p1_04174,insertion,0.4,0.9999990463256836
dinov2_base_top4,p1_04174,insertion,0.6,0.999999205271403
dinov2_base_top4,p1_04174,insertion,0.8,0.9999997218449911
dinov2_base_top4,p1_04174,insertion,1.0,0.9999997615814209
dinov2_base_top4,p1_04174,random_deletion,0.0,0.9999997615814209
dinov2_base_top4,p1_04174,random_deletion,0.1,0.9999995628992716
dinov2_base_top4,p1_04174,random_deletion,0.2,0.9999995628992716
dinov2_base_top4,p1_04174,random_deletion,0.4,0.9999996423721313
dinov2_base_top4,p1_04174,random_deletion,0.6,0.9999991655349731
dinov2_base_top4,p1_04174,random_deletion,0.8,0.999997059504191
dinov2_base_top4,p1_04174,random_deletion,1.0,0.9999830722808838
dinov2_base_top4,p1_04177,deletion,0.0,0.9880816340446472
dinov2_base_top4,p1_04177,deletion,0.1,0.9988524119059244
dinov2_base_top4,p1_04177,deletion,0.2,0.995607852935791
dinov2_base_top4,p1_04177,deletion,0.4,0.48684849590063095
dinov2_base_top4,p1_04177,deletion,0.6,0.09701300784945488
dinov2_base_top4,p1_04177,deletion,0.8,0.19176055739323297
dinov2_base_top4,p1_04177,deletion,1.0,0.9177563587824503
dinov2_base_top4,p1_04177,insertion,0.0,0.9177563587824503
dinov2_base_top4,p1_04177,insertion,0.1,0.568121870358785
dinov2_base_top4,p1_04177,insertion,0.2,0.8154182434082031
dinov2_base_top4,p1_04177,insertion,0.4,0.8298159837722778
dinov2_base_top4,p1_04177,insertion,0.6,0.8572674791018168
dinov2_base_top4,p1_04177,insertion,0.8,0.9921738107999166
dinov2_base_top4,p1_04177,insertion,1.0,0.9880816340446472
dinov2_base_top4,p1_04177,random_deletion,0.0,0.9880816340446472
dinov2_base_top4,p1_04177,random_deletion,0.1,0.9836926857630411
dinov2_base_top4,p1_04177,random_deletion,0.2,0.992504338423411
dinov2_base_top4,p1_04177,random_deletion,0.4,0.9645697673161825
dinov2_base_top4,p1_04177,random_deletion,0.6,0.8769984642664591
dinov2_base_top4,p1_04177,random_deletion,0.8,0.9629294872283936
dinov2_base_top4,p1_04177,random_deletion,1.0,0.9177563587824503
dinov2_base_top4,p1_04178,deletion,0.0,0.9999213218688965
dinov2_base_top4,p1_04178,deletion,0.1,0.9998333851496378
dinov2_base_top4,p1_04178,deletion,0.2,0.9993011355400085
dinov2_base_top4,p1_04178,deletion,0.4,0.9960568149884542
dinov2_base_top4,p1_04178,deletion,0.6,0.999403695265452
dinov2_base_top4,p1_04178,deletion,0.8,0.9998541871706644
dinov2_base_top4,p1_04178,deletion,1.0,0.9999378522237142
dinov2_base_top4,p1_04178,insertion,0.0,0.9999378522237142
dinov2_base_top4,p1_04178,insertion,0.1,0.9988662401835123
dinov2_base_top4,p1_04178,insertion,0.2,0.9999802907307943
dinov2_base_top4,p1_04178,insertion,0.4,0.9999705950419108
dinov2_base_top4,p1_04178,insertion,0.6,0.9999627669652303
dinov2_base_top4,p1_04178,insertion,0.8,0.999961256980896
dinov2_base_top4,p1_04178,insertion,1.0,0.9999213218688965
dinov2_base_top4,p1_04178,random_deletion,0.0,0.9999213218688965
dinov2_base_top4,p1_04178,random_deletion,0.1,0.9999715089797974
dinov2_base_top4,p1_04178,random_deletion,0.2,0.9999523957570394
dinov2_base_top4,p1_04178,random_deletion,0.4,0.9999612172444662
dinov2_base_top4,p1_04178,random_deletion,0.6,0.9999926487604777
dinov2_base_top4,p1_04178,random_deletion,0.8,0.9999944766362509
dinov2_base_top4,p1_04178,random_deletion,1.0,0.9999378522237142
dinov2_base_top4,p1_04278,deletion,0.0,0.9999881585439047
dinov2_base_top4,p1_04278,deletion,0.1,0.9999672969182333
dinov2_base_top4,p1_04278,deletion,0.2,0.999812126159668
dinov2_base_top4,p1_04278,deletion,0.4,0.9992187023162842
dinov2_base_top4,p1_04278,deletion,0.6,0.8462369044621786
dinov2_base_top4,p1_04278,deletion,0.8,0.3762282505631447
dinov2_base_top4,p1_04278,deletion,1.0,0.68918044368426
dinov2_base_top4,p1_04278,insertion,0.0,0.68918044368426
dinov2_base_top4,p1_04278,insertion,0.1,0.9989933570226034
dinov2_base_top4,p1_04278,insertion,0.2,0.9998341997464498
dinov2_base_top4,p1_04278,insertion,0.4,0.9999929269154867
dinov2_base_top4,p1_04278,insertion,0.6,0.9999951918919882
dinov2_base_top4,p1_04278,insertion,0.8,0.9999884764353434
dinov2_base_top4,p1_04278,insertion,1.0,0.9999881585439047
dinov2_base_top4,p1_04278,random_deletion,0.0,0.9999881585439047
dinov2_base_top4,p1_04278,random_deletion,0.1,0.9999813238779703
dinov2_base_top4,p1_04278,random_deletion,0.2,0.9999085466066996
dinov2_base_top4,p1_04278,random_deletion,0.4,0.9999723434448242
dinov2_base_top4,p1_04278,random_deletion,0.6,0.9999608198801676
dinov2_base_top4,p1_04278,random_deletion,0.8,0.9995580116907755
dinov2_base_top4,p1_04278,random_deletion,1.0,0.68918044368426
dinov2_base_top4,p1_04333,deletion,0.0,0.9997771382331848
dinov2_base_top4,p1_04333,deletion,0.1,0.9998613794644674
dinov2_base_top4,p1_04333,deletion,0.2,0.9993650714556376
dinov2_base_top4,p1_04333,deletion,0.4,0.9983012477556864
dinov2_base_top4,p1_04333,deletion,0.6,0.9983512759208679
dinov2_base_top4,p1_04333,deletion,0.8,0.9995738466580709
dinov2_base_top4,p1_04333,deletion,1.0,0.9982144832611084
dinov2_base_top4,p1_04333,insertion,0.0,0.9982144832611084
dinov2_base_top4,p1_04333,insertion,0.1,0.8606382608413696
dinov2_base_top4,p1_04333,insertion,0.2,0.885691245396932
dinov2_base_top4,p1_04333,insertion,0.4,0.9986353516578674
dinov2_base_top4,p1_04333,insertion,0.6,0.9996691544850668
dinov2_base_top4,p1_04333,insertion,0.8,0.999813437461853
dinov2_base_top4,p1_04333,insertion,1.0,0.9997771382331848
dinov2_base_top4,p1_04333,random_deletion,0.0,0.9997771382331848
dinov2_base_top4,p1_04333,random_deletion,0.1,0.9946722984313965
dinov2_base_top4,p1_04333,random_deletion,0.2,0.999437689781189
dinov2_base_top4,p1_04333,random_deletion,0.4,0.999959667523702
dinov2_base_top4,p1_04333,random_deletion,0.6,0.9998994469642639
dinov2_base_top4,p1_04333,random_deletion,0.8,0.9920592904090881
dinov2_base_top4,p1_04333,random_deletion,1.0,0.9982144832611084
dinov2_base_top4,p1_04452,deletion,0.0,0.9995800058046976
dinov2_base_top4,p1_04452,deletion,0.1,0.9997177521387736
dinov2_base_top4,p1_04452,deletion,0.2,0.9992405374844869
dinov2_base_top4,p1_04452,deletion,0.4,0.9949195583661398
dinov2_base_top4,p1_04452,deletion,0.6,0.9952245553334554
dinov2_base_top4,p1_04452,deletion,0.8,0.9965487122535706
dinov2_base_top4,p1_04452,deletion,1.0,0.9913655320803324
dinov2_base_top4,p1_04452,insertion,0.0,0.9913655320803324
dinov2_base_top4,p1_04452,insertion,0.1,0.9999338785807291
dinov2_base_top4,p1_04452,insertion,0.2,0.9999421040217081
dinov2_base_top4,p1_04452,insertion,0.4,0.9997633099555969
dinov2_base_top4,p1_04452,insertion,0.6,0.9997519056002299
dinov2_base_top4,p1_04452,insertion,0.8,0.9996296366055807
dinov2_base_top4,p1_04452,insertion,1.0,0.9995800058046976
dinov2_base_top4,p1_04452,random_deletion,0.0,0.9995800058046976
dinov2_base_top4,p1_04452,random_deletion,0.1,0.9995121757189432
dinov2_base_top4,p1_04452,random_deletion,0.2,0.9995010296503702
dinov2_base_top4,p1_04452,random_deletion,0.4,0.999718189239502
dinov2_base_top4,p1_04452,random_deletion,0.6,0.9993848999341329
dinov2_base_top4,p1_04452,random_deletion,0.8,0.9996311863263448
dinov2_base_top4,p1_04452,random_deletion,1.0,0.9913655320803324
dinov2_base_top4,p1_04492,deletion,0.0,0.39528391261895496
dinov2_base_top4,p1_04492,deletion,0.1,0.8569453358650208
dinov2_base_top4,p1_04492,deletion,0.2,0.7084392110506693
dinov2_base_top4,p1_04492,deletion,0.4,0.005589801934547722
dinov2_base_top4,p1_04492,deletion,0.6,0.00780133359755079
dinov2_base_top4,p1_04492,deletion,0.8,0.03799630693780879
dinov2_base_top4,p1_04492,deletion,1.0,0.9677949746449789
dinov2_base_top4,p1_04492,insertion,0.0,0.9677949746449789
dinov2_base_top4,p1_04492,insertion,0.1,0.5658718546231588
dinov2_base_top4,p1_04492,insertion,0.2,0.6610546310742696
dinov2_base_top4,p1_04492,insertion,0.4,0.7920188903808594
dinov2_base_top4,p1_04492,insertion,0.6,0.3931690727670987
dinov2_base_top4,p1_04492,insertion,0.8,0.31743425130844116
dinov2_base_top4,p1_04492,insertion,1.0,0.39528391261895496
dinov2_base_top4,p1_04492,random_deletion,0.0,0.39528391261895496
dinov2_base_top4,p1_04492,random_deletion,0.1,0.9793722033500671
dinov2_base_top4,p1_04492,random_deletion,0.2,0.9145967165629069
dinov2_base_top4,p1_04492,random_deletion,0.4,0.8984003265698751
dinov2_base_top4,p1_04492,random_deletion,0.6,0.776044507821401
dinov2_base_top4,p1_04492,random_deletion,0.8,0.3795294525722663
dinov2_base_top4,p1_04492,random_deletion,1.0,0.9677949746449789
dinov2_base_top4,p1_04508,deletion,0.0,0.9998767177263895
dinov2_base_top4,p1_04508,deletion,0.1,0.9996906320254008
dinov2_base_top4,p1_04508,deletion,0.2,0.9990208148956299
dinov2_base_top4,p1_04508,deletion,0.4,0.9266311327616373
dinov2_base_top4,p1_04508,deletion,0.6,0.0015939980949042365
dinov2_base_top4,p1_04508,deletion,0.8,0.051005252792189516
dinov2_base_top4,p1_04508,deletion,1.0,0.9305039842923483
dinov2_base_top4,p1_04508,insertion,0.0,0.9305039842923483
dinov2_base_top4,p1_04508,insertion,0.1,0.3094312250614166
dinov2_base_top4,p1_04508,insertion,0.2,0.9804028868675232
dinov2_base_top4,p1_04508,insertion,0.4,0.9985856413841248
dinov2_base_top4,p1_04508,insertion,0.6,0.9998334447542826
dinov2_base_top4,p1_04508,insertion,0.8,0.999903678894043
dinov2_base_top4,p1_04508,insertion,1.0,0.9998767177263895
dinov2_base_top4,p1_04508,random_deletion,0.0,0.9998767177263895
dinov2_base_top4,p1_04508,random_deletion,0.1,0.9999149243036906
dinov2_base_top4,p1_04508,random_deletion,0.2,0.9999648332595825
dinov2_base_top4,p1_04508,random_deletion,0.4,0.9997816681861877
dinov2_base_top4,p1_04508,random_deletion,0.6,0.9685127139091492
dinov2_base_top4,p1_04508,random_deletion,0.8,0.20861602574586868
dinov2_base_top4,p1_04508,random_deletion,1.0,0.9305039842923483
dinov2_base_top4,p1_04546,deletion,0.0,0.9996250867843628
dinov2_base_top4,p1_04546,deletion,0.1,0.9998718698819479
dinov2_base_top4,p1_04546,deletion,0.2,0.99990181128184
dinov2_base_top4,p1_04546,deletion,0.4,0.9969683885574341
dinov2_base_top4,p1_04546,deletion,0.6,0.9980382521947225
dinov2_base_top4,p1_04546,deletion,0.8,0.9996917247772217
dinov2_base_top4,p1_04546,deletion,1.0,0.9997413555781046
dinov2_base_top4,p1_04546,insertion,0.0,0.9997413555781046
dinov2_base_top4,p1_04546,insertion,0.1,0.9987111886342367
dinov2_base_top4,p1_04546,insertion,0.2,0.9999213020006815
dinov2_base_top4,p1_04546,insertion,0.4,0.9998108943303426
dinov2_base_top4,p1_04546,insertion,0.6,0.9997550050417582
dinov2_base_top4,p1_04546,insertion,0.8,0.9996208747227987
dinov2_base_top4,p1_04546,insertion,1.0,0.9996250867843628
dinov2_base_top4,p1_04546,random_deletion,0.0,0.9996250867843628
dinov2_base_top4,p1_04546,random_deletion,0.1,0.9998215039571127
dinov2_base_top4,p1_04546,random_deletion,0.2,0.9998237291971842
dinov2_base_top4,p1_04546,random_deletion,0.4,0.999705175558726
dinov2_base_top4,p1_04546,random_deletion,0.6,0.999925414721171
dinov2_base_top4,p1_04546,random_deletion,0.8,0.9998844663302103
dinov2_base_top4,p1_04546,random_deletion,1.0,0.9997413555781046
dinov2_base_top4,p1_04697,deletion,0.0,0.999753495057424
dinov2_base_top4,p1_04697,deletion,0.1,0.9971852898597717
dinov2_base_top4,p1_04697,deletion,0.2,0.9983523686726888
dinov2_base_top4,p1_04697,deletion,0.4,0.999738077322642
dinov2_base_top4,p1_04697,deletion,0.6,0.9997908671696981
dinov2_base_top4,p1_04697,deletion,0.8,0.9999385674794515
dinov2_base_top4,p1_04697,deletion,1.0,0.9997559984525045
dinov2_base_top4,p1_04697,insertion,0.0,0.9997559984525045
dinov2_base_top4,p1_04697,insertion,0.1,0.9970914920171102
dinov2_base_top4,p1_04697,insertion,0.2,0.9999221165974935
dinov2_base_top4,p1_04697,insertion,0.4,0.9999876419703165
dinov2_base_top4,p1_04697,insertion,0.6,0.9999005595842997
dinov2_base_top4,p1_04697,insertion,0.8,0.9995084404945374
dinov2_base_top4,p1_04697,insertion,1.0,0.999753495057424
dinov2_base_top4,p1_04697,random_deletion,0.0,0.999753495057424
dinov2_base_top4,p1_04697,random_deletion,0.1,0.9989918867746989
dinov2_base_top4,p1_04697,random_deletion,0.2,0.9990085562070211
dinov2_base_top4,p1_04697,random_deletion,0.4,0.998708168665568
dinov2_base_top4,p1_04697,random_deletion,0.6,0.9992745121320089
dinov2_base_top4,p1_04697,random_deletion,0.8,0.9997734824816386
dinov2_base_top4,p1_04697,random_deletion,1.0,0.9997559984525045
dinov2_base_top4,p1_04698,deletion,0.0,0.9791710575421652
dinov2_base_top4,p1_04698,deletion,0.1,0.9981233477592468
dinov2_base_top4,p1_04698,deletion,0.2,0.999649167060852
dinov2_base_top4,p1_04698,deletion,0.4,0.9999344746271769
dinov2_base_top4,p1_04698,deletion,0.6,0.9999726613362631
dinov2_base_top4,p1_04698,deletion,0.8,0.9966894388198853
dinov2_base_top4,p1_04698,deletion,1.0,0.9714461962381998
dinov2_base_top4,p1_04698,insertion,0.0,0.9714461962381998
dinov2_base_top4,p1_04698,insertion,0.1,0.852092444896698
dinov2_base_top4,p1_04698,insertion,0.2,0.9864223798116049
dinov2_base_top4,p1_04698,insertion,0.4,0.9606611927350363
dinov2_base_top4,p1_04698,insertion,0.6,0.9666214187939962
dinov2_base_top4,p1_04698,insertion,0.8,0.9718221028645834
dinov2_base_top4,p1_04698,insertion,1.0,0.9791710575421652
dinov2_base_top4,p1_04698,random_deletion,0.0,0.9791710575421652
dinov2_base_top4,p1_04698,random_deletion,0.1,0.9760836958885193
dinov2_base_top4,p1_04698,random_deletion,0.2,0.9971863230069479
dinov2_base_top4,p1_04698,random_deletion,0.4,0.9989265203475952
dinov2_base_top4,p1_04698,random_deletion,0.6,0.9907968441645304
dinov2_base_top4,p1_04698,random_deletion,0.8,0.9851471980412801
dinov2_base_top4,p1_04698,random_deletion,1.0,0.9714461962381998
dinov2_base_top4,p1_04727,deletion,0.0,0.9999929269154867
dinov2_base_top4,p1_04727,deletion,0.1,0.9981193343798319
dinov2_base_top4,p1_04727,deletion,0.2,0.9963653286298116
dinov2_base_top4,p1_04727,deletion,0.4,0.8332039912541708
dinov2_base_top4,p1_04727,deletion,0.6,0.7287231584390005
dinov2_base_top4,p1_04727,deletion,0.8,0.2624933173259099
dinov2_base_top4,p1_04727,deletion,1.0,0.7990091840426127
dinov2_base_top4,p1_04727,insertion,0.0,0.7990091840426127
dinov2_base_top4,p1_04727,insertion,0.1,0.925711194674174
dinov2_base_top4,p1_04727,insertion,0.2,0.9999457200368246
dinov2_base_top4,p1_04727,insertion,0.4,0.9999946753184
dinov2_base_top4,p1_04727,insertion,0.6,0.9999972581863403
dinov2_base_top4,p1_04727,insertion,0.8,0.9999879598617554
dinov2_base_top4,p1_04727,insertion,1.0,0.9999929269154867
dinov2_base_top4,p1_04727,random_deletion,0.0,0.9999929269154867
dinov2_base_top4,p1_04727,random_deletion,0.1,0.9999916156133016
dinov2_base_top4,p1_04727,random_deletion,0.2,0.9999891519546509
dinov2_base_top4,p1_04727,random_deletion,0.4,0.999961773554484
dinov2_base_top4,p1_04727,random_deletion,0.6,0.9700986941655477
dinov2_base_top4,p1_04727,random_deletion,0.8,0.8519743084907532
dinov2_base_top4,p1_04727,random_deletion,1.0,0.7990091840426127
dinov2_base_top4,p1_04776,deletion,0.0,0.9999789396921793
dinov2_base_top4,p1_04776,deletion,0.1,0.9999701976776123
dinov2_base_top4,p1_04776,deletion,0.2,0.9999667803446451
dinov2_base_top4,p1_04776,deletion,0.4,0.999971350034078
dinov2_base_top4,p1_04776,deletion,0.6,0.9999088843663534
dinov2_base_top4,p1_04776,deletion,0.8,0.9922685225804647
dinov2_base_top4,p1_04776,deletion,1.0,0.96288001537323
dinov2_base_top4,p1_04776,insertion,0.0,0.96288001537323
dinov2_base_top4,p1_04776,insertion,0.1,0.999941905339559
dinov2_base_top4,p1_04776,insertion,0.2,0.9999645948410034
dinov2_base_top4,p1_04776,insertion,0.4,0.9999816417694092
dinov2_base_top4,p1_04776,insertion,0.6,0.999976396560669
dinov2_base_top4,p1_04776,insertion,0.8,0.9999793767929077
dinov2_base_top4,p1_04776,insertion,1.0,0.9999789396921793
dinov2_base_top4,p1_04776,random_deletion,0.0,0.9999789396921793
dinov2_base_top4,p1_04776,random_deletion,0.1,0.9999736547470093
dinov2_base_top4,p1_04776,random_deletion,0.2,0.9999816020329794
dinov2_base_top4,p1_04776,random_deletion,0.4,0.9999690055847168
dinov2_base_top4,p1_04776,random_deletion,0.6,0.9999439716339111
dinov2_base_top4,p1_04776,random_deletion,0.8,0.9999838670094808
dinov2_base_top4,p1_04776,random_deletion,1.0,0.96288001537323
dinov2_base_top4,p1_04859,deletion,0.0,0.9984933535257975
dinov2_base_top4,p1_04859,deletion,0.1,0.7739962538083395
dinov2_base_top4,p1_04859,deletion,0.2,0.5597718308369318
dinov2_base_top4,p1_04859,deletion,0.4,0.7505108515421549
dinov2_base_top4,p1_04859,deletion,0.6,0.8588176767031351
dinov2_base_top4,p1_04859,deletion,0.8,0.986296812693278
dinov2_base_top4,p1_04859,deletion,1.0,0.9862230817476908
dinov2_base_top4,p1_04859,insertion,0.0,0.9862230817476908
dinov2_base_top4,p1_04859,insertion,0.1,0.9877103964487711
dinov2_base_top4,p1_04859,insertion,0.2,0.9648159344991049
dinov2_base_top4,p1_04859,insertion,0.4,0.9987231691678365
dinov2_base_top4,p1_04859,insertion,0.6,0.9991878271102905
dinov2_base_top4,p1_04859,insertion,0.8,0.9993263284365336
dinov2_base_top4,p1_04859,insertion,1.0,0.9984933535257975
dinov2_base_top4,p1_04859,random_deletion,0.0,0.9984933535257975
dinov2_base_top4,p1_04859,random_deletion,0.1,0.9747513135274252
dinov2_base_top4,p1_04859,random_deletion,0.2,0.9978835980097452
dinov2_base_top4,p1_04859,random_deletion,0.4,0.9062074025472006
dinov2_base_top4,p1_04859,random_deletion,0.6,0.9894106586774191
dinov2_base_top4,p1_04859,random_deletion,0.8,0.9532908002535502
dinov2_base_top4,p1_04859,random_deletion,1.0,0.9862230817476908
dinov2_base_top4,p1_04904,deletion,0.0,0.7569661935170492
dinov2_base_top4,p1_04904,deletion,0.1,0.9870835145314535
dinov2_base_top4,p1_04904,deletion,0.2,0.9988801081975301
dinov2_base_top4,p1_04904,deletion,0.4,0.9978522857030233
dinov2_base_top4,p1_04904,deletion,0.6,0.8895482420921326
dinov2_base_top4,p1_04904,deletion,0.8,0.9826629161834717
dinov2_base_top4,p1_04904,deletion,1.0,0.9935314655303955
dinov2_base_top4,p1_04904,insertion,0.0,0.9935314655303955
dinov2_base_top4,p1_04904,insertion,0.1,0.9752169450124105
dinov2_base_top4,p1_04904,insertion,0.2,0.5095354119936625
dinov2_base_top4,p1_04904,insertion,0.4,0.4887149880329768
dinov2_base_top4,p1_04904,insertion,0.6,0.6959696710109711
dinov2_base_top4,p1_04904,insertion,0.8,0.8680757880210876
dinov2_base_top4,p1_04904,insertion,1.0,0.7569661935170492
dinov2_base_top4,p1_04904,random_deletion,0.0,0.7569661935170492
dinov2_base_top4,p1_04904,random_deletion,0.1,0.5852594673633575
dinov2_base_top4,p1_04904,random_deletion,0.2,0.7569849093755087
dinov2_base_top4,p1_04904,random_deletion,0.4,0.6981985767682394
dinov2_base_top4,p1_04904,random_deletion,0.6,0.9811194737752279
dinov2_base_top4,p1_04904,random_deletion,0.8,0.9547130068143209
dinov2_base_top4,p1_04904,random_deletion,1.0,0.9935314655303955
dinov2_base_top4,p1_05035,deletion,0.0,0.9863876303037008
dinov2_base_top4,p1_05035,deletion,0.1,0.9950029452641805
dinov2_base_top4,p1_05035,deletion,0.2,0.9991731643676758
dinov2_base_top4,p1_05035,deletion,0.4,0.9991448521614075
dinov2_base_top4,p1_05035,deletion,0.6,0.9709179600079855
dinov2_base_top4,p1_05035,deletion,0.8,0.9899168411890665
dinov2_base_top4,p1_05035,deletion,1.0,0.9931055506070455
dinov2_base_top4,p1_05035,insertion,0.0,0.9931055506070455
dinov2_base_top4,p1_05035,insertion,0.1,0.9984186689058939
dinov2_base_top4,p1_05035,insertion,0.2,0.999256451924642
dinov2_base_top4,p1_05035,insertion,0.4,0.9704640905062357
dinov2_base_top4,p1_05035,insertion,0.6,0.971771756807963
dinov2_base_top4,p1_05035,insertion,0.8,0.9841712713241577
dinov2_base_top4,p1_05035,insertion,1.0,0.9863876303037008
dinov2_base_top4,p1_05035,random_deletion,0.0,0.9863876303037008
dinov2_base_top4,p1_05035,random_deletion,0.1,0.9681140979131063
dinov2_base_top4,p1_05035,random_deletion,0.2,0.9632804791132609
dinov2_base_top4,p1_05035,random_deletion,0.4,0.7572568754355112
dinov2_base_top4,p1_05035,random_deletion,0.6,0.8957517941792806
dinov2_base_top4,p1_05035,random_deletion,0.8,0.901691754659017
dinov2_base_top4,p1_05035,random_deletion,1.0,0.9931055506070455
dinov2_base_top4,p1_05146,deletion,0.0,0.999999483426412
dinov2_base_top4,p1_05146,deletion,0.1,0.9999993642171224
dinov2_base_top4,p1_05146,deletion,0.2,0.9999995231628418
dinov2_base_top4,p1_05146,deletion,0.4,0.9999994436899821
dinov2_base_top4,p1_05146,deletion,0.6,0.9999983310699463
dinov2_base_top4,p1_05146,deletion,0.8,0.9999391237894694
dinov2_base_top4,p1_05146,deletion,1.0,0.9999550580978394
dinov2_base_top4,p1_05146,insertion,0.0,0.9999550580978394
dinov2_base_top4,p1_05146,insertion,0.1,0.9966451327006022
dinov2_base_top4,p1_05146,insertion,0.2,0.9990826646486918
dinov2_base_top4,p1_05146,insertion,0.4,0.9999978939692179
dinov2_base_top4,p1_05146,insertion,0.6,0.9999990065892538
dinov2_base_top4,p1_05146,insertion,0.8,0.9999989668528239
dinov2_base_top4,p1_05146,insertion,1.0,0.999999483426412
dinov2_base_top4,p1_05146,random_deletion,0.0,0.999999483426412
dinov2_base_top4,p1_05146,random_deletion,0.1,0.9999995231628418
dinov2_base_top4,p1_05146,random_deletion,0.2,0.9999995628992716
dinov2_base_top4,p1_05146,random_deletion,0.4,0.9999997218449911
dinov2_base_top4,p1_05146,random_deletion,0.6,0.9999995231628418
dinov2_base_top4,p1_05146,random_deletion,0.8,0.999994158744812
dinov2_base_top4,p1_05146,random_deletion,1.0,0.9999550580978394
dinov2_base_top4,p1_05190,deletion,0.0,0.9998948375384012
dinov2_base_top4,p1_05190,deletion,0.1,0.9999844233194987
dinov2_base_top4,p1_05190,deletion,0.2,0.9990381797154745
dinov2_base_top4,p1_05190,deletion,0.4,0.9998112519582113
dinov2_base_top4,p1_05190,deletion,0.6,0.9998400410016378
dinov2_base_top4,p1_05190,deletion,0.8,0.9996960560480753
dinov2_base_top4,p1_05190,deletion,1.0,0.9981022874514262
dinov2_base_top4,p1_05190,insertion,0.0,0.9981022874514262
dinov2_base_top4,p1_05190,insertion,0.1,0.999976913134257
dinov2_base_top4,p1_05190,insertion,0.2,0.9999899864196777
dinov2_base_top4,p1_05190,insertion,0.4,0.9999718268712362
dinov2_base_top4,p1_05190,insertion,0.6,0.9999667406082153
dinov2_base_top4,p1_05190,insertion,0.8,0.9999135732650757
dinov2_base_top4,p1_05190,insertion,1.0,0.9998948375384012
dinov2_base_top4,p1_05190,random_deletion,0.0,0.9998948375384012
dinov2_base_top4,p1_05190,random_deletion,0.1,0.9999198516209921
dinov2_base_top4,p1_05190,random_deletion,0.2,0.9999597072601318
dinov2_base_top4,p1_05190,random_deletion,0.4,0.9999220768610636
dinov2_base_top4,p1_05190,random_deletion,0.6,0.9549677968025208
dinov2_base_top4,p1_05190,random_deletion,0.8,0.9976762930552164
dinov2_base_top4,p1_05190,random_deletion,1.0,0.9981022874514262
dinov2_base_top4,p1_05253,deletion,0.0,0.8591558138529459
dinov2_base_top4,p1_05253,deletion,0.1,0.7111182610193888
dinov2_base_top4,p1_05253,deletion,0.2,0.6116675138473511
dinov2_base_top4,p1_05253,deletion,0.4,0.9635670383771261
dinov2_base_top4,p1_05253,deletion,0.6,0.9072564244270325
dinov2_base_top4,p1_05253,deletion,0.8,0.3414677679538727
dinov2_base_top4,p1_05253,deletion,1.0,0.9141165018081665
dinov2_base_top4,p1_05253,insertion,0.0,0.9141165018081665
dinov2_base_top4,p1_05253,insertion,0.1,0.6395887037118276
dinov2_base_top4,p1_05253,insertion,0.2,0.9955847859382629
dinov2_base_top4,p1_05253,insertion,0.4,0.9922032554944357
dinov2_base_top4,p1_05253,insertion,0.6,0.9400483965873718
dinov2_base_top4,p1_05253,insertion,0.8,0.7646913329760233
dinov2_base_top4,p1_05253,insertion,1.0,0.8591558138529459
dinov2_base_top4,p1_05253,random_deletion,0.0,0.8591558138529459
dinov2_base_top4,p1_05253,random_deletion,0.1,0.8303548693656921
dinov2_base_top4,p1_05253,random_deletion,0.2,0.7917790412902832
dinov2_base_top4,p1_05253,random_deletion,0.4,0.930981457233429
dinov2_base_top4,p1_05253,random_deletion,0.6,0.9898035327593485
dinov2_base_top4,p1_05253,random_deletion,0.8,0.9967988133430481
dinov2_base_top4,p1_05253,random_deletion,1.0,0.9141165018081665
dinov2_base_top4,p1_05279,deletion,0.0,0.9999975760777792
dinov2_base_top4,p1_05279,deletion,0.1,0.999998132387797
dinov2_base_top4,p1_05279,deletion,0.2,0.9999979337056478
dinov2_base_top4,p1_05279,deletion,0.4,0.9999988873799642
dinov2_base_top4,p1_05279,deletion,0.6,0.9999997615814209
dinov2_base_top4,p1_05279,deletion,0.8,0.9999997615814209
dinov2_base_top4,p1_05279,deletion,1.0,0.9999959071477255
dinov2_base_top4,p1_05279,insertion,0.0,0.9999959071477255
dinov2_base_top4,p1_05279,insertion,0.1,0.9999954700469971
dinov2_base_top4,p1_05279,insertion,0.2,0.9999897480010986
dinov2_base_top4,p1_05279,insertion,0.4,0.9999916950861613
dinov2_base_top4,p1_05279,insertion,0.6,0.9999956687291464
dinov2_base_top4,p1_05279,insertion,0.8,0.9999959071477255
dinov2_base_top4,p1_05279,insertion,1.0,0.9999975760777792
dinov2_base_top4,p1_05279,random_deletion,0.0,0.9999975760777792
dinov2_base_top4,p1_05279,random_deletion,0.1,0.9999975760777792
dinov2_base_top4,p1_05279,random_deletion,0.2,0.9999988079071045
dinov2_base_top4,p1_05279,random_deletion,0.4,0.9999990463256836
dinov2_base_top4,p1_05279,random_deletion,0.6,0.9999994436899821
dinov2_base_top4,p1_05279,random_deletion,0.8,0.9999996423721313
dinov2_base_top4,p1_05279,random_deletion,1.0,0.9999959071477255
dinov2_base_top4,p1_05556,deletion,0.0,0.9999618530273438
dinov2_base_top4,p1_05556,deletion,0.1,0.9999696016311646
dinov2_base_top4,p1_05556,deletion,0.2,0.9999730587005615
dinov2_base_top4,p1_05556,deletion,0.4,0.9999626080195109
dinov2_base_top4,p1_05556,deletion,0.6,0.9998883605003357
dinov2_base_top4,p1_05556,deletion,0.8,0.9995712637901306
dinov2_base_top4,p1_05556,deletion,1.0,0.9999300638834635
dinov2_base_top4,p1_05556,insertion,0.0,0.9999300638834635
dinov2_base_top4,p1_05556,insertion,0.1,0.9997053543726603
dinov2_base_top4,p1_05556,insertion,0.2,0.9999597867329916
dinov2_base_top4,p1_05556,insertion,0.4,0.9999524354934692
dinov2_base_top4,p1_05556,insertion,0.6,0.9999620914459229
dinov2_base_top4,p1_05556,insertion,0.8,0.9999839067459106
dinov2_base_top4,p1_05556,insertion,1.0,0.9999618530273438
dinov2_base_top4,p1_05556,random_deletion,0.0,0.9999618530273438
dinov2_base_top4,p1_05556,random_deletion,0.1,0.9999591509501139
dinov2_base_top4,p1_05556,random_deletion,0.2,0.9999483029047648
dinov2_base_top4,p1_05556,random_deletion,0.4,0.9999740521113077
dinov2_base_top4,p1_05556,random_deletion,0.6,0.99996018409729
dinov2_base_top4,p1_05556,random_deletion,0.8,0.9999908606211344
dinov2_base_top4,p1_05556,random_deletion,1.0,0.9999300638834635
dinov2_base_top4,p1_05642,deletion,0.0,0.9994695782661438
dinov2_base_top4,p1_05642,deletion,0.1,0.9997710982958475
dinov2_base_top4,p1_05642,deletion,0.2,0.9995474815368652
dinov2_base_top4,p1_05642,deletion,0.4,0.9668048818906149
dinov2_base_top4,p1_05642,deletion,0.6,0.024267379194498062
dinov2_base_top4,p1_05642,deletion,0.8,0.0055038021722187596
dinov2_base_top4,p1_05642,deletion,1.0,0.9107890327771505
dinov2_base_top4,p1_05642,insertion,0.0,0.9107890327771505
dinov2_base_top4,p1_05642,insertion,0.1,0.9885983069737753
dinov2_base_top4,p1_05642,insertion,0.2,0.9570392767588297
dinov2_base_top4,p1_05642,insertion,0.4,0.957421084245046
dinov2_base_top4,p1_05642,insertion,0.6,0.9971961975097656
dinov2_base_top4,p1_05642,insertion,0.8,0.9995144406954447
dinov2_base_top4,p1_05642,insertion,1.0,0.9994695782661438
dinov2_base_top4,p1_05642,random_deletion,0.0,0.9994695782661438
dinov2_base_top4,p1_05642,random_deletion,0.1,0.9989212950070699
dinov2_base_top4,p1_05642,random_deletion,0.2,0.9972375233968099
dinov2_base_top4,p1_05642,random_deletion,0.4,0.9843564828236898
dinov2_base_top4,p1_05642,random_deletion,0.6,0.9978973468144735
dinov2_base_top4,p1_05642,random_deletion,0.8,0.9976918697357178
dinov2_base_top4,p1_05642,random_deletion,1.0,0.9107890327771505
dinov2_base_top4,p1_05663,deletion,0.0,0.9991665283838908
dinov2_base_top4,p1_05663,deletion,0.1,0.9995365937550863
dinov2_base_top4,p1_05663,deletion,0.2,0.9981975555419922
dinov2_base_top4,p1_05663,deletion,0.4,0.9849261045455933
dinov2_base_top4,p1_05663,deletion,0.6,0.9825101097424825
dinov2_base_top4,p1_05663,deletion,0.8,0.9843363364537557
dinov2_base_top4,p1_05663,deletion,1.0,0.7194249133268992
dinov2_base_top4,p1_05663,insertion,0.0,0.7194249133268992
dinov2_base_top4,p1_05663,insertion,0.1,0.7759637633959452
dinov2_base_top4,p1_05663,insertion,0.2,0.950559655825297
dinov2_base_top4,p1_05663,insertion,0.4,0.9988159735997518
dinov2_base_top4,p1_05663,insertion,0.6,0.9991499384244283
dinov2_base_top4,p1_05663,insertion,0.8,0.999419093132019
dinov2_base_top4,p1_05663,insertion,1.0,0.9991665283838908
dinov2_base_top4,p1_05663,random_deletion,0.0,0.9991665283838908
dinov2_base_top4,p1_05663,random_deletion,0.1,0.9983655412991842
dinov2_base_top4,p1_05663,random_deletion,0.2,0.9979175527890524
dinov2_base_top4,p1_05663,random_deletion,0.4,0.9952995777130127
dinov2_base_top4,p1_05663,random_deletion,0.6,0.9894118905067444
dinov2_base_top4,p1_05663,random_deletion,0.8,0.98261958360672
dinov2_base_top4,p1_05663,random_deletion,1.0,0.7194249133268992
dinov2_base_top4,p1_05677,deletion,0.0,0.9999790191650391
dinov2_base_top4,p1_05677,deletion,0.1,0.9999783039093018
dinov2_base_top4,p1_05677,deletion,0.2,0.999977707862854
dinov2_base_top4,p1_05677,deletion,0.4,0.9999818007151285
dinov2_base_top4,p1_05677,deletion,0.6,0.9999269843101501
dinov2_base_top4,p1_05677,deletion,0.8,0.9997576276461283
dinov2_base_top4,p1_05677,deletion,1.0,0.9997493426005045
dinov2_base_top4,p1_05677,insertion,0.0,0.9997493426005045
dinov2_base_top4,p1_05677,insertion,0.1,0.9986441135406494
dinov2_base_top4,p1_05677,insertion,0.2,0.9998606046040853
dinov2_base_top4,p1_05677,insertion,0.4,0.9999779860178629
dinov2_base_top4,p1_05677,insertion,0.6,0.9999754428863525
dinov2_base_top4,p1_05677,insertion,0.8,0.9999847809473673
dinov2_base_top4,p1_05677,insertion,1.0,0.9999790191650391
dinov2_base_top4,p1_05677,random_deletion,0.0,0.9999790191650391
dinov2_base_top4,p1_05677,random_deletion,0.1,0.9999821186065674
dinov2_base_top4,p1_05677,random_deletion,0.2,0.999987522761027
dinov2_base_top4,p1_05677,random_deletion,0.4,0.9999714295069376
dinov2_base_top4,p1_05677,random_deletion,0.6,0.9999432961146036
dinov2_base_top4,p1_05677,random_deletion,0.8,0.9998639424641927
dinov2_base_top4,p1_05677,random_deletion,1.0,0.9997493426005045
dinov2_base_top4,p1_05733,deletion,0.0,0.9989208976427714
dinov2_base_top4,p1_05733,deletion,0.1,0.9967739582061768
dinov2_base_top4,p1_05733,deletion,0.2,0.9974724054336548
dinov2_base_top4,p1_05733,deletion,0.4,0.9914095799128214
dinov2_base_top4,p1_05733,deletion,0.6,0.9700273672739664
dinov2_base_top4,p1_05733,deletion,0.8,0.7692872087160746
dinov2_base_top4,p1_05733,deletion,1.0,0.37976006666819256
dinov2_base_top4,p1_05733,insertion,0.0,0.37976006666819256
dinov2_base_top4,p1_05733,insertion,0.1,0.7534998456637064
dinov2_base_top4,p1_05733,insertion,0.2,0.9922084808349609
dinov2_base_top4,p1_05733,insertion,0.4,0.9964692989985148
dinov2_base_top4,p1_05733,insertion,0.6,0.9989853103955587
dinov2_base_top4,p1_05733,insertion,0.8,0.9982349077860514
dinov2_base_top4,p1_05733,insertion,1.0,0.9989208976427714
dinov2_base_top4,p1_05733,random_deletion,0.0,0.9989208976427714
dinov2_base_top4,p1_05733,random_deletion,0.1,0.99939892689387
dinov2_base_top4,p1_05733,random_deletion,0.2,0.9996413985888163
dinov2_base_top4,p1_05733,random_deletion,0.4,0.9989500840504965
dinov2_base_top4,p1_05733,random_deletion,0.6,0.9849038124084473
dinov2_base_top4,p1_05733,random_deletion,0.8,0.909863809744517
dinov2_base_top4,p1_05733,random_deletion,1.0,0.37976006666819256
dinov2_base_top4,p1_05902,deletion,0.0,0.9997331897417704
dinov2_base_top4,p1_05902,deletion,0.1,0.9997586011886597
dinov2_base_top4,p1_05902,deletion,0.2,0.9995842973391215
dinov2_base_top4,p1_05902,deletion,0.4,0.9996393521626791
dinov2_base_top4,p1_05902,deletion,0.6,0.9981187184651693
dinov2_base_top4,p1_05902,deletion,0.8,0.9985146721204122
dinov2_base_top4,p1_05902,deletion,1.0,0.9975935419400533
dinov2_base_top4,p1_05902,insertion,0.0,0.9975935419400533
dinov2_base_top4,p1_05902,insertion,0.1,0.9966313640276591
dinov2_base_top4,p1_05902,insertion,0.2,0.9988604585329691
dinov2_base_top4,p1_05902,insertion,0.4,0.9971543749173483
dinov2_base_top4,p1_05902,insertion,0.6,0.9995977083841959
dinov2_base_top4,p1_05902,insertion,0.8,0.999848465124766
dinov2_base_top4,p1_05902,insertion,1.0,0.9997331897417704
dinov2_base_top4,p1_05902,random_deletion,0.0,0.9997331897417704
dinov2_base_top4,p1_05902,random_deletion,0.1,0.9996761878331503
dinov2_base_top4,p1_05902,random_deletion,0.2,0.999744176864624
dinov2_base_top4,p1_05902,random_deletion,0.4,0.9996926387151083
dinov2_base_top4,p1_05902,random_deletion,0.6,0.9998165369033813
dinov2_base_top4,p1_05902,random_deletion,0.8,0.9985933105150858
dinov2_base_top4,p1_05902,random_deletion,1.0,0.9975935419400533
dinov2_base_top4,p1_06182,deletion,0.0,0.9081133802731832
dinov2_base_top4,p1_06182,deletion,0.1,0.7891828815142313
dinov2_base_top4,p1_06182,deletion,0.2,0.8695917924245199
dinov2_base_top4,p1_06182,deletion,0.4,0.6690568029880524
dinov2_base_top4,p1_06182,deletion,0.6,0.7636515498161316
dinov2_base_top4,p1_06182,deletion,0.8,0.5833414246638616
dinov2_base_top4,p1_06182,deletion,1.0,0.04933591012377292
dinov2_base_top4,p1_06182,insertion,0.0,0.04933591012377292
dinov2_base_top4,p1_06182,insertion,0.1,0.16602504874269167
dinov2_base_top4,p1_06182,insertion,0.2,0.4188258647918701
dinov2_base_top4,p1_06182,insertion,0.4,0.6781485378742218
dinov2_base_top4,p1_06182,insertion,0.6,0.8422078688939413
dinov2_base_top4,p1_06182,insertion,0.8,0.8613940477371216
dinov2_base_top4,p1_06182,insertion,1.0,0.9081133802731832
dinov2_base_top4,p1_06182,random_deletion,0.0,0.9081133802731832
dinov2_base_top4,p1_06182,random_deletion,0.1,0.8413343032201132
dinov2_base_top4,p1_06182,random_deletion,0.2,0.9173341989517212
dinov2_base_top4,p1_06182,random_deletion,0.4,0.5351872046788534
dinov2_base_top4,p1_06182,random_deletion,0.6,0.7098764578501383
dinov2_base_top4,p1_06182,random_deletion,0.8,0.20090705156326294
dinov2_base_top4,p1_06182,random_deletion,1.0,0.04933591012377292
dinov2_base_top4,p1_06190,deletion,0.0,0.9209136764208475
dinov2_base_top4,p1_06190,deletion,0.1,0.8071094353993734
dinov2_base_top4,p1_06190,deletion,0.2,0.7381552656491598
dinov2_base_top4,p1_06190,deletion,0.4,0.9180203080177307
dinov2_base_top4,p1_06190,deletion,0.6,0.6064228713512421
dinov2_base_top4,p1_06190,deletion,0.8,0.9171441594759623
dinov2_base_top4,p1_06190,deletion,1.0,0.389988715449969
dinov2_base_top4,p1_06190,insertion,0.0,0.389988715449969
dinov2_base_top4,p1_06190,insertion,0.1,0.34869620203971863
dinov2_base_top4,p1_06190,insertion,0.2,0.5334625244140625
dinov2_base_top4,p1_06190,insertion,0.4,0.24031184862057367
dinov2_base_top4,p1_06190,insertion,0.6,0.9839816292126974
dinov2_base_top4,p1_06190,insertion,0.8,0.9735760887463888
dinov2_base_top4,p1_06190,insertion,1.0,0.9209136764208475
dinov2_base_top4,p1_06190,random_deletion,0.0,0.9209136764208475
dinov2_base_top4,p1_06190,random_deletion,0.1,0.9269970854123434
dinov2_base_top4,p1_06190,random_deletion,0.2,0.8907302220662435
dinov2_base_top4,p1_06190,random_deletion,0.4,0.6594499548276266
dinov2_base_top4,p1_06190,random_deletion,0.6,0.9979543487230936
dinov2_base_top4,p1_06190,random_deletion,0.8,0.9540242552757263
dinov2_base_top4,p1_06190,random_deletion,1.0,0.389988715449969
dinov2_base_top4,p1_06264,deletion,0.0,0.969109833240509
dinov2_base_top4,p1_06264,deletion,0.1,0.9888531764348348
dinov2_base_top4,p1_06264,deletion,0.2,0.9984582463900248
dinov2_base_top4,p1_06264,deletion,0.4,0.9988276163736979
dinov2_base_top4,p1_06264,deletion,0.6,0.9975261092185974
dinov2_base_top4,p1_06264,deletion,0.8,0.9947602351506551
dinov2_base_top4,p1_06264,deletion,1.0,0.9931845863660177
dinov2_base_top4,p1_06264,insertion,0.0,0.9931845863660177
dinov2_base_top4,p1_06264,insertion,0.1,0.9455138047536215
dinov2_base_top4,p1_06264,insertion,0.2,0.9801992177963257
dinov2_base_top4,p1_06264,insertion,0.4,0.9255823691685995
dinov2_base_top4,p1_06264,insertion,0.6,0.8058028817176819
dinov2_base_top4,p1_06264,insertion,0.8,0.8774085640907288
dinov2_base_top4,p1_06264,insertion,1.0,0.969109833240509
dinov2_base_top4,p1_06264,random_deletion,0.0,0.969109833240509
dinov2_base_top4,p1_06264,random_deletion,0.1,0.9641623894373575
dinov2_base_top4,p1_06264,random_deletion,0.2,0.963775098323822
dinov2_base_top4,p1_06264,random_deletion,0.4,0.9976885716120402
dinov2_base_top4,p1_06264,random_deletion,0.6,0.9975136518478394
dinov2_base_top4,p1_06264,random_deletion,0.8,0.9820743600527445
dinov2_base_top4,p1_06264,random_deletion,1.0,0.9931845863660177
dinov2_base_top4,p1_06597,deletion,0.0,0.985822598139445
dinov2_base_top4,p1_06597,deletion,0.1,0.9706672032674154
dinov2_base_top4,p1_06597,deletion,0.2,0.9624805053075155
dinov2_base_top4,p1_06597,deletion,0.4,0.9835322499275208
dinov2_base_top4,p1_06597,deletion,0.6,0.9722089966138204
dinov2_base_top4,p1_06597,deletion,0.8,0.8964203596115112
dinov2_base_top4,p1_06597,deletion,1.0,0.850226104259491
dinov2_base_top4,p1_06597,insertion,0.0,0.850226104259491
dinov2_base_top4,p1_06597,insertion,0.1,0.9762077728907267
dinov2_base_top4,p1_06597,insertion,0.2,0.991102953751882
dinov2_base_top4,p1_06597,insertion,0.4,0.9963727196057638
dinov2_base_top4,p1_06597,insertion,0.6,0.9941444794336954
dinov2_base_top4,p1_06597,insertion,0.8,0.9935459891955057
dinov2_base_top4,p1_06597,insertion,1.0,0.985822598139445
dinov2_base_top4,p1_06597,random_deletion,0.0,0.985822598139445
dinov2_base_top4,p1_06597,random_deletion,0.1,0.9874750177065531
dinov2_base_top4,p1_06597,random_deletion,0.2,0.993143101533254
dinov2_base_top4,p1_06597,random_deletion,0.4,0.995012124379476
dinov2_base_top4,p1_06597,random_deletion,0.6,0.9938472509384155
dinov2_base_top4,p1_06597,random_deletion,0.8,0.9962935050328573
dinov2_base_top4,p1_06597,random_deletion,1.0,0.850226104259491
dinov2_base_top4,p1_06891,deletion,0.0,0.9998521606127421
dinov2_base_top4,p1_06891,deletion,0.1,0.9999014337857565
dinov2_base_top4,p1_06891,deletion,0.2,0.9999463160832723
dinov2_base_top4,p1_06891,deletion,0.4,0.9997900724411011
dinov2_base_top4,p1_06891,deletion,0.6,0.9998647173245748
dinov2_base_top4,p1_06891,deletion,0.8,0.9996692140897115
dinov2_base_top4,p1_06891,deletion,1.0,0.9989282290140787
dinov2_base_top4,p1_06891,insertion,0.0,0.9989282290140787
dinov2_base_top4,p1_06891,insertion,0.1,0.9995481570561727
dinov2_base_top4,p1_06891,insertion,0.2,0.9991723497708639
dinov2_base_top4,p1_06891,insertion,0.4,0.9996324777603149
dinov2_base_top4,p1_06891,insertion,0.6,0.9997340440750122
dinov2_base_top4,p1_06891,insertion,0.8,0.9998406966527303
dinov2_base_top4,p1_06891,insertion,1.0,0.9998521606127421
dinov2_base_top4,p1_06891,random_deletion,0.0,0.9998521606127421
dinov2_base_top4,p1_06891,random_deletion,0.1,0.9998316963513693
dinov2_base_top4,p1_06891,random_deletion,0.2,0.9998727639516195
dinov2_base_top4,p1_06891,random_deletion,0.4,0.9998591542243958
dinov2_base_top4,p1_06891,random_deletion,0.6,0.9998297095298767
dinov2_base_top4,p1_06891,random_deletion,0.8,0.9996617436408997
dinov2_base_top4,p1_06891,random_deletion,1.0,0.9989282290140787
dinov2_base_top4,p1_07023,deletion,0.0,0.9566787878672282
dinov2_base_top4,p1_07023,deletion,0.1,0.7393677731355032
dinov2_base_top4,p1_07023,deletion,0.2,0.850510815779368
dinov2_base_top4,p1_07023,deletion,0.4,0.46219317615032196
dinov2_base_top4,p1_07023,deletion,0.6,0.5480748613675436
dinov2_base_top4,p1_07023,deletion,0.8,0.34907627664506435
dinov2_base_top4,p1_07023,deletion,1.0,0.8696442246437073
dinov2_base_top4,p1_07023,insertion,0.0,0.8696442246437073
dinov2_base_top4,p1_07023,insertion,0.1,0.9618578553199768
dinov2_base_top4,p1_07023,insertion,0.2,0.9854888518651327
dinov2_base_top4,p1_07023,insertion,0.4,0.9914652903874716
dinov2_base_top4,p1_07023,insertion,0.6,0.9822893142700195
dinov2_base_top4,p1_07023,insertion,0.8,0.9651849071184794
dinov2_base_top4,p1_07023,insertion,1.0,0.9566787878672282
dinov2_base_top4,p1_07023,random_deletion,0.0,0.9566787878672282
dinov2_base_top4,p1_07023,random_deletion,0.1,0.8927189509073893
dinov2_base_top4,p1_07023,random_deletion,0.2,0.7778308987617493
dinov2_base_top4,p1_07023,random_deletion,0.4,0.8294590910275778
dinov2_base_top4,p1_07023,random_deletion,0.6,0.529996395111084
dinov2_base_top4,p1_07023,random_deletion,0.8,0.9531681736310323
dinov2_base_top4,p1_07023,random_deletion,1.0,0.8696442246437073
dinov2_base_top4,p1_07087,deletion,0.0,0.9389351407686869
dinov2_base_top4,p1_07087,deletion,0.1,0.970514158407847
dinov2_base_top4,p1_07087,deletion,0.2,0.9949238896369934
dinov2_base_top4,p1_07087,deletion,0.4,0.9667145411173502
dinov2_base_top4,p1_07087,deletion,0.6,0.620012621084849
dinov2_base_top4,p1_07087,deletion,0.8,0.2189368655284246
dinov2_base_top4,p1_07087,deletion,1.0,0.02835295380403598
dinov2_base_top4,p1_07087,insertion,0.0,0.02835295380403598
dinov2_base_top4,p1_07087,insertion,0.1,0.7488750914732615
dinov2_base_top4,p1_07087,insertion,0.2,0.7423142194747925
dinov2_base_top4,p1_07087,insertion,0.4,0.8514473636945089
dinov2_base_top4,p1_07087,insertion,0.6,0.8605689406394958
dinov2_base_top4,p1_07087,insertion,0.8,0.9583244522412618
dinov2_base_top4,p1_07087,insertion,1.0,0.9389351407686869
dinov2_base_top4,p1_07087,random_deletion,0.0,0.9389351407686869
dinov2_base_top4,p1_07087,random_deletion,0.1,0.9794073700904846
dinov2_base_top4,p1_07087,random_deletion,0.2,0.9896556536356608
dinov2_base_top4,p1_07087,random_deletion,0.4,0.9081157247225443
dinov2_base_top4,p1_07087,random_deletion,0.6,0.9137143890062968
dinov2_base_top4,p1_07087,random_deletion,0.8,0.7483788728713989
dinov2_base_top4,p1_07087,random_deletion,1.0,0.02835295380403598
dinov2_base_top4,p1_07148,deletion,0.0,0.9999583959579468
dinov2_base_top4,p1_07148,deletion,0.1,0.9999022285143534
dinov2_base_top4,p1_07148,deletion,0.2,0.9998782277107239
dinov2_base_top4,p1_07148,deletion,0.4,0.9998966455459595
dinov2_base_top4,p1_07148,deletion,0.6,0.9976417620976766
dinov2_base_top4,p1_07148,deletion,0.8,0.9576413830121359
dinov2_base_top4,p1_07148,deletion,1.0,0.9975822567939758
dinov2_base_top4,p1_07148,insertion,0.0,0.9975822567939758
dinov2_base_top4,p1_07148,insertion,0.1,0.9631422758102417
dinov2_base_top4,p1_07148,insertion,0.2,0.9950883984565735
dinov2_base_top4,p1_07148,insertion,0.4,0.9982085227966309
dinov2_base_top4,p1_07148,insertion,0.6,0.9998624523480734
dinov2_base_top4,p1_07148,insertion,0.8,0.9999261299769083
dinov2_base_top4,p1_07148,insertion,1.0,0.9999583959579468
dinov2_base_top4,p1_07148,random_deletion,0.0,0.9999583959579468
dinov2_base_top4,p1_07148,random_deletion,0.1,0.9998838106791178
dinov2_base_top4,p1_07148,random_deletion,0.2,0.9994283119837443
dinov2_base_top4,p1_07148,random_deletion,0.4,0.9998774528503418
dinov2_base_top4,p1_07148,random_deletion,0.6,0.9993288914362589
dinov2_base_top4,p1_07148,random_deletion,0.8,0.9938387672106425
dinov2_base_top4,p1_07148,random_deletion,1.0,0.9975822567939758
dinov2_base_top4,p1_07328,deletion,0.0,0.9530696272850037
dinov2_base_top4,p1_07328,deletion,0.1,0.9421903491020203
dinov2_base_top4,p1_07328,deletion,0.2,0.8903785546620687
dinov2_base_top4,p1_07328,deletion,0.4,0.8788280685742696
dinov2_base_top4,p1_07328,deletion,0.6,0.8024198810259501
dinov2_base_top4,p1_07328,deletion,0.8,0.6714427471160889
dinov2_base_top4,p1_07328,deletion,1.0,0.866169253985087
dinov2_base_top4,p1_07328,insertion,0.0,0.866169253985087
dinov2_base_top4,p1_07328,insertion,0.1,0.8480902512868246
dinov2_base_top4,p1_07328,insertion,0.2,0.9219144384066263
dinov2_base_top4,p1_07328,insertion,0.4,0.9740201830863953
dinov2_base_top4,p1_07328,insertion,0.6,0.9829514225323995
dinov2_base_top4,p1_07328,insertion,0.8,0.9821728269259135
dinov2_base_top4,p1_07328,insertion,1.0,0.9530696272850037
dinov2_base_top4,p1_07328,random_deletion,0.0,0.9530696272850037
dinov2_base_top4,p1_07328,random_deletion,0.1,0.9746758341789246
dinov2_base_top4,p1_07328,random_deletion,0.2,0.9900398254394531
dinov2_base_top4,p1_07328,random_deletion,0.4,0.9892480572064718
dinov2_base_top4,p1_07328,random_deletion,0.6,0.8376068671544393
dinov2_base_top4,p1_07328,random_deletion,0.8,0.5213443636894226
dinov2_base_top4,p1_07328,random_deletion,1.0,0.866169253985087
dinov2_base_top4,p1_07341,deletion,0.0,0.9998188018798828
dinov2_base_top4,p1_07341,deletion,0.1,0.9831848541895548
dinov2_base_top4,p1_07341,deletion,0.2,0.9679391582806905
dinov2_base_top4,p1_07341,deletion,0.4,0.8949413895606995
dinov2_base_top4,p1_07341,deletion,0.6,0.9627313216527303
dinov2_base_top4,p1_07341,deletion,0.8,0.9928637345631918
dinov2_base_top4,p1_07341,deletion,1.0,0.9935468236605326
dinov2_base_top4,p1_07341,insertion,0.0,0.9935468236605326
dinov2_base_top4,p1_07341,insertion,0.1,0.9842743277549744
dinov2_base_top4,p1_07341,insertion,0.2,0.9996263384819031
dinov2_base_top4,p1_07341,insertion,0.4,0.9996342261632284
dinov2_base_top4,p1_07341,insertion,0.6,0.9996114174524943
dinov2_base_top4,p1_07341,insertion,0.8,0.9998549818992615
dinov2_base_top4,p1_07341,insertion,1.0,0.9998188018798828
dinov2_base_top4,p1_07341,random_deletion,0.0,0.9998188018798828
dinov2_base_top4,p1_07341,random_deletion,0.1,0.9955049554506937
dinov2_base_top4,p1_07341,random_deletion,0.2,0.9950560530026754
dinov2_base_top4,p1_07341,random_deletion,0.4,0.9839441577593485
dinov2_base_top4,p1_07341,random_deletion,0.6,0.9784563978513082
dinov2_base_top4,p1_07341,random_deletion,0.8,0.9897573788960775
dinov2_base_top4,p1_07341,random_deletion,1.0,0.9935468236605326
dinov2_base_top4,p1_07488,deletion,0.0,0.9999967416127523
dinov2_base_top4,p1_07488,deletion,0.1,0.9999601443608602
dinov2_base_top4,p1_07488,deletion,0.2,0.9999330441157023
dinov2_base_top4,p1_07488,deletion,0.4,0.999940832455953
dinov2_base_top4,p1_07488,deletion,0.6,0.999985416730245
dinov2_base_top4,p1_07488,deletion,0.8,0.9999808867772421
dinov2_base_top4,p1_07488,deletion,1.0,0.999990701675415
dinov2_base_top4,p1_07488,insertion,0.0,0.999990701675415
dinov2_base_top4,p1_07488,insertion,0.1,0.9997184872627258
dinov2_base_top4,p1_07488,insertion,0.2,0.9999843041102091
dinov2_base_top4,p1_07488,insertion,0.4,0.9999932050704956
dinov2_base_top4,p1_07488,insertion,0.6,0.9999951124191284
dinov2_base_top4,p1_07488,insertion,0.8,0.9999969800313314
dinov2_base_top4,p1_07488,insertion,1.0,0.9999967416127523
dinov2_base_top4,p1_07488,random_deletion,0.0,0.9999967416127523
dinov2_base_top4,p1_07488,random_deletion,0.1,0.9999967018763224
dinov2_base_top4,p1_07488,random_deletion,0.2,0.9999910990397135
dinov2_base_top4,p1_07488,random_deletion,0.4,0.9999988873799642
dinov2_base_top4,p1_07488,random_deletion,0.6,0.9999169111251831
dinov2_base_top4,p1_07488,random_deletion,0.8,0.9999556541442871
dinov2_base_top4,p1_07488,random_deletion,1.0,0.999990701675415
dinov2_base_top4,p1_07588,deletion,0.0,0.9915318290392557
dinov2_base_top4,p1_07588,deletion,0.1,0.24933671951293945
dinov2_base_top4,p1_07588,deletion,0.2,0.37584937115510303
dinov2_base_top4,p1_07588,deletion,0.4,0.13936218991875648
dinov2_base_top4,p1_07588,deletion,0.6,0.121543999761343
dinov2_base_top4,p1_07588,deletion,0.8,0.09873062868913014
dinov2_base_top4,p1_07588,deletion,1.0,0.7181619008382162
dinov2_base_top4,p1_07588,insertion,0.0,0.7181619008382162
dinov2_base_top4,p1_07588,insertion,0.1,0.049170017863313355
dinov2_base_top4,p1_07588,insertion,0.2,0.07973260649790366
dinov2_base_top4,p1_07588,insertion,0.4,0.31385812163352966
dinov2_base_top4,p1_07588,insertion,0.6,0.8735612034797668
dinov2_base_top4,p1_07588,insertion,0.8,0.9807160099347433
dinov2_base_top4,p1_07588,insertion,1.0,0.9915318290392557
dinov2_base_top4,p1_07588,random_deletion,0.0,0.9915318290392557
dinov2_base_top4,p1_07588,random_deletion,0.1,0.7431692083676656
dinov2_base_top4,p1_07588,random_deletion,0.2,0.7665069699287415
dinov2_base_top4,p1_07588,random_deletion,0.4,0.17498724410931268
dinov2_base_top4,p1_07588,random_deletion,0.6,0.02000244994026919
dinov2_base_top4,p1_07588,random_deletion,0.8,0.021330774451295536
dinov2_base_top4,p1_07588,random_deletion,1.0,0.7181619008382162
dinov2_base_top4,p1_08079,deletion,0.0,0.9999934434890747
dinov2_base_top4,p1_08079,deletion,0.1,0.999990185101827
dinov2_base_top4,p1_08079,deletion,0.2,0.9999193350474039
dinov2_base_top4,p1_08079,deletion,0.4,0.9999918142954508
dinov2_base_top4,p1_08079,deletion,0.6,0.9996321201324463
dinov2_base_top4,p1_08079,deletion,0.8,0.9869590799013773
dinov2_base_top4,p1_08079,deletion,1.0,0.9940545161565145
dinov2_base_top4,p1_08079,insertion,0.0,0.9940545161565145
dinov2_base_top4,p1_08079,insertion,0.1,0.9999703168869019
dinov2_base_top4,p1_08079,insertion,0.2,0.999998132387797
dinov2_base_top4,p1_08079,insertion,0.4,0.9999872843424479
dinov2_base_top4,p1_08079,insertion,0.6,0.9999772707621256
dinov2_base_top4,p1_08079,insertion,0.8,0.9999879201253256
dinov2_base_top4,p1_08079,insertion,1.0,0.9999934434890747
dinov2_base_top4,p1_08079,random_deletion,0.0,0.9999934434890747
dinov2_base_top4,p1_08079,random_deletion,0.1,0.9999922116597494
dinov2_base_top4,p1_08079,random_deletion,0.2,0.999997615814209
dinov2_base_top4,p1_08079,random_deletion,0.4,0.999995748202006
dinov2_base_top4,p1_08079,random_deletion,0.6,0.9999945958455404
dinov2_base_top4,p1_08079,random_deletion,0.8,0.9836252331733704
dinov2_base_top4,p1_08079,random_deletion,1.0,0.9940545161565145
dinov2_base_top4,p1_08262,deletion,0.0,0.9999334414800009
dinov2_base_top4,p1_08262,deletion,0.1,0.9999561309814453
dinov2_base_top4,p1_08262,deletion,0.2,0.9999451637268066
dinov2_base_top4,p1_08262,deletion,0.4,0.9988463521003723
dinov2_base_top4,p1_08262,deletion,0.6,0.9990448554356893
dinov2_base_top4,p1_08262,deletion,0.8,0.9992265303929647
dinov2_base_top4,p1_08262,deletion,1.0,0.9995390375455221
dinov2_base_top4,p1_08262,insertion,0.0,0.9995390375455221
dinov2_base_top4,p1_08262,insertion,0.1,0.9992631673812866
dinov2_base_top4,p1_08262,insertion,0.2,0.9978813131650289
dinov2_base_top4,p1_08262,insertion,0.4,0.9995855490366617
dinov2_base_top4,p1_08262,insertion,0.6,0.9998264908790588
dinov2_base_top4,p1_08262,insertion,0.8,0.9999097188313802
dinov2_base_top4,p1_08262,insertion,1.0,0.9999334414800009
dinov2_base_top4,p1_08262,random_deletion,0.0,0.9999334414800009
dinov2_base_top4,p1_08262,random_deletion,0.1,0.9998796582221985
dinov2_base_top4,p1_08262,random_deletion,0.2,0.9998847047487894
dinov2_base_top4,p1_08262,random_deletion,0.4,0.9995658000310262
dinov2_base_top4,p1_08262,random_deletion,0.6,0.9996509552001953
dinov2_base_top4,p1_08262,random_deletion,0.8,0.9997589786847433
dinov2_base_top4,p1_08262,random_deletion,1.0,0.9995390375455221
dinov2_base_top4,p1_08616,deletion,0.0,0.9997889995574951
dinov2_base_top4,p1_08616,deletion,0.1,0.9993423024813334
dinov2_base_top4,p1_08616,deletion,0.2,0.999731441338857
dinov2_base_top4,p1_08616,deletion,0.4,0.9999027450879415
dinov2_base_top4,p1_08616,deletion,0.6,0.9993332028388977
dinov2_base_top4,p1_08616,deletion,0.8,0.36590874195098877
dinov2_base_top4,p1_08616,deletion,1.0,0.6761836608250936
dinov2_base_top4,p1_08616,insertion,0.0,0.6761836608250936
dinov2_base_top4,p1_08616,insertion,0.1,0.9602335294087728
dinov2_base_top4,p1_08616,insertion,0.2,0.9814373652140299
dinov2_base_top4,p1_08616,insertion,0.4,0.9991962512334188
dinov2_base_top4,p1_08616,insertion,0.6,0.9985073407491049
dinov2_base_top4,p1_08616,insertion,0.8,0.9995249311129252
dinov2_base_top4,p1_08616,insertion,1.0,0.9997889995574951
dinov2_base_top4,p1_08616,random_deletion,0.0,0.9997889995574951
dinov2_base_top4,p1_08616,random_deletion,0.1,0.9997101823488871
dinov2_base_top4,p1_08616,random_deletion,0.2,0.9984187881151835
dinov2_base_top4,p1_08616,random_deletion,0.4,0.9925634860992432
dinov2_base_top4,p1_08616,random_deletion,0.6,0.9878397385279337
dinov2_base_top4,p1_08616,random_deletion,0.8,0.9791086713473002
dinov2_base_top4,p1_08616,random_deletion,1.0,0.6761836608250936
dinov2_base_top4,p1_08863,deletion,0.0,0.9999978144963583
dinov2_base_top4,p1_08863,deletion,0.1,0.9999408721923828
dinov2_base_top4,p1_08863,deletion,0.2,0.9972990949948629
dinov2_base_top4,p1_08863,deletion,0.4,0.44405996799468994
dinov2_base_top4,p1_08863,deletion,0.6,0.6737756331761678
dinov2_base_top4,p1_08863,deletion,0.8,0.5174418985843658
dinov2_base_top4,p1_08863,deletion,1.0,0.7756084005037943
dinov2_base_top4,p1_08863,insertion,0.0,0.7756084005037943
dinov2_base_top4,p1_08863,insertion,0.1,0.9991300900777181
dinov2_base_top4,p1_08863,insertion,0.2,0.999561091264089
dinov2_base_top4,p1_08863,insertion,0.4,0.9999972581863403
dinov2_base_top4,p1_08863,insertion,0.6,0.9999980131785074
dinov2_base_top4,p1_08863,insertion,0.8,0.9999980131785074
dinov2_base_top4,p1_08863,insertion,1.0,0.9999978144963583
dinov2_base_top4,p1_08863,random_deletion,0.0,0.9999978144963583
dinov2_base_top4,p1_08863,random_deletion,0.1,0.9999969800313314
dinov2_base_top4,p1_08863,random_deletion,0.2,0.9999975760777792
dinov2_base_top4,p1_08863,random_deletion,0.4,0.9999903837839762
dinov2_base_top4,p1_08863,random_deletion,0.6,0.999886711438497
dinov2_base_top4,p1_08863,random_deletion,0.8,0.9832455317179362
dinov2_base_top4,p1_08863,random_deletion,1.0,0.7756084005037943
dinov2_base_top4,p1_08877,deletion,0.0,0.999955972035726
dinov2_base_top4,p1_08877,deletion,0.1,0.9999457200368246
dinov2_base_top4,p1_08877,deletion,0.2,0.9999666611353556
dinov2_base_top4,p1_08877,deletion,0.4,0.9999982118606567
dinov2_base_top4,p1_08877,deletion,0.6,0.9999949137369791
dinov2_base_top4,p1_08877,deletion,0.8,0.999971350034078
dinov2_base_top4,p1_08877,deletion,1.0,0.9999616146087646
dinov2_base_top4,p1_08877,insertion,0.0,0.9999616146087646
dinov2_base_top4,p1_08877,insertion,0.1,0.9999858140945435
dinov2_base_top4,p1_08877,insertion,0.2,0.9999864101409912
dinov2_base_top4,p1_08877,insertion,0.4,0.9999137123425802
dinov2_base_top4,p1_08877,insertion,0.6,0.9999197324117025
dinov2_base_top4,p1_08877,insertion,0.8,0.9999388853708903
dinov2_base_top4,p1_08877,insertion,1.0,0.999955972035726
dinov2_base_top4,p1_08877,random_deletion,0.0,0.999955972035726
dinov2_base_top4,p1_08877,random_deletion,0.1,0.9999669392903646
dinov2_base_top4,p1_08877,random_deletion,0.2,0.999972939491272
dinov2_base_top4,p1_08877,random_deletion,0.4,0.9999791781107584
dinov2_base_top4,p1_08877,random_deletion,0.6,0.9999747276306152
dinov2_base_top4,p1_08877,random_deletion,0.8,0.999992847442627
dinov2_base_top4,p1_08877,random_deletion,1.0,0.9999616146087646
dinov2_base_top4,p1_08972,deletion,0.0,0.9942570130030314
dinov2_base_top4,p1_08972,deletion,0.1,0.9447658260663351
dinov2_base_top4,p1_08972,deletion,0.2,0.9501490791638693
dinov2_base_top4,p1_08972,deletion,0.4,0.9943156441052755
dinov2_base_top4,p1_08972,deletion,0.6,0.9689216415087382
dinov2_base_top4,p1_08972,deletion,0.8,0.9965090751647949
dinov2_base_top4,p1_08972,deletion,1.0,0.3308537503083547
dinov2_base_top4,p1_08972,insertion,0.0,0.3308537503083547
dinov2_base_top4,p1_08972,insertion,0.1,0.9950712323188782
dinov2_base_top4,p1_08972,insertion,0.2,0.998140811920166
dinov2_base_top4,p1_08972,insertion,0.4,0.9992380738258362
dinov2_base_top4,p1_08972,insertion,0.6,0.9990994532903036
dinov2_base_top4,p1_08972,insertion,0.8,0.9966686964035034
dinov2_base_top4,p1_08972,insertion,1.0,0.9942570130030314
dinov2_base_top4,p1_08972,random_deletion,0.0,0.9942570130030314
dinov2_base_top4,p1_08972,random_deletion,0.1,0.9963341554005941
dinov2_base_top4,p1_08972,random_deletion,0.2,0.9940213163693746
dinov2_base_top4,p1_08972,random_deletion,0.4,0.997434675693512
dinov2_base_top4,p1_08972,random_deletion,0.6,0.9941803216934204
dinov2_base_top4,p1_08972,random_deletion,0.8,0.9164138237635294
dinov2_base_top4,p1_08972,random_deletion,1.0,0.3308537503083547
dinov2_base_top4,p1_09451,deletion,0.0,0.9991933703422546
dinov2_base_top4,p1_09451,deletion,0.1,0.9989538192749023
dinov2_base_top4,p1_09451,deletion,0.2,0.9993457396825155
dinov2_base_top4,p1_09451,deletion,0.4,0.9791205922762553
dinov2_base_top4,p1_09451,deletion,0.6,0.9498932361602783
dinov2_base_top4,p1_09451,deletion,0.8,0.9927582144737244
dinov2_base_top4,p1_09451,deletion,1.0,0.9972309668858846
dinov2_base_top4,p1_09451,insertion,0.0,0.9972309668858846
dinov2_base_top4,p1_09451,insertion,0.1,0.9887980818748474
dinov2_base_top4,p1_09451,insertion,0.2,0.997982124487559
dinov2_base_top4,p1_09451,insertion,0.4,0.9998956322669983
dinov2_base_top4,p1_09451,insertion,0.6,0.9996840556462606
dinov2_base_top4,p1_09451,insertion,0.8,0.9994314908981323
dinov2_base_top4,p1_09451,insertion,1.0,0.9991933703422546
dinov2_base_top4,p1_09451,random_deletion,0.0,0.9991933703422546
dinov2_base_top4,p1_09451,random_deletion,0.1,0.9993427594502767
dinov2_base_top4,p1_09451,random_deletion,0.2,0.9977196455001831
dinov2_base_top4,p1_09451,random_deletion,0.4,0.9707053502400717
dinov2_base_top4,p1_09451,random_deletion,0.6,0.965294599533081
dinov2_base_top4,p1_09451,random_deletion,0.8,0.746470034122467
dinov2_base_top4,p1_09451,random_deletion,1.0,0.9972309668858846
dinov2_base_top4,p1_09518,deletion,0.0,0.9994504054387411
dinov2_base_top4,p1_09518,deletion,0.1,0.9976365168889364
dinov2_base_top4,p1_09518,deletion,0.2,0.9817665219306946
dinov2_base_top4,p1_09518,deletion,0.4,0.7798950870831808
dinov2_base_top4,p1_09518,deletion,0.6,0.35563449561595917
dinov2_base_top4,p1_09518,deletion,0.8,0.7608597179253896
dinov2_base_top4,p1_09518,deletion,1.0,0.9991684357325236
dinov2_base_top4,p1_09518,insertion,0.0,0.9991684357325236
dinov2_base_top4,p1_09518,insertion,0.1,0.9422287146250407
dinov2_base_top4,p1_09518,insertion,0.2,0.997606893380483
dinov2_base_top4,p1_09518,insertion,0.4,0.9986971815427145
dinov2_base_top4,p1_09518,insertion,0.6,0.9998737970987955
dinov2_base_top4,p1_09518,insertion,0.8,0.9997864365577698
dinov2_base_top4,p1_09518,insertion,1.0,0.9994504054387411
dinov2_base_top4,p1_09518,random_deletion,0.0,0.9994504054387411
dinov2_base_top4,p1_09518,random_deletion,0.1,0.999346137046814
dinov2_base_top4,p1_09518,random_deletion,0.2,0.9981863697369894
dinov2_base_top4,p1_09518,random_deletion,0.4,0.9969152410825094
dinov2_base_top4,p1_09518,random_deletion,0.6,0.9881138404210409
dinov2_base_top4,p1_09518,random_deletion,0.8,0.44308412323395413
dinov2_base_top4,p1_09518,random_deletion,1.0,0.9991684357325236
dinov2_base_top4,p1_09554,deletion,0.0,0.9969989061355591
dinov2_base_top4,p1_09554,deletion,0.1,0.9627715746561686
dinov2_base_top4,p1_09554,deletion,0.2,0.3946966032187144
dinov2_base_top4,p1_09554,deletion,0.4,0.003952008827279012
dinov2_base_top4,p1_09554,deletion,0.6,0.4252397616704305
dinov2_base_top4,p1_09554,deletion,0.8,0.686901311079661
dinov2_base_top4,p1_09554,deletion,1.0,0.409284104903539
dinov2_base_top4,p1_09554,insertion,0.0,0.409284104903539
dinov2_base_top4,p1_09554,insertion,0.1,0.8750952879587809
dinov2_base_top4,p1_09554,insertion,0.2,0.9995582103729248
dinov2_base_top4,p1_09554,insertion,0.4,0.9640167752901713
dinov2_base_top4,p1_09554,insertion,0.6,0.9861066341400146
dinov2_base_top4,p1_09554,insertion,0.8,0.9947259426116943
dinov2_base_top4,p1_09554,insertion,1.0,0.9969989061355591
dinov2_base_top4,p1_09554,random_deletion,0.0,0.9969989061355591
dinov2_base_top4,p1_09554,random_deletion,0.1,0.9992575248082479
dinov2_base_top4,p1_09554,random_deletion,0.2,0.9900837143262228
dinov2_base_top4,p1_09554,random_deletion,0.4,0.7099780241648356
dinov2_base_top4,p1_09554,random_deletion,0.6,0.2843813821673393
dinov2_base_top4,p1_09554,random_deletion,0.8,0.7976336975892385
dinov2_base_top4,p1_09554,random_deletion,1.0,0.409284104903539
dinov2_base_top4,p1_09800,deletion,0.0,0.9999986092249552
dinov2_base_top4,p1_09800,deletion,0.1,0.9999972581863403
dinov2_base_top4,p1_09800,deletion,0.2,0.9999972184499105
dinov2_base_top4,p1_09800,deletion,0.4,0.9999943574269613
dinov2_base_top4,p1_09800,deletion,0.6,0.9999884366989136
dinov2_base_top4,p1_09800,deletion,0.8,0.9999619325002035
dinov2_base_top4,p1_09800,deletion,1.0,0.9999987681706747
dinov2_base_top4,p1_09800,insertion,0.0,0.9999987681706747
dinov2_base_top4,p1_09800,insertion,0.1,0.9999983708063761
dinov2_base_top4,p1_09800,insertion,0.2,0.9999976555506388
dinov2_base_top4,p1_09800,insertion,0.4,0.9999967018763224
dinov2_base_top4,p1_09800,insertion,0.6,0.9999993642171224
dinov2_base_top4,p1_09800,insertion,0.8,0.999999483426412
dinov2_base_top4,p1_09800,insertion,1.0,0.9999986092249552
dinov2_base_top4,p1_09800,random_deletion,0.0,0.9999986092249552
dinov2_base_top4,p1_09800,random_deletion,0.1,0.9999984900156657
dinov2_base_top4,p1_09800,random_deletion,0.2,0.9999986092249552
dinov2_base_top4,p1_09800,random_deletion,0.4,0.9999979734420776
dinov2_base_top4,p1_09800,random_deletion,0.6,0.9999983708063761
dinov2_base_top4,p1_09800,random_deletion,0.8,0.9999992847442627
dinov2_base_top4,p1_09800,random_deletion,1.0,0.9999987681706747
dinov2_base_top4,p1_10438,deletion,0.0,0.998884359995524
dinov2_base_top4,p1_10438,deletion,0.1,0.998726507027944
dinov2_base_top4,p1_10438,deletion,0.2,0.9995060165723165
dinov2_base_top4,p1_10438,deletion,0.4,0.9991574684778849
dinov2_base_top4,p1_10438,deletion,0.6,0.9988171656926473
dinov2_base_top4,p1_10438,deletion,0.8,0.9984079003334045
dinov2_base_top4,p1_10438,deletion,1.0,0.9976886510848999
dinov2_base_top4,p1_10438,insertion,0.0,0.9976886510848999
dinov2_base_top4,p1_10438,insertion,0.1,0.999532143274943
dinov2_base_top4,p1_10438,insertion,0.2,0.9997977217038473
dinov2_base_top4,p1_10438,insertion,0.4,0.999923825263977
dinov2_base_top4,p1_10438,insertion,0.6,0.9998464385668436
dinov2_base_top4,p1_10438,insertion,0.8,0.9998075763384501
dinov2_base_top4,p1_10438,insertion,1.0,0.998884359995524
dinov2_base_top4,p1_10438,random_deletion,0.0,0.998884359995524
dinov2_base_top4,p1_10438,random_deletion,0.1,0.996999720732371
dinov2_base_top4,p1_10438,random_deletion,0.2,0.9985801776250204
dinov2_base_top4,p1_10438,random_deletion,0.4,0.9994538029034933
dinov2_base_top4,p1_10438,random_deletion,0.6,0.9997276663780212
dinov2_base_top4,p1_10438,random_deletion,0.8,0.999220073223114
dinov2_base_top4,p1_10438,random_deletion,1.0,0.9976886510848999
dinov2_base_top4,p1_10483,deletion,0.0,0.983915905157725
dinov2_base_top4,p1_10483,deletion,0.1,0.9287955562273661
dinov2_base_top4,p1_10483,deletion,0.2,0.9386327266693115
dinov2_base_top4,p1_10483,deletion,0.4,0.2107859142124653
dinov2_base_top4,p1_10483,deletion,0.6,0.2141242871681849
dinov2_base_top4,p1_10483,deletion,0.8,0.019520315264041226
dinov2_base_top4,p1_10483,deletion,1.0,0.2736652245124181
dinov2_base_top4,p1_10483,insertion,0.0,0.2736652245124181
dinov2_base_top4,p1_10483,insertion,0.1,0.07151503736774127
dinov2_base_top4,p1_10483,insertion,0.2,0.1471349432443579
dinov2_base_top4,p1_10483,insertion,0.4,0.8216000000635783
dinov2_base_top4,p1_10483,insertion,0.6,0.9700347582499186
dinov2_base_top4,p1_10483,insertion,0.8,0.995966891447703
dinov2_base_top4,p1_10483,insertion,1.0,0.983915905157725
dinov2_base_top4,p1_10483,random_deletion,0.0,0.983915905157725
dinov2_base_top4,p1_10483,random_deletion,0.1,0.9996332128842672
dinov2_base_top4,p1_10483,random_deletion,0.2,0.9996383190155029
dinov2_base_top4,p1_10483,random_deletion,0.4,0.998882532119751
dinov2_base_top4,p1_10483,random_deletion,0.6,0.9985814491907755
dinov2_base_top4,p1_10483,random_deletion,0.8,0.9928296804428101
dinov2_base_top4,p1_10483,random_deletion,1.0,0.2736652245124181
dinov2_base_top4,p1_10548,deletion,0.0,0.9998313585917155
dinov2_base_top4,p1_10548,deletion,0.1,0.9902316530545553
dinov2_base_top4,p1_10548,deletion,0.2,0.97486279408137
dinov2_base_top4,p1_10548,deletion,0.4,0.5098229795694351
dinov2_base_top4,p1_10548,deletion,0.6,0.5507857302824656
dinov2_base_top4,p1_10548,deletion,0.8,0.26290757209062576
dinov2_base_top4,p1_10548,deletion,1.0,0.8844384749730428
dinov2_base_top4,p1_10548,insertion,0.0,0.8844384749730428
dinov2_base_top4,p1_10548,insertion,0.1,0.6729706097394228
dinov2_base_top4,p1_10548,insertion,0.2,0.9999206066131592
dinov2_base_top4,p1_10548,insertion,0.4,0.999832808971405
dinov2_base_top4,p1_10548,insertion,0.6,0.9996810555458069
dinov2_base_top4,p1_10548,insertion,0.8,0.9996770222981771
dinov2_base_top4,p1_10548,insertion,1.0,0.9998313585917155
dinov2_base_top4,p1_10548,random_deletion,0.0,0.9998313585917155
dinov2_base_top4,p1_10548,random_deletion,0.1,0.9992056091626486
dinov2_base_top4,p1_10548,random_deletion,0.2,0.9994985858599345
dinov2_base_top4,p1_10548,random_deletion,0.4,0.9986260334650675
dinov2_base_top4,p1_10548,random_deletion,0.6,0.9998854597409567
dinov2_base_top4,p1_10548,random_deletion,0.8,0.9999833106994629
dinov2_base_top4,p1_10548,random_deletion,1.0,0.8844384749730428
dinov2_base_top4,p1_10980,deletion,0.0,0.7553306023279825
dinov2_base_top4,p1_10980,deletion,0.1,0.8594391544659933
dinov2_base_top4,p1_10980,deletion,0.2,0.8147539297739664
dinov2_base_top4,p1_10980,deletion,0.4,0.6913416683673859
dinov2_base_top4,p1_10980,deletion,0.6,0.8289845784505209
dinov2_base_top4,p1_10980,deletion,0.8,0.9808417161305746
dinov2_base_top4,p1_10980,deletion,1.0,0.877943774064382
dinov2_base_top4,p1_10980,insertion,0.0,0.877943774064382
dinov2_base_top4,p1_10980,insertion,0.1,0.8011707862218221
dinov2_base_top4,p1_10980,insertion,0.2,0.10836540907621384
dinov2_base_top4,p1_10980,insertion,0.4,0.40826497475306195
dinov2_base_top4,p1_10980,insertion,0.6,0.5773740212122599
dinov2_base_top4,p1_10980,insertion,0.8,0.7462850411732992
dinov2_base_top4,p1_10980,insertion,1.0,0.7553306023279825
dinov2_base_top4,p1_10980,random_deletion,0.0,0.7553306023279825
dinov2_base_top4,p1_10980,random_deletion,0.1,0.5855239729086558
dinov2_base_top4,p1_10980,random_deletion,0.2,0.3505049745241801
dinov2_base_top4,p1_10980,random_deletion,0.4,0.8428755402565002
dinov2_base_top4,p1_10980,random_deletion,0.6,0.9079175790150961
dinov2_base_top4,p1_10980,random_deletion,0.8,0.7404775818188986
dinov2_base_top4,p1_10980,random_deletion,1.0,0.877943774064382
dinov2_base_top4,p1_11298,deletion,0.0,0.9996675451596578
dinov2_base_top4,p1_11298,deletion,0.1,0.9918848474820455
dinov2_base_top4,p1_11298,deletion,0.2,0.9990444779396057
dinov2_base_top4,p1_11298,deletion,0.4,0.9996635913848877
dinov2_base_top4,p1_11298,deletion,0.6,0.9679674108823141
dinov2_base_top4,p1_11298,deletion,0.8,0.12474055836598079
dinov2_base_top4,p1_11298,deletion,1.0,0.9976935585339864
dinov2_base_top4,p1_11298,insertion,0.0,0.9976935585339864
dinov2_base_top4,p1_11298,insertion,0.1,0.22713382293780646
dinov2_base_top4,p1_11298,insertion,0.2,0.16950234087804952
dinov2_base_top4,p1_11298,insertion,0.4,0.9968486825625101
dinov2_base_top4,p1_11298,insertion,0.6,0.9997759858767191
dinov2_base_top4,p1_11298,insertion,0.8,0.9997808337211609
dinov2_base_top4,p1_11298,insertion,1.0,0.9996675451596578
dinov2_base_top4,p1_11298,random_deletion,0.0,0.9996675451596578
dinov2_base_top4,p1_11298,random_deletion,0.1,0.999596893787384
dinov2_base_top4,p1_11298,random_deletion,0.2,0.9995596210161845
dinov2_base_top4,p1_11298,random_deletion,0.4,0.9926264484723409
dinov2_base_top4,p1_11298,random_deletion,0.6,0.9676506320635477
dinov2_base_top4,p1_11298,random_deletion,0.8,0.9800338943799337
dinov2_base_top4,p1_11298,random_deletion,1.0,0.9976935585339864
dinov2_base_top4,p1_11326,deletion,0.0,0.5439381003379822
dinov2_base_top4,p1_11326,deletion,0.1,0.017221543937921524
dinov2_base_top4,p1_11326,deletion,0.2,0.08214855814973514
dinov2_base_top4,p1_11326,deletion,0.4,0.06422267730037372
dinov2_base_top4,p1_11326,deletion,0.6,0.03673097056647142
dinov2_base_top4,p1_11326,deletion,0.8,0.18959059193730354
dinov2_base_top4,p1_11326,deletion,1.0,0.29831016312042874
dinov2_base_top4,p1_11326,insertion,0.0,0.29831016312042874
dinov2_base_top4,p1_11326,insertion,0.1,0.7501029173533121
dinov2_base_top4,p1_11326,insertion,0.2,0.2409747081498305
dinov2_base_top4,p1_11326,insertion,0.4,0.24285090466340384
dinov2_base_top4,p1_11326,insertion,0.6,0.3592667629321416
dinov2_base_top4,p1_11326,insertion,0.8,0.45475634435812634
dinov2_base_top4,p1_11326,insertion,1.0,0.5439381003379822
dinov2_base_top4,p1_11326,random_deletion,0.0,0.5439381003379822
dinov2_base_top4,p1_11326,random_deletion,0.1,0.42497779428958893
dinov2_base_top4,p1_11326,random_deletion,0.2,0.4917289714018504
dinov2_base_top4,p1_11326,random_deletion,0.4,0.456830362478892
dinov2_base_top4,p1_11326,random_deletion,0.6,0.22783044974009195
dinov2_base_top4,p1_11326,random_deletion,0.8,0.008158458940063914
dinov2_base_top4,p1_11326,random_deletion,1.0,0.29831016312042874
dinov2_base_top4,p1_11420,deletion,0.0,0.999999483426412
dinov2_base_top4,p1_11420,deletion,0.1,0.9999990860621134
dinov2_base_top4,p1_11420,deletion,0.2,0.9999764362970988
dinov2_base_top4,p1_11420,deletion,0.4,0.9999829133351644
dinov2_base_top4,p1_11420,deletion,0.6,0.9999985694885254
dinov2_base_top4,p1_11420,deletion,0.8,0.9999897082646688
dinov2_base_top4,p1_11420,deletion,1.0,0.9991232951482137
dinov2_base_top4,p1_11420,insertion,0.0,0.9991232951482137
dinov2_base_top4,p1_11420,insertion,0.1,0.9999671379725138
dinov2_base_top4,p1_11420,insertion,0.2,0.9999995628992716
dinov2_base_top4,p1_11420,insertion,0.4,0.9999989668528239
dinov2_base_top4,p1_11420,insertion,0.6,0.9999992450078329
dinov2_base_top4,p1_11420,insertion,0.8,0.999999205271403
dinov2_base_top4,p1_11420,insertion,1.0,0.999999483426412
dinov2_base_top4,p1_11420,random_deletion,0.0,0.999999483426412
dinov2_base_top4,p1_11420,random_deletion,0.1,0.9999990860621134
dinov2_base_top4,p1_11420,random_deletion,0.2,0.9999988476435343
dinov2_base_top4,p1_11420,random_deletion,0.4,0.9999972184499105
dinov2_base_top4,p1_11420,random_deletion,0.6,0.9999959866205851
dinov2_base_top4,p1_11420,random_deletion,0.8,0.9999792575836182
dinov2_base_top4,p1_11420,random_deletion,1.0,0.9991232951482137
dinov2_base_top4,p1_11469,deletion,0.0,0.8161121408144633
dinov2_base_top4,p1_11469,deletion,0.1,0.2947380170226097
dinov2_base_top4,p1_11469,deletion,0.2,0.07225127642353375
dinov2_base_top4,p1_11469,deletion,0.4,0.0031271944365774593
dinov2_base_top4,p1_11469,deletion,0.6,0.16570707658926645
dinov2_base_top4,p1_11469,deletion,0.8,0.42415036757787067
dinov2_base_top4,p1_11469,deletion,1.0,0.2497140926619371
dinov2_base_top4,p1_11469,insertion,0.0,0.2497140926619371
dinov2_base_top4,p1_11469,insertion,0.1,0.9415217638015747
dinov2_base_top4,p1_11469,insertion,0.2,0.9785951375961304
dinov2_base_top4,p1_11469,insertion,0.4,0.9967950582504272
dinov2_base_top4,p1_11469,insertion,0.6,0.9870051145553589
dinov2_base_top4,p1_11469,insertion,0.8,0.9337750275929769
dinov2_base_top4,p1_11469,insertion,1.0,0.8161121408144633
dinov2_base_top4,p1_11469,random_deletion,0.0,0.8161121408144633
dinov2_base_top4,p1_11469,random_deletion,0.1,0.933052659034729
dinov2_base_top4,p1_11469,random_deletion,0.2,0.883573313554128
dinov2_base_top4,p1_11469,random_deletion,0.4,0.9479548931121826
dinov2_base_top4,p1_11469,random_deletion,0.6,0.9979237715403239
dinov2_base_top4,p1_11469,random_deletion,0.8,0.9908555547396342
dinov2_base_top4,p1_11469,random_deletion,1.0,0.2497140926619371
dinov2_base_top4,p1_11495,deletion,0.0,0.74769659837087
dinov2_base_top4,p1_11495,deletion,0.1,0.9426536758740743
dinov2_base_top4,p1_11495,deletion,0.2,0.9414821267127991
dinov2_base_top4,p1_11495,deletion,0.4,0.6937638421853384
dinov2_base_top4,p1_11495,deletion,0.6,0.6920675237973531
dinov2_base_top4,p1_11495,deletion,0.8,0.9911641081174215
dinov2_base_top4,p1_11495,deletion,1.0,0.9743596514066061
dinov2_base_top4,p1_11495,insertion,0.0,0.9743596514066061
dinov2_base_top4,p1_11495,insertion,0.1,0.9596334099769592
dinov2_base_top4,p1_11495,insertion,0.2,0.9227835933367411
dinov2_base_top4,p1_11495,insertion,0.4,0.4083980619907379
dinov2_base_top4,p1_11495,insertion,0.6,0.527575691541036
dinov2_base_top4,p1_11495,insertion,0.8,0.6525654395421346
dinov2_base_top4,p1_11495,insertion,1.0,0.74769659837087
dinov2_base_top4,p1_11495,random_deletion,0.0,0.74769659837087
dinov2_base_top4,p1_11495,random_deletion,0.1,0.7352598508199056
dinov2_base_top4,p1_11495,random_deletion,0.2,0.62863356868426
dinov2_base_top4,p1_11495,random_deletion,0.4,0.6697135965029398
dinov2_base_top4,p1_11495,random_deletion,0.6,0.7523161570231119
dinov2_base_top4,p1_11495,random_deletion,0.8,0.33335983008146286
dinov2_base_top4,p1_11495,random_deletion,1.0,0.9743596514066061
dinov2_base_top4,p1_11643,deletion,0.0,0.9989515542984009
dinov2_base_top4,p1_11643,deletion,0.1,0.9994736512502035
dinov2_base_top4,p1_11643,deletion,0.2,0.9997625748316447
dinov2_base_top4,p1_11643,deletion,0.4,0.9830354650815328
dinov2_base_top4,p1_11643,deletion,0.6,0.9830783009529114
dinov2_base_top4,p1_11643,deletion,0.8,0.9877111911773682
dinov2_base_top4,p1_11643,deletion,1.0,0.9966699282328287
dinov2_base_top4,p1_11643,insertion,0.0,0.9966699282328287
dinov2_base_top4,p1_11643,insertion,0.1,0.9998272061347961
dinov2_base_top4,p1_11643,insertion,0.2,0.9991525014241537
dinov2_base_top4,p1_11643,insertion,0.4,0.9993665417035421
dinov2_base_top4,p1_11643,insertion,0.6,0.998942494392395
dinov2_base_top4,p1_11643,insertion,0.8,0.9985000689824423
dinov2_base_top4,p1_11643,insertion,1.0,0.9989515542984009
dinov2_base_top4,p1_11643,random_deletion,0.0,0.9989515542984009
dinov2_base_top4,p1_11643,random_deletion,0.1,0.9978582461675009
dinov2_base_top4,p1_11643,random_deletion,0.2,0.9978718360265096
dinov2_base_top4,p1_11643,random_deletion,0.4,0.9979100624720255
dinov2_base_top4,p1_11643,random_deletion,0.6,0.9995174805323283
dinov2_base_top4,p1_11643,random_deletion,0.8,0.9989568789800009
dinov2_base_top4,p1_11643,random_deletion,1.0,0.9966699282328287
dinov2_base_top4,p1_11824,deletion,0.0,0.9992691079775492
dinov2_base_top4,p1_11824,deletion,0.1,0.9995700518290201
dinov2_base_top4,p1_11824,deletion,0.2,0.996112585067749
dinov2_base_top4,p1_11824,deletion,0.4,0.9266766508420309
dinov2_base_top4,p1_11824,deletion,0.6,0.3387640987833341
dinov2_base_top4,p1_11824,deletion,0.8,0.9439421693483988
dinov2_base_top4,p1_11824,deletion,1.0,0.9644231200218201
dinov2_base_top4,p1_11824,insertion,0.0,0.9644231200218201
dinov2_base_top4,p1_11824,insertion,0.1,0.7064079940319061
dinov2_base_top4,p1_11824,insertion,0.2,0.9995766282081604
dinov2_base_top4,p1_11824,insertion,0.4,0.9995808005332947
dinov2_base_top4,p1_11824,insertion,0.6,0.9994399150212606
dinov2_base_top4,p1_11824,insertion,0.8,0.9994755784670512
dinov2_base_top4,p1_11824,insertion,1.0,0.9992691079775492
dinov2_base_top4,p1_11824,random_deletion,0.0,0.9992691079775492
dinov2_base_top4,p1_11824,random_deletion,0.1,0.9994893670082092
dinov2_base_top4,p1_11824,random_deletion,0.2,0.9996136029561361
dinov2_base_top4,p1_11824,random_deletion,0.4,0.999285896619161
dinov2_base_top4,p1_11824,random_deletion,0.6,0.9994744062423706
dinov2_base_top4,p1_11824,random_deletion,0.8,0.9997764031092325
dinov2_base_top4,p1_11824,random_deletion,1.0,0.9644231200218201
dinov2_base_top4,p1_11931,deletion,0.0,0.98256782690684
dinov2_base_top4,p1_11931,deletion,0.1,0.9891807238260905
dinov2_base_top4,p1_11931,deletion,0.2,0.9247748057047526
dinov2_base_top4,p1_11931,deletion,0.4,0.7395009398460388
dinov2_base_top4,p1_11931,deletion,0.6,0.878435472647349
dinov2_base_top4,p1_11931,deletion,0.8,0.9329495429992676
dinov2_base_top4,p1_11931,deletion,1.0,0.9866457581520081
dinov2_base_top4,p1_11931,insertion,0.0,0.9866457581520081
dinov2_base_top4,p1_11931,insertion,0.1,0.9982128540674845
dinov2_base_top4,p1_11931,insertion,0.2,0.9784377217292786
dinov2_base_top4,p1_11931,insertion,0.4,0.9905875126520792
dinov2_base_top4,p1_11931,insertion,0.6,0.993905246257782
dinov2_base_top4,p1_11931,insertion,0.8,0.9894001881281534
dinov2_base_top4,p1_11931,insertion,1.0,0.98256782690684
dinov2_base_top4,p1_11931,random_deletion,0.0,0.98256782690684
dinov2_base_top4,p1_11931,random_deletion,0.1,0.9974298477172852
dinov2_base_top4,p1_11931,random_deletion,0.2,0.997700830300649
dinov2_base_top4,p1_11931,random_deletion,0.4,0.9995191295941671
dinov2_base_top4,p1_11931,random_deletion,0.6,0.9999551773071289
dinov2_base_top4,p1_11931,random_deletion,0.8,0.9886851112047831
dinov2_base_top4,p1_11931,random_deletion,1.0,0.9866457581520081
dinov2_base_top4,p1_11942,deletion,0.0,0.9207142194112142
dinov2_base_top4,p1_11942,deletion,0.1,0.5997305909792582
dinov2_base_top4,p1_11942,deletion,0.2,0.9422909617424011
dinov2_base_top4,p1_11942,deletion,0.4,0.8607355157534281
dinov2_base_top4,p1_11942,deletion,0.6,0.9216287930806478
dinov2_base_top4,p1_11942,deletion,0.8,0.9800161321957906
dinov2_base_top4,p1_11942,deletion,1.0,0.9932176073392233
dinov2_base_top4,p1_11942,insertion,0.0,0.9932176073392233
dinov2_base_top4,p1_11942,insertion,0.1,0.9999909400939941
dinov2_base_top4,p1_11942,insertion,0.2,0.9999673763910929
dinov2_base_top4,p1_11942,insertion,0.4,0.9993079702059428
dinov2_base_top4,p1_11942,insertion,0.6,0.9988175829251608
dinov2_base_top4,p1_11942,insertion,0.8,0.9808611472447714
dinov2_base_top4,p1_11942,insertion,1.0,0.9207142194112142
dinov2_base_top4,p1_11942,random_deletion,0.0,0.9207142194112142
dinov2_base_top4,p1_11942,random_deletion,0.1,0.989393929640452
dinov2_base_top4,p1_11942,random_deletion,0.2,0.9881815512975057
dinov2_base_top4,p1_11942,random_deletion,0.4,0.8952051798502604
dinov2_base_top4,p1_11942,random_deletion,0.6,0.8616167902946472
dinov2_base_top4,p1_11942,random_deletion,0.8,0.9968156615893046
dinov2_base_top4,p1_11942,random_deletion,1.0,0.9932176073392233
dinov2_base_top4,p1_12075,deletion,0.0,0.9999887148539225
dinov2_base_top4,p1_12075,deletion,0.1,0.999983032544454
dinov2_base_top4,p1_12075,deletion,0.2,0.9999934434890747
dinov2_base_top4,p1_12075,deletion,0.4,0.9999941984812418
dinov2_base_top4,p1_12075,deletion,0.6,0.997839113076528
dinov2_base_top4,p1_12075,deletion,0.8,0.9990219672520956
dinov2_base_top4,p1_12075,deletion,1.0,0.9980405767758688
dinov2_base_top4,p1_12075,insertion,0.0,0.9980405767758688
dinov2_base_top4,p1_12075,insertion,0.1,0.9999552170435587
dinov2_base_top4,p1_12075,insertion,0.2,0.9999759197235107
dinov2_base_top4,p1_12075,insertion,0.4,0.9999843835830688
dinov2_base_top4,p1_12075,insertion,0.6,0.9999866088231405
dinov2_base_top4,p1_12075,insertion,0.8,0.9999910593032837
dinov2_base_top4,p1_12075,insertion,1.0,0.9999887148539225
dinov2_base_top4,p1_12075,random_deletion,0.0,0.9999887148539225
dinov2_base_top4,p1_12075,random_deletion,0.1,0.9999912977218628
dinov2_base_top4,p1_12075,random_deletion,0.2,0.9999936024347941
dinov2_base_top4,p1_12075,random_deletion,0.4,0.9999775489171346
dinov2_base_top4,p1_12075,random_deletion,0.6,0.9999701976776123
dinov2_base_top4,p1_12075,random_deletion,0.8,0.9999570846557617
dinov2_base_top4,p1_12075,random_deletion,1.0,0.9980405767758688
dinov2_base_top4,p1_12085,deletion,0.0,0.9999967813491821
dinov2_base_top4,p1_12085,deletion,0.1,0.9999985297520956
dinov2_base_top4,p1_12085,deletion,0.2,0.9999986886978149
dinov2_base_top4,p1_12085,deletion,0.4,0.9999645551045736
dinov2_base_top4,p1_12085,deletion,0.6,0.9998038411140442
dinov2_base_top4,p1_12085,deletion,0.8,0.9990322987238566
dinov2_base_top4,p1_12085,deletion,1.0,0.9998531738917033
dinov2_base_top4,p1_12085,insertion,0.0,0.9998531738917033
dinov2_base_top4,p1_12085,insertion,0.1,0.9999289115269979
dinov2_base_top4,p1_12085,insertion,0.2,0.9999899864196777
dinov2_base_top4,p1_12085,insertion,0.4,0.9999988476435343
dinov2_base_top4,p1_12085,insertion,0.6,0.9999988079071045
dinov2_base_top4,p1_12085,insertion,0.8,0.9999964634577433
dinov2_base_top4,p1_12085,insertion,1.0,0.9999967813491821
dinov2_base_top4,p1_12085,random_deletion,0.0,0.9999967813491821
dinov2_base_top4,p1_12085,random_deletion,0.1,0.9999978144963583
dinov2_base_top4,p1_12085,random_deletion,0.2,0.9999986489613851
dinov2_base_top4,p1_12085,random_deletion,0.4,0.9999955495198568
dinov2_base_top4,p1_12085,random_deletion,0.6,0.9999962647755941
dinov2_base_top4,p1_12085,random_deletion,0.8,0.9999323685963949
dinov2_base_top4,p1_12085,random_deletion,1.0,0.9998531738917033
dinov2_base_top4,p1_12314,deletion,0.0,0.983642041683197
dinov2_base_top4,p1_12314,deletion,0.1,0.8829323450724283
dinov2_base_top4,p1_12314,deletion,0.2,0.8712082107861837
dinov2_base_top4,p1_12314,deletion,0.4,0.8413352171579996
dinov2_base_top4,p1_12314,deletion,0.6,0.8874333103497823
dinov2_base_top4,p1_12314,deletion,0.8,0.951212207476298
dinov2_base_top4,p1_12314,deletion,1.0,0.9917947848637899
dinov2_base_top4,p1_12314,insertion,0.0,0.9917947848637899
dinov2_base_top4,p1_12314,insertion,0.1,0.9367499351501465
dinov2_base_top4,p1_12314,insertion,0.2,0.9869891405105591
dinov2_base_top4,p1_12314,insertion,0.4,0.9987850586573283
dinov2_base_top4,p1_12314,insertion,0.6,0.996986985206604
dinov2_base_top4,p1_12314,insertion,0.8,0.9752578934033712
dinov2_base_top4,p1_12314,insertion,1.0,0.983642041683197
dinov2_base_top4,p1_12314,random_deletion,0.0,0.983642041683197
dinov2_base_top4,p1_12314,random_deletion,0.1,0.951991617679596
dinov2_base_top4,p1_12314,random_deletion,0.2,0.928020199139913
dinov2_base_top4,p1_12314,random_deletion,0.4,0.9642937580744425
dinov2_base_top4,p1_12314,random_deletion,0.6,0.8750416239102682
dinov2_base_top4,p1_12314,random_deletion,0.8,0.9843187928199768
dinov2_base_top4,p1_12314,random_deletion,1.0,0.9917947848637899
dinov2_base_top4,p1_12363,deletion,0.0,0.9813022613525391
dinov2_base_top4,p1_12363,deletion,0.1,0.9570083816846212
dinov2_base_top4,p1_12363,deletion,0.2,0.9001920620600382
dinov2_base_top4,p1_12363,deletion,0.4,0.04324298072606325
dinov2_base_top4,p1_12363,deletion,0.6,0.013542374518389503
dinov2_base_top4,p1_12363,deletion,0.8,0.11869405458370845
dinov2_base_top4,p1_12363,deletion,1.0,0.6388052354256312
dinov2_base_top4,p1_12363,insertion,0.0,0.6388052354256312
dinov2_base_top4,p1_12363,insertion,0.1,0.9991556604703268
dinov2_base_top4,p1_12363,insertion,0.2,0.9947203795115153
dinov2_base_top4,p1_12363,insertion,0.4,0.9944996039072672
dinov2_base_top4,p1_12363,insertion,0.6,0.9953641891479492
dinov2_base_top4,p1_12363,insertion,0.8,0.9887531598409017
dinov2_base_top4,p1_12363,insertion,1.0,0.9813022613525391
dinov2_base_top4,p1_12363,random_deletion,0.0,0.9813022613525391
dinov2_base_top4,p1_12363,random_deletion,0.1,0.9899579683939616
dinov2_base_top4,p1_12363,random_deletion,0.2,0.9961396853129069
dinov2_base_top4,p1_12363,random_deletion,0.4,0.9988966584205627
dinov2_base_top4,p1_12363,random_deletion,0.6,0.9969249367713928
dinov2_base_top4,p1_12363,random_deletion,0.8,0.528867686788241
dinov2_base_top4,p1_12363,random_deletion,1.0,0.6388052354256312
dinov2_base_top4,p1_12367,deletion,0.0,0.9952809611956278
dinov2_base_top4,p1_12367,deletion,0.1,0.9899221460024515
dinov2_base_top4,p1_12367,deletion,0.2,0.9613432685534159
dinov2_base_top4,p1_12367,deletion,0.4,0.8360748092333475
dinov2_base_top4,p1_12367,deletion,0.6,0.9128904342651367
dinov2_base_top4,p1_12367,deletion,0.8,0.891237477461497
dinov2_base_top4,p1_12367,deletion,1.0,0.9940103689829508
dinov2_base_top4,p1_12367,insertion,0.0,0.9940103689829508
dinov2_base_top4,p1_12367,insertion,0.1,0.9980204502741495
dinov2_base_top4,p1_12367,insertion,0.2,0.998103141784668
dinov2_base_top4,p1_12367,insertion,0.4,0.9997245073318481
dinov2_base_top4,p1_12367,insertion,0.6,0.9995070894559225
dinov2_base_top4,p1_12367,insertion,0.8,0.9977769653002421
dinov2_base_top4,p1_12367,insertion,1.0,0.9952809611956278
dinov2_base_top4,p1_12367,random_deletion,0.0,0.9952809611956278
dinov2_base_top4,p1_12367,random_deletion,0.1,0.9954896370569865
dinov2_base_top4,p1_12367,random_deletion,0.2,0.9980012575785319
dinov2_base_top4,p1_12367,random_deletion,0.4,0.9994760751724243
dinov2_base_top4,p1_12367,random_deletion,0.6,0.9979894757270813
dinov2_base_top4,p1_12367,random_deletion,0.8,0.9764952858289083
dinov2_base_top4,p1_12367,random_deletion,1.0,0.9940103689829508
dinov2_base_top4,p1_12879,deletion,0.0,0.9998901883761088
dinov2_base_top4,p1_12879,deletion,0.1,0.9999756415685018
dinov2_base_top4,p1_12879,deletion,0.2,0.9992663661638895
dinov2_base_top4,p1_12879,deletion,0.4,0.9958099524180094
dinov2_base_top4,p1_12879,deletion,0.6,0.9813527862230936
dinov2_base_top4,p1_12879,deletion,0.8,0.9984091520309448
dinov2_base_top4,p1_12879,deletion,1.0,0.9997612436612447
dinov2_base_top4,p1_12879,insertion,0.0,0.9997612436612447
dinov2_base_top4,p1_12879,insertion,0.1,0.9931426644325256
dinov2_base_top4,p1_12879,insertion,0.2,0.9988390803337097
dinov2_base_top4,p1_12879,insertion,0.4,0.999833901723226
dinov2_base_top4,p1_12879,insertion,0.6,0.9998340805371603
dinov2_base_top4,p1_12879,insertion,0.8,0.9999155203501383
dinov2_base_top4,p1_12879,insertion,1.0,0.9998901883761088
dinov2_base_top4,p1_12879,random_deletion,0.0,0.9998901883761088
dinov2_base_top4,p1_12879,random_deletion,0.1,0.9996772805849711
dinov2_base_top4,p1_12879,random_deletion,0.2,0.9999404748280843
dinov2_base_top4,p1_12879,random_deletion,0.4,0.9997466007868449
dinov2_base_top4,p1_12879,random_deletion,0.6,0.9901191194852194
dinov2_base_top4,p1_12879,random_deletion,0.8,0.97071373462677
dinov2_base_top4,p1_12879,random_deletion,1.0,0.9997612436612447
dinov2_base_top4,p1_13171,deletion,0.0,0.999896784623464
dinov2_base_top4,p1_13171,deletion,0.1,0.9998115301132202
dinov2_base_top4,p1_13171,deletion,0.2,0.9999160965283712
dinov2_base_top4,p1_13171,deletion,0.4,0.9996777971585592
dinov2_base_top4,p1_13171,deletion,0.6,0.9995918075243632
dinov2_base_top4,p1_13171,deletion,0.8,0.997424304485321
dinov2_base_top4,p1_13171,deletion,1.0,0.9996393720308939
dinov2_base_top4,p1_13171,insertion,0.0,0.9996393720308939
dinov2_base_top4,p1_13171,insertion,0.1,0.9920639594395956
dinov2_base_top4,p1_13171,insertion,0.2,0.9686447978019714
dinov2_base_top4,p1_13171,insertion,0.4,0.9988295237223307
dinov2_base_top4,p1_13171,insertion,0.6,0.9998968640963236
dinov2_base_top4,p1_13171,insertion,0.8,0.9998932083447775
dinov2_base_top4,p1_13171,insertion,1.0,0.999896784623464
dinov2_base_top4,p1_13171,random_deletion,0.0,0.999896784623464
dinov2_base_top4,p1_13171,random_deletion,0.1,0.9992840687433878
dinov2_base_top4,p1_13171,random_deletion,0.2,0.9997431834538778
dinov2_base_top4,p1_13171,random_deletion,0.4,0.9998626510302225
dinov2_base_top4,p1_13171,random_deletion,0.6,0.9991318980852762
dinov2_base_top4,p1_13171,random_deletion,0.8,0.9989561239878336
dinov2_base_top4,p1_13171,random_deletion,1.0,0.9996393720308939
dinov2_base_top4,p1_13395,deletion,0.0,0.9994533260663351
dinov2_base_top4,p1_13395,deletion,0.1,0.9993837674458822
dinov2_base_top4,p1_13395,deletion,0.2,0.9991130630175272
dinov2_base_top4,p1_13395,deletion,0.4,0.9994727969169617
dinov2_base_top4,p1_13395,deletion,0.6,0.9981890320777893
dinov2_base_top4,p1_13395,deletion,0.8,0.9954089919726054
dinov2_base_top4,p1_13395,deletion,1.0,0.9987948735555013
dinov2_base_top4,p1_13395,insertion,0.0,0.9987948735555013
dinov2_base_top4,p1_13395,insertion,0.1,0.9870006640752157
dinov2_base_top4,p1_13395,insertion,0.2,0.9992266496022543
dinov2_base_top4,p1_13395,insertion,0.4,0.9997127254803976
dinov2_base_top4,p1_13395,insertion,0.6,0.9997047185897827
dinov2_base_top4,p1_13395,insertion,0.8,0.9995368719100952
dinov2_base_top4,p1_13395,insertion,1.0,0.9994533260663351
dinov2_base_top4,p1_13395,random_deletion,0.0,0.9994533260663351
dinov2_base_top4,p1_13395,random_deletion,0.1,0.9993855357170105
dinov2_base_top4,p1_13395,random_deletion,0.2,0.9994821548461914
dinov2_base_top4,p1_13395,random_deletion,0.4,0.9996298352877299
dinov2_base_top4,p1_13395,random_deletion,0.6,0.9997537732124329
dinov2_base_top4,p1_13395,random_deletion,0.8,0.9984347820281982
dinov2_base_top4,p1_13395,random_deletion,1.0,0.9987948735555013
dinov2_base_top4,p1_13422,deletion,0.0,0.999868114789327
dinov2_base_top4,p1_13422,deletion,0.1,0.9402429262797037
dinov2_base_top4,p1_13422,deletion,0.2,0.8969283898671468
dinov2_base_top4,p1_13422,deletion,0.4,0.9531992276509603
dinov2_base_top4,p1_13422,deletion,0.6,0.6901256839434305
dinov2_base_top4,p1_13422,deletion,0.8,0.7232440114021301
dinov2_base_top4,p1_13422,deletion,1.0,0.9198936422665914
dinov2_base_top4,p1_13422,insertion,0.0,0.9198936422665914
dinov2_base_top4,p1_13422,insertion,0.1,0.8010374307632446
dinov2_base_top4,p1_13422,insertion,0.2,0.999135434627533
dinov2_base_top4,p1_13422,insertion,0.4,0.9991182088851929
dinov2_base_top4,p1_13422,insertion,0.6,0.9998764197031657
dinov2_base_top4,p1_13422,insertion,0.8,0.9998166362444559
dinov2_base_top4,p1_13422,insertion,1.0,0.999868114789327
dinov2_base_top4,p1_13422,random_deletion,0.0,0.999868114789327
dinov2_base_top4,p1_13422,random_deletion,0.1,0.999354362487793
dinov2_base_top4,p1_13422,random_deletion,0.2,0.9999258518218994
dinov2_base_top4,p1_13422,random_deletion,0.4,0.9998707373936971
dinov2_base_top4,p1_13422,random_deletion,0.6,0.9981487393379211
dinov2_base_top4,p1_13422,random_deletion,0.8,0.9733377695083618
dinov2_base_top4,p1_13422,random_deletion,1.0,0.9198936422665914
dinov2_base_top4,p1_13514,deletion,0.0,0.9997023542722067
dinov2_base_top4,p1_13514,deletion,0.1,0.9998653928438822
dinov2_base_top4,p1_13514,deletion,0.2,0.9999724626541138
dinov2_base_top4,p1_13514,deletion,0.4,0.9996375441551208
dinov2_base_top4,p1_13514,deletion,0.6,0.9998798171679179
dinov2_base_top4,p1_13514,deletion,0.8,0.999972939491272
dinov2_base_top4,p1_13514,deletion,1.0,0.9999569257100424
dinov2_base_top4,p1_13514,insertion,0.0,0.9999569257100424
dinov2_base_top4,p1_13514,insertion,0.1,0.9999294678370158
dinov2_base_top4,p1_13514,insertion,0.2,0.9995511174201965
dinov2_base_top4,p1_13514,insertion,0.4,0.9998933474222819
dinov2_base_top4,p1_13514,insertion,0.6,0.9998651544253031
dinov2_base_top4,p1_13514,insertion,0.8,0.9998975992202759
dinov2_base_top4,p1_13514,insertion,1.0,0.9997023542722067
dinov2_base_top4,p1_13514,random_deletion,0.0,0.9997023542722067
dinov2_base_top4,p1_13514,random_deletion,0.1,0.9998440146446228
dinov2_base_top4,p1_13514,random_deletion,0.2,0.9999470710754395
dinov2_base_top4,p1_13514,random_deletion,0.4,0.9999833504358927
dinov2_base_top4,p1_13514,random_deletion,0.6,0.9999680916468302
dinov2_base_top4,p1_13514,random_deletion,0.8,0.9089235862096151
dinov2_base_top4,p1_13514,random_deletion,1.0,0.9999569257100424
dinov2_base_top4,p1_13559,deletion,0.0,0.7544746696949005
dinov2_base_top4,p1_13559,deletion,0.1,0.7033881445725759
dinov2_base_top4,p1_13559,deletion,0.2,0.8419677217801412
dinov2_base_top4,p1_13559,deletion,0.4,0.6942533254623413
dinov2_base_top4,p1_13559,deletion,0.6,0.6709056794643402
dinov2_base_top4,p1_13559,deletion,0.8,0.6775548656781515
dinov2_base_top4,p1_13559,deletion,1.0,0.8700002034505209
dinov2_base_top4,p1_13559,insertion,0.0,0.8700002034505209
dinov2_base_top4,p1_13559,insertion,0.1,0.8258565465609232
dinov2_base_top4,p1_13559,insertion,0.2,0.8931866884231567
dinov2_base_top4,p1_13559,insertion,0.4,0.7877763311068217
dinov2_base_top4,p1_13559,insertion,0.6,0.7245182494322459
dinov2_base_top4,p1_13559,insertion,0.8,0.7204001595576605
dinov2_base_top4,p1_13559,insertion,1.0,0.7544746696949005
dinov2_base_top4,p1_13559,random_deletion,0.0,0.7544746696949005
dinov2_base_top4,p1_13559,random_deletion,0.1,0.8229518334070841
dinov2_base_top4,p1_13559,random_deletion,0.2,0.8776835600535074
dinov2_base_top4,p1_13559,random_deletion,0.4,0.9128507375717163
dinov2_base_top4,p1_13559,random_deletion,0.6,0.9705551862716675
dinov2_base_top4,p1_13559,random_deletion,0.8,0.983555018901825
dinov2_base_top4,p1_13559,random_deletion,1.0,0.8700002034505209
dinov2_base_top4,p1_13594,deletion,0.0,0.9999996423721313
dinov2_base_top4,p1_13594,deletion,0.1,0.9999990463256836
dinov2_base_top4,p1_13594,deletion,0.2,0.999998927116394
dinov2_base_top4,p1_13594,deletion,0.4,0.9999584754308065
dinov2_base_top4,p1_13594,deletion,0.6,0.9998647570610046
dinov2_base_top4,p1_13594,deletion,0.8,0.9999877214431763
dinov2_base_top4,p1_13594,deletion,1.0,0.9999961058298746
dinov2_base_top4,p1_13594,insertion,0.0,0.9999961058298746
dinov2_base_top4,p1_13594,insertion,0.1,0.9736130237579346
dinov2_base_top4,p1_13594,insertion,0.2,0.9975191950798035
dinov2_base_top4,p1_13594,insertion,0.4,0.9999951521555582
dinov2_base_top4,p1_13594,insertion,0.6,0.9999990860621134
dinov2_base_top4,p1_13594,insertion,0.8,0.9999996821085612
dinov2_base_top4,p1_13594,insertion,1.0,0.9999996423721313
dinov2_base_top4,p1_13594,random_deletion,0.0,0.9999996423721313
dinov2_base_top4,p1_13594,random_deletion,0.1,0.9999993244806925
dinov2_base_top4,p1_13594,random_deletion,0.2,0.9999980131785074
dinov2_base_top4,p1_13594,random_deletion,0.4,0.9999901056289673
dinov2_base_top4,p1_13594,random_deletion,0.6,0.9997808337211609
dinov2_base_top4,p1_13594,random_deletion,0.8,0.999478836854299
dinov2_base_top4,p1_13594,random_deletion,1.0,0.9999961058298746
dinov2_base_top4,p1_14079,deletion,0.0,0.999767025311788
dinov2_base_top4,p1_14079,deletion,0.1,0.9992793599764506
dinov2_base_top4,p1_14079,deletion,0.2,0.989886740843455
dinov2_base_top4,p1_14079,deletion,0.4,0.9974822402000427
dinov2_base_top4,p1_14079,deletion,0.6,0.9940748810768127
dinov2_base_top4,p1_14079,deletion,0.8,0.99144180615743
dinov2_base_top4,p1_14079,deletion,1.0,0.906191329161326
dinov2_base_top4,p1_14079,insertion,0.0,0.906191329161326
dinov2_base_top4,p1_14079,insertion,0.1,0.8955762585004171
dinov2_base_top4,p1_14079,insertion,0.2,0.9899622003237406
dinov2_base_top4,p1_14079,insertion,0.4,0.9995132088661194
dinov2_base_top4,p1_14079,insertion,0.6,0.9998180667559305
dinov2_base_top4,p1_14079,insertion,0.8,0.9997259775797526
dinov2_base_top4,p1_14079,insertion,1.0,0.999767025311788
dinov2_base_top4,p1_14079,random_deletion,0.0,0.999767025311788
dinov2_base_top4,p1_14079,random_deletion,0.1,0.999188224474589
dinov2_base_top4,p1_14079,random_deletion,0.2,0.9984860817591349
dinov2_base_top4,p1_14079,random_deletion,0.4,0.9978100260098776
dinov2_base_top4,p1_14079,random_deletion,0.6,0.9984262784322103
dinov2_base_top4,p1_14079,random_deletion,0.8,0.9838945865631104
dinov2_base_top4,p1_14079,random_deletion,1.0,0.906191329161326
dinov2_base_top4,p1_14563,deletion,0.0,0.9612109065055847
dinov2_base_top4,p1_14563,deletion,0.1,0.9964678883552551
dinov2_base_top4,p1_14563,deletion,0.2,0.9979663888613383
dinov2_base_top4,p1_14563,deletion,0.4,0.9994755585988363
dinov2_base_top4,p1_14563,deletion,0.6,0.9997830986976624
dinov2_base_top4,p1_14563,deletion,0.8,0.9989001750946045
dinov2_base_top4,p1_14563,deletion,1.0,0.9923220872879028
dinov2_base_top4,p1_14563,insertion,0.0,0.9923220872879028
dinov2_base_top4,p1_14563,insertion,0.1,0.990537146727244
dinov2_base_top4,p1_14563,insertion,0.2,0.996381938457489
dinov2_base_top4,p1_14563,insertion,0.4,0.9982510805130005
dinov2_base_top4,p1_14563,insertion,0.6,0.61759286125501
dinov2_base_top4,p1_14563,insertion,0.8,0.8974088231722513
dinov2_base_top4,p1_14563,insertion,1.0,0.9612109065055847
dinov2_base_top4,p1_14563,random_deletion,0.0,0.9612109065055847
dinov2_base_top4,p1_14563,random_deletion,0.1,0.9678597847620646
dinov2_base_top4,p1_14563,random_deletion,0.2,0.8853726784388224
dinov2_base_top4,p1_14563,random_deletion,0.4,0.9077865481376648
dinov2_base_top4,p1_14563,random_deletion,0.6,0.9928440848986307
dinov2_base_top4,p1_14563,random_deletion,0.8,0.9469130635261536
dinov2_base_top4,p1_14563,random_deletion,1.0,0.9923220872879028
dinov2_base_top4,p1_14826,deletion,0.0,0.9995496471722921
dinov2_base_top4,p1_14826,deletion,0.1,0.9744988481203715
dinov2_base_top4,p1_14826,deletion,0.2,0.6704640140136083
dinov2_base_top4,p1_14826,deletion,0.4,0.9811762571334839
dinov2_base_top4,p1_14826,deletion,0.6,0.9195285042126974
dinov2_base_top4,p1_14826,deletion,0.8,0.9764832258224487
dinov2_base_top4,p1_14826,deletion,1.0,0.9960610469182333
dinov2_base_top4,p1_14826,insertion,0.0,0.9960610469182333
dinov2_base_top4,p1_14826,insertion,0.1,0.7380678852399191
dinov2_base_top4,p1_14826,insertion,0.2,0.9984931747118632
dinov2_base_top4,p1_14826,insertion,0.4,0.9996930758158366
dinov2_base_top4,p1_14826,insertion,0.6,0.9996201197306315
dinov2_base_top4,p1_14826,insertion,0.8,0.9996622999509176
dinov2_base_top4,p1_14826,insertion,1.0,0.9995496471722921
dinov2_base_top4,p1_14826,random_deletion,0.0,0.9995496471722921
dinov2_base_top4,p1_14826,random_deletion,0.1,0.9988896449406942
dinov2_base_top4,p1_14826,random_deletion,0.2,0.9988200863202413
dinov2_base_top4,p1_14826,random_deletion,0.4,0.9988013903299967
dinov2_base_top4,p1_14826,random_deletion,0.6,0.9895062446594238
dinov2_base_top4,p1_14826,random_deletion,0.8,0.8148895899454752
dinov2_base_top4,p1_14826,random_deletion,1.0,0.9960610469182333
dinov2_base_top4,p1_15176,deletion,0.0,0.999955415725708
dinov2_base_top4,p1_15176,deletion,0.1,0.9322465856870016
dinov2_base_top4,p1_15176,deletion,0.2,0.9407748778661092
dinov2_base_top4,p1_15176,deletion,0.4,0.9341542919476827
dinov2_base_top4,p1_15176,deletion,0.6,0.740017831325531
dinov2_base_top4,p1_15176,deletion,0.8,0.7971294820308685
dinov2_base_top4,p1_15176,deletion,1.0,0.8814127842585245
dinov2_base_top4,p1_15176,insertion,0.0,0.8814127842585245
dinov2_base_top4,p1_15176,insertion,0.1,0.7328337828318278
dinov2_base_top4,p1_15176,insertion,0.2,0.8868257999420166
dinov2_base_top4,p1_15176,insertion,0.4,0.9967777132987976
dinov2_base_top4,p1_15176,insertion,0.6,0.9998087286949158
dinov2_base_top4,p1_15176,insertion,0.8,0.9999364217122396
dinov2_base_top4,p1_15176,insertion,1.0,0.999955415725708
dinov2_base_top4,p1_15176,random_deletion,0.0,0.999955415725708
dinov2_base_top4,p1_15176,random_deletion,0.1,0.9994422992070516
dinov2_base_top4,p1_15176,random_deletion,0.2,0.9999186595280966
dinov2_base_top4,p1_15176,random_deletion,0.4,0.9981607596079508
dinov2_base_top4,p1_15176,random_deletion,0.6,0.9288155436515808
dinov2_base_top4,p1_15176,random_deletion,0.8,0.7445193330446879
dinov2_base_top4,p1_15176,random_deletion,1.0,0.8814127842585245
dinov2_base_top4,p1_15232,deletion,0.0,0.9999958276748657
dinov2_base_top4,p1_15232,deletion,0.1,0.9999905824661255
dinov2_base_top4,p1_15232,deletion,0.2,0.9999946355819702
dinov2_base_top4,p1_15232,deletion,0.4,0.9999936819076538
dinov2_base_top4,p1_15232,deletion,0.6,0.9998354117075602
dinov2_base_top4,p1_15232,deletion,0.8,0.9997722705205282
dinov2_base_top4,p1_15232,deletion,1.0,0.9999921719233195
dinov2_base_top4,p1_15232,insertion,0.0,0.9999921719233195
dinov2_base_top4,p1_15232,insertion,0.1,0.9999866485595703
dinov2_base_top4,p1_15232,insertion,0.2,0.9999937613805135
dinov2_base_top4,p1_15232,insertion,0.4,0.9999936819076538
dinov2_base_top4,p1_15232,insertion,0.6,0.9999957084655762
dinov2_base_top4,p1_15232,insertion,0.8,0.9999955892562866
dinov2_base_top4,p1_15232,insertion,1.0,0.9999958276748657
dinov2_base_top4,p1_15232,random_deletion,0.0,0.9999958276748657
dinov2_base_top4,p1_15232,random_deletion,0.1,0.9999969005584717
dinov2_base_top4,p1_15232,random_deletion,0.2,0.9999962647755941
dinov2_base_top4,p1_15232,random_deletion,0.4,0.9999934832255045
dinov2_base_top4,p1_15232,random_deletion,0.6,0.9999942779541016
dinov2_base_top4,p1_15232,random_deletion,0.8,0.9999977747599283
dinov2_base_top4,p1_15232,random_deletion,1.0,0.9999921719233195
dinov2_base_top4,p1_15326,deletion,0.0,0.9999752839406332
dinov2_base_top4,p1_15326,deletion,0.1,0.9815562963485718
dinov2_base_top4,p1_15326,deletion,0.2,0.559612900018692
dinov2_base_top4,p1_15326,deletion,0.4,0.6534137725830078
dinov2_base_top4,p1_15326,deletion,0.6,0.2616684411962827
dinov2_base_top4,p1_15326,deletion,0.8,0.310425295184056
dinov2_base_top4,p1_15326,deletion,1.0,0.00033706200823265436
dinov2_base_top4,p1_15326,insertion,0.0,0.00033706200823265436
dinov2_base_top4,p1_15326,insertion,0.1,0.7144805391629537
dinov2_base_top4,p1_15326,insertion,0.2,0.9843658010164896
dinov2_base_top4,p1_15326,insertion,0.4,0.9785135984420776
dinov2_base_top4,p1_15326,insertion,0.6,0.9995925823847452
dinov2_base_top4,p1_15326,insertion,0.8,0.9999163349469503
dinov2_base_top4,p1_15326,insertion,1.0,0.9999752839406332
dinov2_base_top4,p1_15326,random_deletion,0.0,0.9999752839406332
dinov2_base_top4,p1_15326,random_deletion,0.1,0.9998822013537089
dinov2_base_top4,p1_15326,random_deletion,0.2,0.9997626741727194
dinov2_base_top4,p1_15326,random_deletion,0.4,0.9997552037239075
dinov2_base_top4,p1_15326,random_deletion,0.6,0.983357310295105
dinov2_base_top4,p1_15326,random_deletion,0.8,0.9471336205800375
dinov2_base_top4,p1_15326,random_deletion,1.0,0.00033706200823265436
dinov2_base_top4,p1_15393,deletion,0.0,0.9999824364980062
dinov2_base_top4,p1_15393,deletion,0.1,0.9754517475763956
dinov2_base_top4,p1_15393,deletion,0.2,0.9893500010172526
dinov2_base_top4,p1_15393,deletion,0.4,0.9949849446614584
dinov2_base_top4,p1_15393,deletion,0.6,0.997348964214325
dinov2_base_top4,p1_15393,deletion,0.8,0.9986189405123392
dinov2_base_top4,p1_15393,deletion,1.0,0.9998813072840372
dinov2_base_top4,p1_15393,insertion,0.0,0.9998813072840372
dinov2_base_top4,p1_15393,insertion,0.1,0.9999756018320719
dinov2_base_top4,p1_15393,insertion,0.2,0.9999812444051107
dinov2_base_top4,p1_15393,insertion,0.4,0.9999678532282511
dinov2_base_top4,p1_15393,insertion,0.6,0.9999857743581136
dinov2_base_top4,p1_15393,insertion,0.8,0.9999950726826986
dinov2_base_top4,p1_15393,insertion,1.0,0.9999824364980062
dinov2_base_top4,p1_15393,random_deletion,0.0,0.9999824364980062
dinov2_base_top4,p1_15393,random_deletion,0.1,0.9999869664510092
dinov2_base_top4,p1_15393,random_deletion,0.2,0.9999898274739584
dinov2_base_top4,p1_15393,random_deletion,0.4,0.9999854564666748
dinov2_base_top4,p1_15393,random_deletion,0.6,0.943505048751831
dinov2_base_top4,p1_15393,random_deletion,0.8,0.9970330993334452
dinov2_base_top4,p1_15393,random_deletion,1.0,0.9998813072840372
dinov2_base_top4,p1_15777,deletion,0.0,0.9989452958106995
dinov2_base_top4,p1_15777,deletion,0.1,0.9986275831858317
dinov2_base_top4,p1_15777,deletion,0.2,0.9985583225886027
dinov2_base_top4,p1_15777,deletion,0.4,0.9940452377001444
dinov2_base_top4,p1_15777,deletion,0.6,0.9864086111386617
dinov2_base_top4,p1_15777,deletion,0.8,0.9984603921572367
dinov2_base_top4,p1_15777,deletion,1.0,0.9980563124020895
dinov2_base_top4,p1_15777,insertion,0.0,0.9980563124020895
dinov2_base_top4,p1_15777,insertion,0.1,0.9994913538297018
dinov2_base_top4,p1_15777,insertion,0.2,0.9993012348810831
dinov2_base_top4,p1_15777,insertion,0.4,0.9980141520500183
dinov2_base_top4,p1_15777,insertion,0.6,0.9990203777949015
dinov2_base_top4,p1_15777,insertion,0.8,0.9993221362431844
dinov2_base_top4,p1_15777,insertion,1.0,0.9989452958106995
dinov2_base_top4,p1_15777,random_deletion,0.0,0.9989452958106995
dinov2_base_top4,p1_15777,random_deletion,0.1,0.9986860354741415
dinov2_base_top4,p1_15777,random_deletion,0.2,0.9993262887001038
dinov2_base_top4,p1_15777,random_deletion,0.4,0.9986485441525778
dinov2_base_top4,p1_15777,random_deletion,0.6,0.9982815583546957
dinov2_base_top4,p1_15777,random_deletion,0.8,0.9932914773623148
dinov2_base_top4,p1_15777,random_deletion,1.0,0.9980563124020895
dinov2_base_top4,p1_16050,deletion,0.0,0.9999979734420776
dinov2_base_top4,p1_16050,deletion,0.1,0.9999995231628418
dinov2_base_top4,p1_16050,deletion,0.2,0.9999996026357015
dinov2_base_top4,p1_16050,deletion,0.4,0.9979929327964783
dinov2_base_top4,p1_16050,deletion,0.6,0.9998552997907003
dinov2_base_top4,p1_16050,deletion,0.8,0.9987985293070475
dinov2_base_top4,p1_16050,deletion,1.0,0.9978881478309631
dinov2_base_top4,p1_16050,insertion,0.0,0.9978881478309631
dinov2_base_top4,p1_16050,insertion,0.1,0.9998250404993693
dinov2_base_top4,p1_16050,insertion,0.2,0.9999994436899821
dinov2_base_top4,p1_16050,insertion,0.4,0.9999988079071045
dinov2_base_top4,p1_16050,insertion,0.6,0.9999982913335165
dinov2_base_top4,p1_16050,insertion,0.8,0.9999977350234985
dinov2_base_top4,p1_16050,insertion,1.0,0.9999979734420776
dinov2_base_top4,p1_16050,random_deletion,0.0,0.9999979734420776
dinov2_base_top4,p1_16050,random_deletion,0.1,0.9999980529149374
dinov2_base_top4,p1_16050,random_deletion,0.2,0.9999988079071045
dinov2_base_top4,p1_16050,random_deletion,0.4,0.9999993244806925
dinov2_base_top4,p1_16050,random_deletion,0.6,0.9999923706054688
dinov2_base_top4,p1_16050,random_deletion,0.8,0.999842127164205
dinov2_base_top4,p1_16050,random_deletion,1.0,0.9978881478309631
dinov2_base_top4,p1_16139,deletion,0.0,0.9793937802314758
dinov2_base_top4,p1_16139,deletion,0.1,0.17450689089794955
dinov2_base_top4,p1_16139,deletion,0.2,0.004916474184331794
dinov2_base_top4,p1_16139,deletion,0.4,0.03784771263599396
dinov2_base_top4,p1_16139,deletion,0.6,0.004982634447515011
dinov2_base_top4,p1_16139,deletion,0.8,0.3656492531299591
dinov2_base_top4,p1_16139,deletion,1.0,0.9185742934544882
dinov2_base_top4,p1_16139,insertion,0.0,0.9185742934544882
dinov2_base_top4,p1_16139,insertion,0.1,0.7815791567166647
dinov2_base_top4,p1_16139,insertion,0.2,0.710638036330541
dinov2_base_top4,p1_16139,insertion,0.4,0.9162566065788269
dinov2_base_top4,p1_16139,insertion,0.6,0.8960139354070028
dinov2_base_top4,p1_16139,insertion,0.8,0.9835430979728699
dinov2_base_top4,p1_16139,insertion,1.0,0.9793937802314758
dinov2_base_top4,p1_16139,random_deletion,0.0,0.9793937802314758
dinov2_base_top4,p1_16139,random_deletion,0.1,0.8431385358174642
dinov2_base_top4,p1_16139,random_deletion,0.2,0.7915815909703573
dinov2_base_top4,p1_16139,random_deletion,0.4,0.29901732007662457
dinov2_base_top4,p1_16139,random_deletion,0.6,0.009781983525802692
dinov2_base_top4,p1_16139,random_deletion,0.8,0.01510600202406446
dinov2_base_top4,p1_16139,random_deletion,1.0,0.9185742934544882
dinov2_base_top4,p1_16365,deletion,0.0,0.999986489613851
dinov2_base_top4,p1_16365,deletion,0.1,0.9999905427296957
dinov2_base_top4,p1_16365,deletion,0.2,0.9999959866205851
dinov2_base_top4,p1_16365,deletion,0.4,0.9999970197677612
dinov2_base_top4,p1_16365,deletion,0.6,0.999997099240621
dinov2_base_top4,p1_16365,deletion,0.8,0.9999963839848837
dinov2_base_top4,p1_16365,deletion,1.0,0.999990979830424
dinov2_base_top4,p1_16365,insertion,0.0,0.999990979830424
dinov2_base_top4,p1_16365,insertion,0.1,0.9999975760777792
dinov2_base_top4,p1_16365,insertion,0.2,0.9999926884969076
dinov2_base_top4,p1_16365,insertion,0.4,0.9999866882960001
dinov2_base_top4,p1_16365,insertion,0.6,0.9999892314275106
dinov2_base_top4,p1_16365,insertion,0.8,0.9999883969624838
dinov2_base_top4,p1_16365,insertion,1.0,0.999986489613851
dinov2_base_top4,p1_16365,random_deletion,0.0,0.999986489613851
dinov2_base_top4,p1_16365,random_deletion,0.1,0.9999893109003702
dinov2_base_top4,p1_16365,random_deletion,0.2,0.9999868075052897
dinov2_base_top4,p1_16365,random_deletion,0.4,0.9999899864196777
dinov2_base_top4,p1_16365,random_deletion,0.6,0.9999925295511881
dinov2_base_top4,p1_16365,random_deletion,0.8,0.9999943574269613
dinov2_base_top4,p1_16365,random_deletion,1.0,0.999990979830424
dinov2_base_top4,p1_16433,deletion,0.0,0.9999887148539225
dinov2_base_top4,p1_16433,deletion,0.1,0.9999726613362631
dinov2_base_top4,p1_16433,deletion,0.2,0.9999403953552246
dinov2_base_top4,p1_16433,deletion,0.4,0.9999552965164185
dinov2_base_top4,p1_16433,deletion,0.6,0.9991041819254557
dinov2_base_top4,p1_16433,deletion,0.8,0.9993223349253336
dinov2_base_top4,p1_16433,deletion,1.0,0.9994064966837565
dinov2_base_top4,p1_16433,insertion,0.0,0.9994064966837565
dinov2_base_top4,p1_16433,insertion,0.1,0.9984585841496786
dinov2_base_top4,p1_16433,insertion,0.2,0.9999188184738159
dinov2_base_top4,p1_16433,insertion,0.4,0.999957283337911
dinov2_base_top4,p1_16433,insertion,0.6,0.9999866088231405
dinov2_base_top4,p1_16433,insertion,0.8,0.9999924898147583
dinov2_base_top4,p1_16433,insertion,1.0,0.9999887148539225
dinov2_base_top4,p1_16433,random_deletion,0.0,0.9999887148539225
dinov2_base_top4,p1_16433,random_deletion,0.1,0.9999812444051107
dinov2_base_top4,p1_16433,random_deletion,0.2,0.999982992808024
dinov2_base_top4,p1_16433,random_deletion,0.4,0.9999466339747111
dinov2_base_top4,p1_16433,random_deletion,0.6,0.9997271498044332
dinov2_base_top4,p1_16433,random_deletion,0.8,0.9996606906255087
dinov2_base_top4,p1_16433,random_deletion,1.0,0.9994064966837565
dinov2_base_top4,p1_16771,deletion,0.0,0.9999992450078329
dinov2_base_top4,p1_16771,deletion,0.1,0.999999205271403
dinov2_base_top4,p1_16771,deletion,0.2,0.9999985694885254
dinov2_base_top4,p1_16771,deletion,0.4,0.9999988476435343
dinov2_base_top4,p1_16771,deletion,0.6,0.9999952713648478
dinov2_base_top4,p1_16771,deletion,0.8,0.9999734163284302
dinov2_base_top4,p1_16771,deletion,1.0,0.999990979830424
dinov2_base_top4,p1_16771,insertion,0.0,0.999990979830424
dinov2_base_top4,p1_16771,insertion,0.1,0.9999961455663046
dinov2_base_top4,p1_16771,insertion,0.2,0.9999968608220419
dinov2_base_top4,p1_16771,insertion,0.4,0.999995748202006
dinov2_base_top4,p1_16771,insertion,0.6,0.9999969800313314
dinov2_base_top4,p1_16771,insertion,0.8,0.999998927116394
dinov2_base_top4,p1_16771,insertion,1.0,0.9999992450078329
dinov2_base_top4,p1_16771,random_deletion,0.0,0.9999992450078329
dinov2_base_top4,p1_16771,random_deletion,0.1,0.9999988873799642
dinov2_base_top4,p1_16771,random_deletion,0.2,0.9999990065892538
dinov2_base_top4,p1_16771,random_deletion,0.4,0.9999967416127523
dinov2_base_top4,p1_16771,random_deletion,0.6,0.9999929269154867
dinov2_base_top4,p1_16771,random_deletion,0.8,0.9999923706054688
dinov2_base_top4,p1_16771,random_deletion,1.0,0.999990979830424
dinov2_base_top4,p1_17150,deletion,0.0,0.7217326561609904
dinov2_base_top4,p1_17150,deletion,0.1,0.788450022538503
dinov2_base_top4,p1_17150,deletion,0.2,0.93897412220637
dinov2_base_top4,p1_17150,deletion,0.4,0.9790693124135336
dinov2_base_top4,p1_17150,deletion,0.6,0.9997090697288513
dinov2_base_top4,p1_17150,deletion,0.8,0.9992011785507202
dinov2_base_top4,p1_17150,deletion,1.0,0.9979627132415771
dinov2_base_top4,p1_17150,insertion,0.0,0.9979627132415771
dinov2_base_top4,p1_17150,insertion,0.1,0.8992606600125631
dinov2_base_top4,p1_17150,insertion,0.2,0.9096941947937012
dinov2_base_top4,p1_17150,insertion,0.4,0.8266651431719462
dinov2_base_top4,p1_17150,insertion,0.6,0.7910292347272238
dinov2_base_top4,p1_17150,insertion,0.8,0.7479542891184489
dinov2_base_top4,p1_17150,insertion,1.0,0.7217326561609904
dinov2_base_top4,p1_17150,random_deletion,0.0,0.7217326561609904
dinov2_base_top4,p1_17150,random_deletion,0.1,0.7668657302856445
dinov2_base_top4,p1_17150,random_deletion,0.2,0.8174806435902914
dinov2_base_top4,p1_17150,random_deletion,0.4,0.8871008157730103
dinov2_base_top4,p1_17150,random_deletion,0.6,0.982329785823822
dinov2_base_top4,p1_17150,random_deletion,0.8,0.9959414402643839
dinov2_base_top4,p1_17150,random_deletion,1.0,0.9979627132415771
dinov2_base_top4,p1_17228,deletion,0.0,0.9993901451428732
dinov2_base_top4,p1_17228,deletion,0.1,0.9986264904340109
dinov2_base_top4,p1_17228,deletion,0.2,0.9993528326352438
dinov2_base_top4,p1_17228,deletion,0.4,0.9993866880734762
dinov2_base_top4,p1_17228,deletion,0.6,0.9987952510515848
dinov2_base_top4,p1_17228,deletion,0.8,0.9921703934669495
dinov2_base_top4,p1_17228,deletion,1.0,0.997594972451528
dinov2_base_top4,p1_17228,insertion,0.0,0.997594972451528
dinov2_base_top4,p1_17228,insertion,0.1,0.9990730881690979
dinov2_base_top4,p1_17228,insertion,0.2,0.999260405699412
dinov2_base_top4,p1_17228,insertion,0.4,0.9994824330012003
dinov2_base_top4,p1_17228,insertion,0.6,0.9996011257171631
dinov2_base_top4,p1_17228,insertion,0.8,0.9992979764938354
dinov2_base_top4,p1_17228,insertion,1.0,0.9993901451428732
dinov2_base_top4,p1_17228,random_deletion,0.0,0.9993901451428732
dinov2_base_top4,p1_17228,random_deletion,0.1,0.9987188577651978
dinov2_base_top4,p1_17228,random_deletion,0.2,0.9990174571673075
dinov2_base_top4,p1_17228,random_deletion,0.4,0.9989073872566223
dinov2_base_top4,p1_17228,random_deletion,0.6,0.999697228272756
dinov2_base_top4,p1_17228,random_deletion,0.8,0.9992828369140625
dinov2_base_top4,p1_17228,random_deletion,1.0,0.997594972451528
dinov2_base_top4,p1_17240,deletion,0.0,0.9999650716781616
dinov2_base_top4,p1_17240,deletion,0.1,0.999970555305481
dinov2_base_top4,p1_17240,deletion,0.2,0.999978224436442
dinov2_base_top4,p1_17240,deletion,0.4,0.9999704758326212
dinov2_base_top4,p1_17240,deletion,0.6,0.9999016722043356
dinov2_base_top4,p1_17240,deletion,0.8,0.9978854854901632
dinov2_base_top4,p1_17240,deletion,1.0,0.999953548113505
dinov2_base_top4,p1_17240,insertion,0.0,0.999953548113505
dinov2_base_top4,p1_17240,insertion,0.1,0.9998832543691
dinov2_base_top4,p1_17240,insertion,0.2,0.9999765952428182
dinov2_base_top4,p1_17240,insertion,0.4,0.9999728997548422
dinov2_base_top4,p1_17240,insertion,0.6,0.9999822378158569
dinov2_base_top4,p1_17240,insertion,0.8,0.9999762376149496
dinov2_base_top4,p1_17240,insertion,1.0,0.9999650716781616
dinov2_base_top4,p1_17240,random_deletion,0.0,0.9999650716781616
dinov2_base_top4,p1_17240,random_deletion,0.1,0.9999729792277018
dinov2_base_top4,p1_17240,random_deletion,0.2,0.9999740918477377
dinov2_base_top4,p1_17240,random_deletion,0.4,0.9999467929204305
dinov2_base_top4,p1_17240,random_deletion,0.6,0.9999251365661621
dinov2_base_top4,p1_17240,random_deletion,0.8,0.9981443484624227
dinov2_base_top4,p1_17240,random_deletion,1.0,0.999953548113505
dinov2_base_top4,p1_17356,deletion,0.0,0.9999954303105673
dinov2_base_top4,p1_17356,deletion,0.1,0.9999917348225912
dinov2_base_top4,p1_17356,deletion,0.2,0.9999924898147583
dinov2_base_top4,p1_17356,deletion,0.4,0.9999939600626627
dinov2_base_top4,p1_17356,deletion,0.6,0.9999969800313314
dinov2_base_top4,p1_17356,deletion,0.8,0.9992032249768575
dinov2_base_top4,p1_17356,deletion,1.0,0.9999984900156657
dinov2_base_top4,p1_17356,insertion,0.0,0.9999984900156657
dinov2_base_top4,p1_17356,insertion,0.1,0.9999991257985433
dinov2_base_top4,p1_17356,insertion,0.2,0.9999994039535522
dinov2_base_top4,p1_17356,insertion,0.4,0.9999966224034628
dinov2_base_top4,p1_17356,insertion,0.6,0.9999948740005493
dinov2_base_top4,p1_17356,insertion,0.8,0.9999943574269613
dinov2_base_top4,p1_17356,insertion,1.0,0.9999954303105673
dinov2_base_top4,p1_17356,random_deletion,0.0,0.9999954303105673
dinov2_base_top4,p1_17356,random_deletion,0.1,0.999992569287618
dinov2_base_top4,p1_17356,random_deletion,0.2,0.9999930461247762
dinov2_base_top4,p1_17356,random_deletion,0.4,0.9999887943267822
dinov2_base_top4,p1_17356,random_deletion,0.6,0.9999951918919882
dinov2_base_top4,p1_17356,random_deletion,0.8,0.9999072154362997
dinov2_base_top4,p1_17356,random_deletion,1.0,0.9999984900156657
dinov2_base_top4,p1_17358,deletion,0.0,0.9999955892562866
dinov2_base_top4,p1_17358,deletion,0.1,0.9999778270721436
dinov2_base_top4,p1_17358,deletion,0.2,0.9999698797861735
dinov2_base_top4,p1_17358,deletion,0.4,0.9987980326016744
dinov2_base_top4,p1_17358,deletion,0.6,0.7643885413805643
dinov2_base_top4,p1_17358,deletion,0.8,0.05174272942046324
dinov2_base_top4,p1_17358,deletion,1.0,0.7387924393018087
dinov2_base_top4,p1_17358,insertion,0.0,0.7387924393018087
dinov2_base_top4,p1_17358,insertion,0.1,0.9997679193814596
dinov2_base_top4,p1_17358,insertion,0.2,0.999185582002004
dinov2_base_top4,p1_17358,insertion,0.4,0.9999285936355591
dinov2_base_top4,p1_17358,insertion,0.6,0.9999780257542928
dinov2_base_top4,p1_17358,insertion,0.8,0.9999895890553793
dinov2_base_top4,p1_17358,insertion,1.0,0.9999955892562866
dinov2_base_top4,p1_17358,random_deletion,0.0,0.9999955892562866
dinov2_base_top4,p1_17358,random_deletion,0.1,0.9999963045120239
dinov2_base_top4,p1_17358,random_deletion,0.2,0.9999919335047404
dinov2_base_top4,p1_17358,random_deletion,0.4,0.9999883572260538
dinov2_base_top4,p1_17358,random_deletion,0.6,0.9999411900838217
dinov2_base_top4,p1_17358,random_deletion,0.8,0.9959955215454102
dinov2_base_top4,p1_17358,random_deletion,1.0,0.7387924393018087
dinov2_base_top4,p1_17593,deletion,0.0,0.9999972979227701
dinov2_base_top4,p1_17593,deletion,0.1,0.9999965031941732
dinov2_base_top4,p1_17593,deletion,0.2,0.9999970197677612
dinov2_base_top4,p1_17593,deletion,0.4,0.9999770720799764
dinov2_base_top4,p1_17593,deletion,0.6,0.9998699227968851
dinov2_base_top4,p1_17593,deletion,0.8,0.9951799710591634
dinov2_base_top4,p1_17593,deletion,1.0,0.9986657698949178
dinov2_base_top4,p1_17593,insertion,0.0,0.9986657698949178
dinov2_base_top4,p1_17593,insertion,0.1,0.9996419548988342
dinov2_base_top4,p1_17593,insertion,0.2,0.9999812841415405
dinov2_base_top4,p1_17593,insertion,0.4,0.9999867677688599
dinov2_base_top4,p1_17593,insertion,0.6,0.9999955892562866
dinov2_base_top4,p1_17593,insertion,0.8,0.9999959468841553
dinov2_base_top4,p1_17593,insertion,1.0,0.9999972979227701
dinov2_base_top4,p1_17593,random_deletion,0.0,0.9999972979227701
dinov2_base_top4,p1_17593,random_deletion,0.1,0.9999951521555582
dinov2_base_top4,p1_17593,random_deletion,0.2,0.9999980926513672
dinov2_base_top4,p1_17593,random_deletion,0.4,0.9999984900156657
dinov2_base_top4,p1_17593,random_deletion,0.6,0.9999978939692179
dinov2_base_top4,p1_17593,random_deletion,0.8,0.9999866088231405
dinov2_base_top4,p1_17593,random_deletion,1.0,0.9986657698949178
dinov2_base_top4,p1_17651,deletion,0.0,0.9912783900896708
dinov2_base_top4,p1_17651,deletion,0.1,0.9354133208592733
dinov2_base_top4,p1_17651,deletion,0.2,0.4502815802892049
dinov2_base_top4,p1_17651,deletion,0.4,0.00886138016358018
dinov2_base_top4,p1_17651,deletion,0.6,0.006149766830882679
dinov2_base_top4,p1_17651,deletion,0.8,0.008856895690162977
dinov2_base_top4,p1_17651,deletion,1.0,0.007692405565952261
dinov2_base_top4,p1_17651,insertion,0.0,0.007692405565952261
dinov2_base_top4,p1_17651,insertion,0.1,0.9658434192339579
dinov2_base_top4,p1_17651,insertion,0.2,0.9952369928359985
dinov2_base_top4,p1_17651,insertion,0.4,0.9883245428403219
dinov2_base_top4,p1_17651,insertion,0.6,0.9855238000551859
dinov2_base_top4,p1_17651,insertion,0.8,0.9878888726234436
dinov2_base_top4,p1_17651,insertion,1.0,0.9912783900896708
dinov2_base_top4,p1_17651,random_deletion,0.0,0.9912783900896708
dinov2_base_top4,p1_17651,random_deletion,0.1,0.9617627263069153
dinov2_base_top4,p1_17651,random_deletion,0.2,0.9839457869529724
dinov2_base_top4,p1_17651,random_deletion,0.4,0.8676499525705973
dinov2_base_top4,p1_17651,random_deletion,0.6,0.4498321811358134
dinov2_base_top4,p1_17651,random_deletion,0.8,0.21582707266012827
dinov2_base_top4,p1_17651,random_deletion,1.0,0.007692405565952261
dinov2_base_top4,p1_17747,deletion,0.0,0.9995779991149902
dinov2_base_top4,p1_17747,deletion,0.1,0.9963653683662415
dinov2_base_top4,p1_17747,deletion,0.2,0.9826025565465292
dinov2_base_top4,p1_17747,deletion,0.4,0.9682344595591227
dinov2_base_top4,p1_17747,deletion,0.6,0.9877222776412964
dinov2_base_top4,p1_17747,deletion,0.8,0.9446008801460266
dinov2_base_top4,p1_17747,deletion,1.0,0.9861545960108439
dinov2_base_top4,p1_17747,insertion,0.0,0.9861545960108439
dinov2_base_top4,p1_17747,insertion,0.1,0.9558120568593343
dinov2_base_top4,p1_17747,insertion,0.2,0.9740607142448425
dinov2_base_top4,p1_17747,insertion,0.4,0.9659765164057413
dinov2_base_top4,p1_17747,insertion,0.6,0.9980836113293966
dinov2_base_top4,p1_17747,insertion,0.8,0.999109943707784
dinov2_base_top4,p1_17747,insertion,1.0,0.9995779991149902
dinov2_base_top4,p1_17747,random_deletion,0.0,0.9995779991149902
dinov2_base_top4,p1_17747,random_deletion,0.1,0.9996251662572225
dinov2_base_top4,p1_17747,random_deletion,0.2,0.999443511168162
dinov2_base_top4,p1_17747,random_deletion,0.4,0.9989872574806213
dinov2_base_top4,p1_17747,random_deletion,0.6,0.9983228047688802
dinov2_base_top4,p1_17747,random_deletion,0.8,0.9973430434862772
dinov2_base_top4,p1_17747,random_deletion,1.0,0.9861545960108439
dinov2_base_top4,p1_17749,deletion,0.0,0.999948779741923
dinov2_base_top4,p1_17749,deletion,0.1,0.9998513658841451
dinov2_base_top4,p1_17749,deletion,0.2,0.9988332788149515
dinov2_base_top4,p1_17749,deletion,0.4,0.998848040898641
dinov2_base_top4,p1_17749,deletion,0.6,0.9996810952822367
dinov2_base_top4,p1_17749,deletion,0.8,0.999254067738851
dinov2_base_top4,p1_17749,deletion,1.0,0.9993945956230164
dinov2_base_top4,p1_17749,insertion,0.0,0.9993945956230164
dinov2_base_top4,p1_17749,insertion,0.1,0.9971716602643331
dinov2_base_top4,p1_17749,insertion,0.2,0.9628424445788065
dinov2_base_top4,p1_17749,insertion,0.4,0.9986841877301534
dinov2_base_top4,p1_17749,insertion,0.6,0.9998127818107605
dinov2_base_top4,p1_17749,insertion,0.8,0.9999133547147115
dinov2_base_top4,p1_17749,insertion,1.0,0.999948779741923
dinov2_base_top4,p1_17749,random_deletion,0.0,0.999948779741923
dinov2_base_top4,p1_17749,random_deletion,0.1,0.9999699195226034
dinov2_base_top4,p1_17749,random_deletion,0.2,0.9999789794286092
dinov2_base_top4,p1_17749,random_deletion,0.4,0.9999524354934692
dinov2_base_top4,p1_17749,random_deletion,0.6,0.9999237457911173
dinov2_base_top4,p1_17749,random_deletion,0.8,0.9980570673942566
dinov2_base_top4,p1_17749,random_deletion,1.0,0.9993945956230164
dinov2_base_top4,p1_18189,deletion,0.0,0.8188024163246155
dinov2_base_top4,p1_18189,deletion,0.1,0.9985956350962321
dinov2_base_top4,p1_18189,deletion,0.2,0.9958136677742004
dinov2_base_top4,p1_18189,deletion,0.4,0.8015613357226054
dinov2_base_top4,p1_18189,deletion,0.6,0.16622774178783098
dinov2_base_top4,p1_18189,deletion,0.8,0.022042210524280865
dinov2_base_top4,p1_18189,deletion,1.0,0.994252343972524
dinov2_base_top4,p1_18189,insertion,0.0,0.994252343972524
dinov2_base_top4,p1_18189,insertion,0.1,0.5381154219309489
dinov2_base_top4,p1_18189,insertion,0.2,0.9588994979858398
dinov2_base_top4,p1_18189,insertion,0.4,0.9769545793533325
dinov2_base_top4,p1_18189,insertion,0.6,0.905824601650238
dinov2_base_top4,p1_18189,insertion,0.8,0.8376214702924093
dinov2_base_top4,p1_18189,insertion,1.0,0.8188024163246155
dinov2_base_top4,p1_18189,random_deletion,0.0,0.8188024163246155
dinov2_base_top4,p1_18189,random_deletion,0.1,0.87210081020991
dinov2_base_top4,p1_18189,random_deletion,0.2,0.899656355381012
dinov2_base_top4,p1_18189,random_deletion,0.4,0.9885853330294291
dinov2_base_top4,p1_18189,random_deletion,0.6,0.9285727938016256
dinov2_base_top4,p1_18189,random_deletion,0.8,0.5465874671936035
dinov2_base_top4,p1_18189,random_deletion,1.0,0.994252343972524
dinov2_base_top4,p1_18412,deletion,0.0,0.9999969005584717
dinov2_base_top4,p1_18412,deletion,0.1,0.9999895890553793
dinov2_base_top4,p1_18412,deletion,0.2,0.9999319314956665
dinov2_base_top4,p1_18412,deletion,0.4,0.999163289864858
dinov2_base_top4,p1_18412,deletion,0.6,0.9883817434310913
dinov2_base_top4,p1_18412,deletion,0.8,0.9781485398610433
dinov2_base_top4,p1_18412,deletion,1.0,0.9996693929036459
dinov2_base_top4,p1_18412,insertion,0.0,0.9996693929036459
dinov2_base_top4,p1_18412,insertion,0.1,0.9948153495788574
dinov2_base_top4,p1_18412,insertion,0.2,0.9998941818873087
dinov2_base_top4,p1_18412,insertion,0.4,0.9999457995096842
dinov2_base_top4,p1_18412,insertion,0.6,0.9999914964040121
dinov2_base_top4,p1_18412,insertion,0.8,0.9999937216440836
dinov2_base_top4,p1_18412,insertion,1.0,0.9999969005584717
dinov2_base_top4,p1_18412,random_deletion,0.0,0.9999969005584717
dinov2_base_top4,p1_18412,random_deletion,0.1,0.9999903440475464
dinov2_base_top4,p1_18412,random_deletion,0.2,0.9999896287918091
dinov2_base_top4,p1_18412,random_deletion,0.4,0.9991011023521423
dinov2_base_top4,p1_18412,random_deletion,0.6,0.9977177977561951
dinov2_base_top4,p1_18412,random_deletion,0.8,0.9438251455624899
dinov2_base_top4,p1_18412,random_deletion,1.0,0.9996693929036459
dinov2_base_top4,p1_18438,deletion,0.0,0.9680362741152445
dinov2_base_top4,p1_18438,deletion,0.1,0.9792343775431315
dinov2_base_top4,p1_18438,deletion,0.2,0.8715055783589681
dinov2_base_top4,p1_18438,deletion,0.4,0.7498607436815897
dinov2_base_top4,p1_18438,deletion,0.6,0.9875319997469584
dinov2_base_top4,p1_18438,deletion,0.8,0.14271437376737595
dinov2_base_top4,p1_18438,deletion,1.0,0.9991615811983744
dinov2_base_top4,p1_18438,insertion,0.0,0.9991615811983744
dinov2_base_top4,p1_18438,insertion,0.1,0.9971973896026611
dinov2_base_top4,p1_18438,insertion,0.2,0.9995003938674927
dinov2_base_top4,p1_18438,insertion,0.4,0.9832504987716675
dinov2_base_top4,p1_18438,insertion,0.6,0.9785672426223755
dinov2_base_top4,p1_18438,insertion,0.8,0.9788327813148499
dinov2_base_top4,p1_18438,insertion,1.0,0.9680362741152445
dinov2_base_top4,p1_18438,random_deletion,0.0,0.9680362741152445
dinov2_base_top4,p1_18438,random_deletion,0.1,0.9620930353800455
dinov2_base_top4,p1_18438,random_deletion,0.2,0.9679641922314962
dinov2_base_top4,p1_18438,random_deletion,0.4,0.9984208941459656
dinov2_base_top4,p1_18438,random_deletion,0.6,0.9995043079058329
dinov2_base_top4,p1_18438,random_deletion,0.8,0.9885846177736918
dinov2_base_top4,p1_18438,random_deletion,1.0,0.9991615811983744
dinov2_base_top4,p1_18473,deletion,0.0,0.9994986653327942
dinov2_base_top4,p1_18473,deletion,0.1,0.9998541076978048
dinov2_base_top4,p1_18473,deletion,0.2,0.9997389316558838
dinov2_base_top4,p1_18473,deletion,0.4,0.9992809693018595
dinov2_base_top4,p1_18473,deletion,0.6,0.9952764312426249
dinov2_base_top4,p1_18473,deletion,0.8,0.9942755103111267
dinov2_base_top4,p1_18473,deletion,1.0,0.989226758480072
dinov2_base_top4,p1_18473,insertion,0.0,0.989226758480072
dinov2_base_top4,p1_18473,insertion,0.1,0.9955344994862875
dinov2_base_top4,p1_18473,insertion,0.2,0.997636099656423
dinov2_base_top4,p1_18473,insertion,0.4,0.9989787737528483
dinov2_base_top4,p1_18473,insertion,0.6,0.9995328386624655
dinov2_base_top4,p1_18473,insertion,0.8,0.9993669191996256
dinov2_base_top4,p1_18473,insertion,1.0,0.9994986653327942
dinov2_base_top4,p1_18473,random_deletion,0.0,0.9994986653327942
dinov2_base_top4,p1_18473,random_deletion,0.1,0.9995701511700948
dinov2_base_top4,p1_18473,random_deletion,0.2,0.9994680285453796
dinov2_base_top4,p1_18473,random_deletion,0.4,0.9996596574783325
dinov2_base_top4,p1_18473,random_deletion,0.6,0.9990912874539694
dinov2_base_top4,p1_18473,random_deletion,0.8,0.9983611504236857
dinov2_base_top4,p1_18473,random_deletion,1.0,0.989226758480072
dinov2_base_top4,p1_18650,deletion,0.0,0.9999071756998698
dinov2_base_top4,p1_18650,deletion,0.1,0.9999609788258871
dinov2_base_top4,p1_18650,deletion,0.2,0.9999433755874634
dinov2_base_top4,p1_18650,deletion,0.4,0.9998600880304972
dinov2_base_top4,p1_18650,deletion,0.6,0.3220556825399399
dinov2_base_top4,p1_18650,deletion,0.8,0.9574672182401022
dinov2_base_top4,p1_18650,deletion,1.0,0.9909714261690775
dinov2_base_top4,p1_18650,insertion,0.0,0.9909714261690775
dinov2_base_top4,p1_18650,insertion,0.1,0.9994354844093323
dinov2_base_top4,p1_18650,insertion,0.2,0.9999839067459106
dinov2_base_top4,p1_18650,insertion,0.4,0.9999765157699585
dinov2_base_top4,p1_18650,insertion,0.6,0.9998757640520731
dinov2_base_top4,p1_18650,insertion,0.8,0.9998422265052795
dinov2_base_top4,p1_18650,insertion,1.0,0.9999071756998698
dinov2_base_top4,p1_18650,random_deletion,0.0,0.9999071756998698
dinov2_base_top4,p1_18650,random_deletion,0.1,0.9999732573827108
dinov2_base_top4,p1_18650,random_deletion,0.2,0.9999882380167643
dinov2_base_top4,p1_18650,random_deletion,0.4,0.9999650716781616
dinov2_base_top4,p1_18650,random_deletion,0.6,0.9980663259824117
dinov2_base_top4,p1_18650,random_deletion,0.8,0.9989364941914877
dinov2_base_top4,p1_18650,random_deletion,1.0,0.9909714261690775
dinov2_base_top4,p1_18717,deletion,0.0,0.9551692207654318
dinov2_base_top4,p1_18717,deletion,0.1,0.9909883340199789
dinov2_base_top4,p1_18717,deletion,0.2,0.9999001224835714
dinov2_base_top4,p1_18717,deletion,0.4,0.9998290141423544
dinov2_base_top4,p1_18717,deletion,0.6,0.9998424053192139
dinov2_base_top4,p1_18717,deletion,0.8,0.9998141527175903
dinov2_base_top4,p1_18717,deletion,1.0,0.9984333316485087
dinov2_base_top4,p1_18717,insertion,0.0,0.9984333316485087
dinov2_base_top4,p1_18717,insertion,0.1,0.9990364114443461
dinov2_base_top4,p1_18717,insertion,0.2,0.9559463858604431
dinov2_base_top4,p1_18717,insertion,0.4,0.9043142994244894
dinov2_base_top4,p1_18717,insertion,0.6,0.8818360567092896
dinov2_base_top4,p1_18717,insertion,0.8,0.94139031569163
dinov2_base_top4,p1_18717,insertion,1.0,0.9551692207654318
dinov2_base_top4,p1_18717,random_deletion,0.0,0.9551692207654318
dinov2_base_top4,p1_18717,random_deletion,0.1,0.9761078755060831
dinov2_base_top4,p1_18717,random_deletion,0.2,0.9463035861651102
dinov2_base_top4,p1_18717,random_deletion,0.4,0.9827888607978821
dinov2_base_top4,p1_18717,random_deletion,0.6,0.9996916850407919
dinov2_base_top4,p1_18717,random_deletion,0.8,0.9998956720034281
dinov2_base_top4,p1_18717,random_deletion,1.0,0.9984333316485087
dinov2_base_top4,p1_18852,deletion,0.0,0.9999986886978149
dinov2_base_top4,p1_18852,deletion,0.1,0.9999938408533732
dinov2_base_top4,p1_18852,deletion,0.2,0.9999963839848837
dinov2_base_top4,p1_18852,deletion,0.4,0.9999943176905314
dinov2_base_top4,p1_18852,deletion,0.6,0.9999793767929077
dinov2_base_top4,p1_18852,deletion,0.8,0.3066050869723161
dinov2_base_top4,p1_18852,deletion,1.0,0.688448429107666
dinov2_base_top4,p1_18852,insertion,0.0,0.688448429107666
dinov2_base_top4,p1_18852,insertion,0.1,0.5409898310899734
dinov2_base_top4,p1_18852,insertion,0.2,0.8667059143384298
dinov2_base_top4,p1_18852,insertion,0.4,0.9913626511891683
dinov2_base_top4,p1_18852,insertion,0.6,0.9999366998672485
dinov2_base_top4,p1_18852,insertion,0.8,0.9999972184499105
dinov2_base_top4,p1_18852,insertion,1.0,0.9999986886978149
dinov2_base_top4,p1_18852,random_deletion,0.0,0.9999986886978149
dinov2_base_top4,p1_18852,random_deletion,0.1,0.9999974171320597
dinov2_base_top4,p1_18852,random_deletion,0.2,0.9999929269154867
dinov2_base_top4,p1_18852,random_deletion,0.4,0.9999049703280131
dinov2_base_top4,p1_18852,random_deletion,0.6,0.999961773554484
dinov2_base_top4,p1_18852,random_deletion,0.8,0.877038300037384
dinov2_base_top4,p1_18852,random_deletion,1.0,0.688448429107666
dinov2_base_top4,p1_18956,deletion,0.0,0.9999974568684896
dinov2_base_top4,p1_18956,deletion,0.1,0.9999988873799642
dinov2_base_top4,p1_18956,deletion,0.2,0.999998927116394
dinov2_base_top4,p1_18956,deletion,0.4,0.9999996026357015
dinov2_base_top4,p1_18956,deletion,0.6,0.9999994039535522
dinov2_base_top4,p1_18956,deletion,0.8,0.999994953473409
dinov2_base_top4,p1_18956,deletion,1.0,0.9999987284342448
dinov2_base_top4,p1_18956,insertion,0.0,0.9999987284342448
dinov2_base_top4,p1_18956,insertion,0.1,0.9999969800313314
dinov2_base_top4,p1_18956,insertion,0.2,0.9999926090240479
dinov2_base_top4,p1_18956,insertion,0.4,0.9999685684839884
dinov2_base_top4,p1_18956,insertion,0.6,0.9999728997548422
dinov2_base_top4,p1_18956,insertion,0.8,0.9999922513961792
dinov2_base_top4,p1_18956,insertion,1.0,0.9999974568684896
dinov2_base_top4,p1_18956,random_deletion,0.0,0.9999974568684896
dinov2_base_top4,p1_18956,random_deletion,0.1,0.9999927282333374
dinov2_base_top4,p1_18956,random_deletion,0.2,0.9999943574269613
dinov2_base_top4,p1_18956,random_deletion,0.4,0.9999918142954508
dinov2_base_top4,p1_18956,random_deletion,0.6,0.9999965826670328
dinov2_base_top4,p1_18956,random_deletion,0.8,0.999998410542806
dinov2_base_top4,p1_18956,random_deletion,1.0,0.9999987284342448
dinov2_base_top4,p1_19358,deletion,0.0,0.9999361832936605
dinov2_base_top4,p1_19358,deletion,0.1,0.9999295075734457
dinov2_base_top4,p1_19358,deletion,0.2,0.9998822013537089
dinov2_base_top4,p1_19358,deletion,0.4,0.9999612172444662
dinov2_base_top4,p1_19358,deletion,0.6,0.9999613364537557
dinov2_base_top4,p1_19358,deletion,0.8,0.9998941421508789
dinov2_base_top4,p1_19358,deletion,1.0,0.9999454418818156
dinov2_base_top4,p1_19358,insertion,0.0,0.9999454418818156
dinov2_base_top4,p1_19358,insertion,0.1,0.9996340274810791
dinov2_base_top4,p1_19358,insertion,0.2,0.99978639682134
dinov2_base_top4,p1_19358,insertion,0.4,0.9999106526374817
dinov2_base_top4,p1_19358,insertion,0.6,0.9998717506726583
dinov2_base_top4,p1_19358,insertion,0.8,0.9999132553736368
dinov2_base_top4,p1_19358,insertion,1.0,0.9999361832936605
dinov2_base_top4,p1_19358,random_deletion,0.0,0.9999361832936605
dinov2_base_top4,p1_19358,random_deletion,0.1,0.9999293486277262
dinov2_base_top4,p1_19358,random_deletion,0.2,0.999950130780538
dinov2_base_top4,p1_19358,random_deletion,0.4,0.9999647537867228
dinov2_base_top4,p1_19358,random_deletion,0.6,0.9999778668085734
dinov2_base_top4,p1_19358,random_deletion,0.8,0.9998582601547241
dinov2_base_top4,p1_19358,random_deletion,1.0,0.9999454418818156
dinov2_base_top4,p1_19579,deletion,0.0,0.9999979337056478
dinov2_base_top4,p1_19579,deletion,0.1,0.9999972979227701
dinov2_base_top4,p1_19579,deletion,0.2,0.9999977747599283
dinov2_base_top4,p1_19579,deletion,0.4,0.9999974568684896
dinov2_base_top4,p1_19579,deletion,0.6,0.9987714886665344
dinov2_base_top4,p1_19579,deletion,0.8,0.9999845425287882
dinov2_base_top4,p1_19579,deletion,1.0,0.9999849796295166
dinov2_base_top4,p1_19579,insertion,0.0,0.9999849796295166
dinov2_base_top4,p1_19579,insertion,0.1,0.9999918142954508
dinov2_base_top4,p1_19579,insertion,0.2,0.9999269644419352
dinov2_base_top4,p1_19579,insertion,0.4,0.9996248086293539
dinov2_base_top4,p1_19579,insertion,0.6,0.9999931653340658
dinov2_base_top4,p1_19579,insertion,0.8,0.9999972979227701
dinov2_base_top4,p1_19579,insertion,1.0,0.9999979337056478
dinov2_base_top4,p1_19579,random_deletion,0.0,0.9999979337056478
dinov2_base_top4,p1_19579,random_deletion,0.1,0.9999982515970866
dinov2_base_top4,p1_19579,random_deletion,0.2,0.9999988476435343
dinov2_base_top4,p1_19579,random_deletion,0.4,0.9999986092249552
dinov2_base_top4,p1_19579,random_deletion,0.6,0.9999980926513672
dinov2_base_top4,p1_19579,random_deletion,0.8,0.9998487631479899
dinov2_base_top4,p1_19579,random_deletion,1.0,0.9999849796295166
dinov2_base_top4,p1_19612,deletion,0.0,0.9999988476435343
dinov2_base_top4,p1_19612,deletion,0.1,0.999982992808024
dinov2_base_top4,p1_19612,deletion,0.2,0.9999374945958456
dinov2_base_top4,p1_19612,deletion,0.4,0.9747013052304586
dinov2_base_top4,p1_19612,deletion,0.6,0.7539643545945486
dinov2_base_top4,p1_19612,deletion,0.8,0.987207849820455
dinov2_base_top4,p1_19612,deletion,1.0,0.9999928871790568
dinov2_base_top4,p1_19612,insertion,0.0,0.9999928871790568
dinov2_base_top4,p1_19612,insertion,0.1,0.9999968210856119
dinov2_base_top4,p1_19612,insertion,0.2,0.9999992450078329
dinov2_base_top4,p1_19612,insertion,0.4,0.999998410542806
dinov2_base_top4,p1_19612,insertion,0.6,0.9999995628992716
dinov2_base_top4,p1_19612,insertion,0.8,0.9999986886978149
dinov2_base_top4,p1_19612,insertion,1.0,0.9999988476435343
dinov2_base_top4,p1_19612,random_deletion,0.0,0.9999988476435343
dinov2_base_top4,p1_19612,random_deletion,0.1,0.9999989668528239
dinov2_base_top4,p1_19612,random_deletion,0.2,0.9999977747599283
dinov2_base_top4,p1_19612,random_deletion,0.4,0.9999980529149374
dinov2_base_top4,p1_19612,random_deletion,0.6,0.9999943176905314
dinov2_base_top4,p1_19612,random_deletion,0.8,0.999994953473409
dinov2_base_top4,p1_19612,random_deletion,1.0,0.9999928871790568
dinov2_base_top4,p1_19664,deletion,0.0,0.999998132387797
dinov2_base_top4,p1_19664,deletion,0.1,0.999988317489624
dinov2_base_top4,p1_19664,deletion,0.2,0.9994931618372599
dinov2_base_top4,p1_19664,deletion,0.4,0.909632662932078
dinov2_base_top4,p1_19664,deletion,0.6,0.009254922003795704
dinov2_base_top4,p1_19664,deletion,0.8,0.014661122113466263
dinov2_base_top4,p1_19664,deletion,1.0,0.2030459257463614
dinov2_base_top4,p1_19664,insertion,0.0,0.2030459257463614
dinov2_base_top4,p1_19664,insertion,0.1,0.9883723855018616
dinov2_base_top4,p1_19664,insertion,0.2,0.9998585979143778
dinov2_base_top4,p1_19664,insertion,0.4,0.9999625285466512
dinov2_base_top4,p1_19664,insertion,0.6,0.9999808470408121
dinov2_base_top4,p1_19664,insertion,0.8,0.9999943574269613
dinov2_base_top4,p1_19664,insertion,1.0,0.999998132387797
dinov2_base_top4,p1_19664,random_deletion,0.0,0.999998132387797
dinov2_base_top4,p1_19664,random_deletion,0.1,0.9999935626983643
dinov2_base_top4,p1_19664,random_deletion,0.2,0.9999899466832479
dinov2_base_top4,p1_19664,random_deletion,0.4,0.9999128182729086
dinov2_base_top4,p1_19664,random_deletion,0.6,0.9999318917592367
dinov2_base_top4,p1_19664,random_deletion,0.8,0.9353069067001343
dinov2_base_top4,p1_19664,random_deletion,1.0,0.2030459257463614
dinov2_base_top4,p1_19682,deletion,0.0,0.9999974568684896
dinov2_base_top4,p1_19682,deletion,0.1,0.9999976952870687
dinov2_base_top4,p1_19682,deletion,0.2,0.9999991655349731
dinov2_base_top4,p1_19682,deletion,0.4,0.9999987284342448
dinov2_base_top4,p1_19682,deletion,0.6,0.9999992450078329
dinov2_base_top4,p1_19682,deletion,0.8,0.9999944766362509
dinov2_base_top4,p1_19682,deletion,1.0,0.9999955892562866
dinov2_base_top4,p1_19682,insertion,0.0,0.9999955892562866
dinov2_base_top4,p1_19682,insertion,0.1,0.9999863704045614
dinov2_base_top4,p1_19682,insertion,0.2,0.9999810059865316
dinov2_base_top4,p1_19682,insertion,0.4,0.9999972581863403
dinov2_base_top4,p1_19682,insertion,0.6,0.9999983310699463
dinov2_base_top4,p1_19682,insertion,0.8,0.9999983310699463
dinov2_base_top4,p1_19682,insertion,1.0,0.9999974568684896
dinov2_base_top4,p1_19682,random_deletion,0.0,0.9999974568684896
dinov2_base_top4,p1_19682,random_deletion,0.1,0.999998927116394
dinov2_base_top4,p1_19682,random_deletion,0.2,0.9999993244806925
dinov2_base_top4,p1_19682,random_deletion,0.4,0.9999993642171224
dinov2_base_top4,p1_19682,random_deletion,0.6,0.9999993244806925
dinov2_base_top4,p1_19682,random_deletion,0.8,0.9999981721242269
dinov2_base_top4,p1_19682,random_deletion,1.0,0.9999955892562866
dinov2_base_top4,p1_19943,deletion,0.0,0.9999988476435343
dinov2_base_top4,p1_19943,deletion,0.1,0.9999992847442627
dinov2_base_top4,p1_19943,deletion,0.2,0.9999994436899821
dinov2_base_top4,p1_19943,deletion,0.4,0.9999990860621134
dinov2_base_top4,p1_19943,deletion,0.6,0.9999995628992716
dinov2_base_top4,p1_19943,deletion,0.8,0.9938447078069051
dinov2_base_top4,p1_19943,deletion,1.0,0.9999668995539347
dinov2_base_top4,p1_19943,insertion,0.0,0.9999668995539347
dinov2_base_top4,p1_19943,insertion,0.1,0.9992874463399252
dinov2_base_top4,p1_19943,insertion,0.2,0.9992294708887736
dinov2_base_top4,p1_19943,insertion,0.4,0.9999955097834269
dinov2_base_top4,p1_19943,insertion,0.6,0.9999969800313314
dinov2_base_top4,p1_19943,insertion,0.8,0.999998927116394
dinov2_base_top4,p1_19943,insertion,1.0,0.9999988476435343
dinov2_base_top4,p1_19943,random_deletion,0.0,0.9999988476435343
dinov2_base_top4,p1_19943,random_deletion,0.1,0.9999991257985433
dinov2_base_top4,p1_19943,random_deletion,0.2,0.9999993642171224
dinov2_base_top4,p1_19943,random_deletion,0.4,0.9999990860621134
dinov2_base_top4,p1_19943,random_deletion,0.6,0.9999966224034628
dinov2_base_top4,p1_19943,random_deletion,0.8,0.9999885161717733
dinov2_base_top4,p1_19943,random_deletion,1.0,0.9999668995539347
dinov2_base_top4,p1_20106,deletion,0.0,0.9999995628992716
dinov2_base_top4,p1_20106,deletion,0.1,0.9999992847442627
dinov2_base_top4,p1_20106,deletion,0.2,0.9999971787134806
dinov2_base_top4,p1_20106,deletion,0.4,0.9999955892562866
dinov2_base_top4,p1_20106,deletion,0.6,0.9995851516723633
dinov2_base_top4,p1_20106,deletion,0.8,0.9994946718215942
dinov2_base_top4,p1_20106,deletion,1.0,0.9999731779098511
dinov2_base_top4,p1_20106,insertion,0.0,0.9999731779098511
dinov2_base_top4,p1_20106,insertion,0.1,0.998883068561554
dinov2_base_top4,p1_20106,insertion,0.2,0.999988873799642
dinov2_base_top4,p1_20106,insertion,0.4,0.9999959468841553
dinov2_base_top4,p1_20106,insertion,0.6,0.9999979734420776
dinov2_base_top4,p1_20106,insertion,0.8,0.9999990860621134
dinov2_base_top4,p1_20106,insertion,1.0,0.9999995628992716
dinov2_base_top4,p1_20106,random_deletion,0.0,0.9999995628992716
dinov2_base_top4,p1_20106,random_deletion,0.1,0.9999995231628418
dinov2_base_top4,p1_20106,random_deletion,0.2,0.999999483426412
dinov2_base_top4,p1_20106,random_deletion,0.4,0.9999983708063761
dinov2_base_top4,p1_20106,random_deletion,0.6,0.9999571243921915
dinov2_base_top4,p1_20106,random_deletion,0.8,0.9997477332750956
dinov2_base_top4,p1_20106,random_deletion,1.0,0.9999731779098511
dinov2_base_top4,p1_20516,deletion,0.0,0.9999928871790568
dinov2_base_top4,p1_20516,deletion,0.1,0.9999862909317017
dinov2_base_top4,p1_20516,deletion,0.2,0.9999657869338989
dinov2_base_top4,p1_20516,deletion,0.4,0.9999032020568848
dinov2_base_top4,p1_20516,deletion,0.6,0.9860095580418905
dinov2_base_top4,p1_20516,deletion,0.8,0.9998117884000143
dinov2_base_top4,p1_20516,deletion,1.0,0.9998438954353333
dinov2_base_top4,p1_20516,insertion,0.0,0.9998438954353333
dinov2_base_top4,p1_20516,insertion,0.1,0.9999970197677612
dinov2_base_top4,p1_20516,insertion,0.2,0.9999917348225912
dinov2_base_top4,p1_20516,insertion,0.4,0.9999890724817911
dinov2_base_top4,p1_20516,insertion,0.6,0.9999899466832479
dinov2_base_top4,p1_20516,insertion,0.8,0.9999926090240479
dinov2_base_top4,p1_20516,insertion,1.0,0.9999928871790568
dinov2_base_top4,p1_20516,random_deletion,0.0,0.9999928871790568
dinov2_base_top4,p1_20516,random_deletion,0.1,0.9999910593032837
dinov2_base_top4,p1_20516,random_deletion,0.2,0.9999827941258749
dinov2_base_top4,p1_20516,random_deletion,0.4,0.9999624093373617
dinov2_base_top4,p1_20516,random_deletion,0.6,0.9999775091807047
dinov2_base_top4,p1_20516,random_deletion,0.8,0.9999662240346273
dinov2_base_top4,p1_20516,random_deletion,1.0,0.9998438954353333
dinov2_base_top4,p1_20561,deletion,0.0,0.999304453531901
dinov2_base_top4,p1_20561,deletion,0.1,0.9996856053670248
dinov2_base_top4,p1_20561,deletion,0.2,0.9997854431470236
dinov2_base_top4,p1_20561,deletion,0.4,0.999122162659963
dinov2_base_top4,p1_20561,deletion,0.6,0.9967314799626669
dinov2_base_top4,p1_20561,deletion,0.8,0.9974024494489034
dinov2_base_top4,p1_20561,deletion,1.0,0.9990347226460775
dinov2_base_top4,p1_20561,insertion,0.0,0.9990347226460775
dinov2_base_top4,p1_20561,insertion,0.1,0.9991500576337179
dinov2_base_top4,p1_20561,insertion,0.2,0.9985939065615336
dinov2_base_top4,p1_20561,insertion,0.4,0.9994401733080546
dinov2_base_top4,p1_20561,insertion,0.6,0.9996418356895447
dinov2_base_top4,p1_20561,insertion,0.8,0.9995546539624532
dinov2_base_top4,p1_20561,insertion,1.0,0.999304453531901
dinov2_base_top4,p1_20561,random_deletion,0.0,0.999304453531901
dinov2_base_top4,p1_20561,random_deletion,0.1,0.9994902412096659
dinov2_base_top4,p1_20561,random_deletion,0.2,0.9995507796605428
dinov2_base_top4,p1_20561,random_deletion,0.4,0.9997418522834778
dinov2_base_top4,p1_20561,random_deletion,0.6,0.9989311496416727
dinov2_base_top4,p1_20561,random_deletion,0.8,0.9995618065198263
dinov2_base_top4,p1_20561,random_deletion,1.0,0.9990347226460775
dinov2_base_top4,p1_20622,deletion,0.0,0.9941634138425192
dinov2_base_top4,p1_20622,deletion,0.1,0.973219652970632
dinov2_base_top4,p1_20622,deletion,0.2,0.5895048876603445
dinov2_base_top4,p1_20622,deletion,0.4,0.3418117165565491
dinov2_base_top4,p1_20622,deletion,0.6,0.37028220916787785
dinov2_base_top4,p1_20622,deletion,0.8,0.6213807016611099
dinov2_base_top4,p1_20622,deletion,1.0,0.9161905646324158
dinov2_base_top4,p1_20622,insertion,0.0,0.9161905646324158
dinov2_base_top4,p1_20622,insertion,0.1,0.970029890537262
dinov2_base_top4,p1_20622,insertion,0.2,0.8742803732554117
dinov2_base_top4,p1_20622,insertion,0.4,0.9376012484232584
dinov2_base_top4,p1_20622,insertion,0.6,0.9543306827545166
dinov2_base_top4,p1_20622,insertion,0.8,0.9816891948382059
dinov2_base_top4,p1_20622,insertion,1.0,0.9941634138425192
dinov2_base_top4,p1_20622,random_deletion,0.0,0.9941634138425192
dinov2_base_top4,p1_20622,random_deletion,0.1,0.9480210940043131
dinov2_base_top4,p1_20622,random_deletion,0.2,0.9854345122973124
dinov2_base_top4,p1_20622,random_deletion,0.4,0.9508077502250671
dinov2_base_top4,p1_20622,random_deletion,0.6,0.9542564153671265
dinov2_base_top4,p1_20622,random_deletion,0.8,0.9572752118110657
dinov2_base_top4,p1_20622,random_deletion,1.0,0.9161905646324158
dinov2_base_top4,p1_20720,deletion,0.0,0.45473146438598633
dinov2_base_top4,p1_20720,deletion,0.1,0.034839739324525
dinov2_base_top4,p1_20720,deletion,0.2,0.07157502796811362
dinov2_base_top4,p1_20720,deletion,0.4,0.006888089160687135
dinov2_base_top4,p1_20720,deletion,0.6,0.006415074729981522
dinov2_base_top4,p1_20720,deletion,0.8,0.004257799863504867
dinov2_base_top4,p1_20720,deletion,1.0,0.03214277218406399
dinov2_base_top4,p1_20720,insertion,0.0,0.03214277218406399
dinov2_base_top4,p1_20720,insertion,0.1,0.006953519380961855
dinov2_base_top4,p1_20720,insertion,0.2,0.0866523093233506
dinov2_base_top4,p1_20720,insertion,0.4,0.4924091597398122
dinov2_base_top4,p1_20720,insertion,0.6,0.36387477318445843
dinov2_base_top4,p1_20720,insertion,0.8,0.3833187421162923
dinov2_base_top4,p1_20720,insertion,1.0,0.45473146438598633
dinov2_base_top4,p1_20720,random_deletion,0.0,0.45473146438598633
dinov2_base_top4,p1_20720,random_deletion,0.1,0.2969391644001007
dinov2_base_top4,p1_20720,random_deletion,0.2,0.28710058331489563
dinov2_base_top4,p1_20720,random_deletion,0.4,0.005480442079715431
dinov2_base_top4,p1_20720,random_deletion,0.6,0.013643381224634746
dinov2_base_top4,p1_20720,random_deletion,0.8,0.009759650944033638
dinov2_base_top4,p1_20720,random_deletion,1.0,0.03214277218406399
dinov2_base_top4,p1_20784,deletion,0.0,0.9999967813491821
dinov2_base_top4,p1_20784,deletion,0.1,0.9999879598617554
dinov2_base_top4,p1_20784,deletion,0.2,0.9997834165891012
dinov2_base_top4,p1_20784,deletion,0.4,0.999782939751943
dinov2_base_top4,p1_20784,deletion,0.6,0.999194860458374
dinov2_base_top4,p1_20784,deletion,0.8,0.9412785172462463
dinov2_base_top4,p1_20784,deletion,1.0,0.9998555779457092
dinov2_base_top4,p1_20784,insertion,0.0,0.9998555779457092
dinov2_base_top4,p1_20784,insertion,0.1,0.9999984900156657
dinov2_base_top4,p1_20784,insertion,0.2,0.9999984900156657
dinov2_base_top4,p1_20784,insertion,0.4,0.9999898672103882
dinov2_base_top4,p1_20784,insertion,0.6,0.9999949137369791
dinov2_base_top4,p1_20784,insertion,0.8,0.999994158744812
dinov2_base_top4,p1_20784,insertion,1.0,0.9999967813491821
dinov2_base_top4,p1_20784,random_deletion,0.0,0.9999967813491821
dinov2_base_top4,p1_20784,random_deletion,0.1,0.9999956687291464
dinov2_base_top4,p1_20784,random_deletion,0.2,0.9999939203262329
dinov2_base_top4,p1_20784,random_deletion,0.4,0.9999872843424479
dinov2_base_top4,p1_20784,random_deletion,0.6,0.999985933303833
dinov2_base_top4,p1_20784,random_deletion,0.8,0.999990185101827
dinov2_base_top4,p1_20784,random_deletion,1.0,0.9998555779457092
dinov2_base_top4,p1_20795,deletion,0.0,0.9999750455220541
dinov2_base_top4,p1_20795,deletion,0.1,0.9999951124191284
dinov2_base_top4,p1_20795,deletion,0.2,0.9999972979227701
dinov2_base_top4,p1_20795,deletion,0.4,0.9999950726826986
dinov2_base_top4,p1_20795,deletion,0.6,0.9992623527844747
dinov2_base_top4,p1_20795,deletion,0.8,0.9997740785280863
dinov2_base_top4,p1_20795,deletion,1.0,0.9999364217122396
dinov2_base_top4,p1_20795,insertion,0.0,0.9999364217122396
dinov2_base_top4,p1_20795,insertion,0.1,0.9998239080111185
dinov2_base_top4,p1_20795,insertion,0.2,0.9999940395355225
dinov2_base_top4,p1_20795,insertion,0.4,0.9999537070592245
dinov2_base_top4,p1_20795,insertion,0.6,0.9999467929204305
dinov2_base_top4,p1_20795,insertion,0.8,0.9999781052271525
dinov2_base_top4,p1_20795,insertion,1.0,0.9999750455220541
dinov2_base_top4,p1_20795,random_deletion,0.0,0.9999750455220541
dinov2_base_top4,p1_20795,random_deletion,0.1,0.9999972979227701
dinov2_base_top4,p1_20795,random_deletion,0.2,0.9999972979227701
dinov2_base_top4,p1_20795,random_deletion,0.4,0.9999956289927164
dinov2_base_top4,p1_20795,random_deletion,0.6,0.999997059504191
dinov2_base_top4,p1_20795,random_deletion,0.8,0.9999922513961792
dinov2_base_top4,p1_20795,random_deletion,1.0,0.9999364217122396
dinov2_base_top4,p1_20815,deletion,0.0,0.9999984900156657
dinov2_base_top4,p1_20815,deletion,0.1,0.9999986886978149
dinov2_base_top4,p1_20815,deletion,0.2,0.9999987284342448
dinov2_base_top4,p1_20815,deletion,0.4,0.9999992847442627
dinov2_base_top4,p1_20815,deletion,0.6,0.9999990463256836
dinov2_base_top4,p1_20815,deletion,0.8,0.9999982515970866
dinov2_base_top4,p1_20815,deletion,1.0,0.9999988873799642
dinov2_base_top4,p1_20815,insertion,0.0,0.9999988873799642
dinov2_base_top4,p1_20815,insertion,0.1,0.9999982913335165
dinov2_base_top4,p1_20815,insertion,0.2,0.9999984900156657
dinov2_base_top4,p1_20815,insertion,0.4,0.9991143345832825
dinov2_base_top4,p1_20815,insertion,0.6,0.9999826749165853
dinov2_base_top4,p1_20815,insertion,0.8,0.9999982913335165
dinov2_base_top4,p1_20815,insertion,1.0,0.9999984900156657
dinov2_base_top4,p1_20815,random_deletion,0.0,0.9999984900156657
dinov2_base_top4,p1_20815,random_deletion,0.1,0.9999990860621134
dinov2_base_top4,p1_20815,random_deletion,0.2,0.9999990463256836
dinov2_base_top4,p1_20815,random_deletion,0.4,0.9999994039535522
dinov2_base_top4,p1_20815,random_deletion,0.6,0.999999483426412
dinov2_base_top4,p1_20815,random_deletion,0.8,0.9999980926513672
dinov2_base_top4,p1_20815,random_deletion,1.0,0.9999988873799642
dinov2_base_top4,p1_20869,deletion,0.0,0.9998917977015177
dinov2_base_top4,p1_20869,deletion,0.1,0.9896923899650574
dinov2_base_top4,p1_20869,deletion,0.2,0.9890079100926717
dinov2_base_top4,p1_20869,deletion,0.4,0.9968269268671671
dinov2_base_top4,p1_20869,deletion,0.6,0.9999575217564901
dinov2_base_top4,p1_20869,deletion,0.8,0.9996333718299866
dinov2_base_top4,p1_20869,deletion,1.0,0.999993085861206
dinov2_base_top4,p1_20869,insertion,0.0,0.999993085861206
dinov2_base_top4,p1_20869,insertion,0.1,0.999996026357015
dinov2_base_top4,p1_20869,insertion,0.2,0.9999594688415527
dinov2_base_top4,p1_20869,insertion,0.4,0.9998970627784729
dinov2_base_top4,p1_20869,insertion,0.6,0.9997459053993225
dinov2_base_top4,p1_20869,insertion,0.8,0.9998541673024496
dinov2_base_top4,p1_20869,insertion,1.0,0.9998917977015177
dinov2_base_top4,p1_20869,random_deletion,0.0,0.9998917977015177
dinov2_base_top4,p1_20869,random_deletion,0.1,0.9999712308247884
dinov2_base_top4,p1_20869,random_deletion,0.2,0.9999643564224243
dinov2_base_top4,p1_20869,random_deletion,0.4,0.9999590714772543
dinov2_base_top4,p1_20869,random_deletion,0.6,0.9998274644215902
dinov2_base_top4,p1_20869,random_deletion,0.8,0.9995458126068115
dinov2_base_top4,p1_20869,random_deletion,1.0,0.999993085861206
dinov2_base_top4,p1_20899,deletion,0.0,0.9999717473983765
dinov2_base_top4,p1_20899,deletion,0.1,0.9999818404515585
dinov2_base_top4,p1_20899,deletion,0.2,0.9998342792193095
dinov2_base_top4,p1_20899,deletion,0.4,0.9932515819867452
dinov2_base_top4,p1_20899,deletion,0.6,0.8262400031089783
dinov2_base_top4,p1_20899,deletion,0.8,0.49884961048762005
dinov2_base_top4,p1_20899,deletion,1.0,0.9182459910710653
dinov2_base_top4,p1_20899,insertion,0.0,0.9182459910710653
dinov2_base_top4,p1_20899,insertion,0.1,0.9692837397257487
dinov2_base_top4,p1_20899,insertion,0.2,0.9997608860333761
dinov2_base_top4,p1_20899,insertion,0.4,0.9999805688858032
dinov2_base_top4,p1_20899,insertion,0.6,0.9999814828236898
dinov2_base_top4,p1_20899,insertion,0.8,0.9999550183614095
dinov2_base_top4,p1_20899,insertion,1.0,0.9999717473983765
dinov2_base_top4,p1_20899,random_deletion,0.0,0.9999717473983765
dinov2_base_top4,p1_20899,random_deletion,0.1,0.9999935229619344
dinov2_base_top4,p1_20899,random_deletion,0.2,0.9999909400939941
dinov2_base_top4,p1_20899,random_deletion,0.4,0.9998168547948202
dinov2_base_top4,p1_20899,random_deletion,0.6,0.9987618923187256
dinov2_base_top4,p1_20899,random_deletion,0.8,0.9705077012379965
dinov2_base_top4,p1_20899,random_deletion,1.0,0.9182459910710653
dinov2_base_top4,p1_21122,deletion,0.0,0.9997607469558716
dinov2_base_top4,p1_21122,deletion,0.1,0.9999050696690878
dinov2_base_top4,p1_21122,deletion,0.2,0.9998856584231058
dinov2_base_top4,p1_21122,deletion,0.4,0.9998823801676432
dinov2_base_top4,p1_21122,deletion,0.6,0.999892512957255
dinov2_base_top4,p1_21122,deletion,0.8,0.9997063279151917
dinov2_base_top4,p1_21122,deletion,1.0,0.9999872048695883
dinov2_base_top4,p1_21122,insertion,0.0,0.9999872048695883
dinov2_base_top4,p1_21122,insertion,0.1,0.9992327888806661
dinov2_base_top4,p1_21122,insertion,0.2,0.9999839067459106
dinov2_base_top4,p1_21122,insertion,0.4,0.9999521573384603
dinov2_base_top4,p1_21122,insertion,0.6,0.9999340772628784
dinov2_base_top4,p1_21122,insertion,0.8,0.9997899333635966
dinov2_base_top4,p1_21122,insertion,1.0,0.9997607469558716
dinov2_base_top4,p1_21122,random_deletion,0.0,0.9997607469558716
dinov2_base_top4,p1_21122,random_deletion,0.1,0.9998140335083008
dinov2_base_top4,p1_21122,random_deletion,0.2,0.9998853007952372
dinov2_base_top4,p1_21122,random_deletion,0.4,0.9998274842898051
dinov2_base_top4,p1_21122,random_deletion,0.6,0.999972422917684
dinov2_base_top4,p1_21122,random_deletion,0.8,0.9999528725941976
dinov2_base_top4,p1_21122,random_deletion,1.0,0.9999872048695883
dinov2_base_top4,p1_21492,deletion,0.0,0.9999998410542806
dinov2_base_top4,p1_21492,deletion,0.1,0.9999998410542806
dinov2_base_top4,p1_21492,deletion,0.2,0.9999998410542806
dinov2_base_top4,p1_21492,deletion,0.4,0.9999998013178507
dinov2_base_top4,p1_21492,deletion,0.6,0.9999997615814209
dinov2_base_top4,p1_21492,deletion,0.8,0.9999992450078329
dinov2_base_top4,p1_21492,deletion,1.0,0.9999997218449911
dinov2_base_top4,p1_21492,insertion,0.0,0.9999997218449911
dinov2_base_top4,p1_21492,insertion,0.1,0.999998927116394
dinov2_base_top4,p1_21492,insertion,0.2,0.9999973376592001
dinov2_base_top4,p1_21492,insertion,0.4,0.9999992847442627
dinov2_base_top4,p1_21492,insertion,0.6,0.999999483426412
dinov2_base_top4,p1_21492,insertion,0.8,0.9999998013178507
dinov2_base_top4,p1_21492,insertion,1.0,0.9999998410542806
dinov2_base_top4,p1_21492,random_deletion,0.0,0.9999998410542806
dinov2_base_top4,p1_21492,random_deletion,0.1,0.9999997615814209
dinov2_base_top4,p1_21492,random_deletion,0.2,0.9999998410542806
dinov2_base_top4,p1_21492,random_deletion,0.4,0.9999999205271403
dinov2_base_top4,p1_21492,random_deletion,0.6,0.9999997218449911
dinov2_base_top4,p1_21492,random_deletion,0.8,0.9999998013178507
dinov2_base_top4,p1_21492,random_deletion,1.0,0.9999997218449911
dinov2_base_top4,p1_21643,deletion,0.0,0.9992395440737406
dinov2_base_top4,p1_21643,deletion,0.1,0.9998368223508199
dinov2_base_top4,p1_21643,deletion,0.2,0.999897301197052
dinov2_base_top4,p1_21643,deletion,0.4,0.999946395556132
dinov2_base_top4,p1_21643,deletion,0.6,0.9999711513519287
dinov2_base_top4,p1_21643,deletion,0.8,0.9999631643295288
dinov2_base_top4,p1_21643,deletion,1.0,0.9999111096064249
dinov2_base_top4,p1_21643,insertion,0.0,0.9999111096064249
dinov2_base_top4,p1_21643,insertion,0.1,0.9996859232584635
dinov2_base_top4,p1_21643,insertion,0.2,0.9996959368387858
dinov2_base_top4,p1_21643,insertion,0.4,0.9989923040072123
dinov2_base_top4,p1_21643,insertion,0.6,0.999534030755361
dinov2_base_top4,p1_21643,insertion,0.8,0.9990853071212769
dinov2_base_top4,p1_21643,insertion,1.0,0.9992395440737406
dinov2_base_top4,p1_21643,random_deletion,0.0,0.9992395440737406
dinov2_base_top4,p1_21643,random_deletion,0.1,0.9997469385464987
dinov2_base_top4,p1_21643,random_deletion,0.2,0.9998936851819357
dinov2_base_top4,p1_21643,random_deletion,0.4,0.9999699592590332
dinov2_base_top4,p1_21643,random_deletion,0.6,0.9999661842981974
dinov2_base_top4,p1_21643,random_deletion,0.8,0.9999749263127645
dinov2_base_top4,p1_21643,random_deletion,1.0,0.9999111096064249
dinov2_base_top4,p1_21703,deletion,0.0,0.9999792575836182
dinov2_base_top4,p1_21703,deletion,0.1,0.999980608622233
dinov2_base_top4,p1_21703,deletion,0.2,0.9999724626541138
dinov2_base_top4,p1_21703,deletion,0.4,0.9998738765716553
dinov2_base_top4,p1_21703,deletion,0.6,0.9982947508494059
dinov2_base_top4,p1_21703,deletion,0.8,0.9972097277641296
dinov2_base_top4,p1_21703,deletion,1.0,0.9988411863644918
dinov2_base_top4,p1_21703,insertion,0.0,0.9988411863644918
dinov2_base_top4,p1_21703,insertion,0.1,0.9955586194992065
dinov2_base_top4,p1_21703,insertion,0.2,0.9977872172991434
dinov2_base_top4,p1_21703,insertion,0.4,0.999694844086965
dinov2_base_top4,p1_21703,insertion,0.6,0.9999751249949137
dinov2_base_top4,p1_21703,insertion,0.8,0.9999688466389974
dinov2_base_top4,p1_21703,insertion,1.0,0.9999792575836182
dinov2_base_top4,p1_21703,random_deletion,0.0,0.9999792575836182
dinov2_base_top4,p1_21703,random_deletion,0.1,0.9999675750732422
dinov2_base_top4,p1_21703,random_deletion,0.2,0.9999550580978394
dinov2_base_top4,p1_21703,random_deletion,0.4,0.99993367989858
dinov2_base_top4,p1_21703,random_deletion,0.6,0.9992857575416565
dinov2_base_top4,p1_21703,random_deletion,0.8,0.9937755068143209
dinov2_base_top4,p1_21703,random_deletion,1.0,0.9988411863644918
dinov2_base_top4,p1_21897,deletion,0.0,0.9999650716781616
dinov2_base_top4,p1_21897,deletion,0.1,0.9999461571375529
dinov2_base_top4,p1_21897,deletion,0.2,0.9992042779922485
dinov2_base_top4,p1_21897,deletion,0.4,0.9972277283668518
dinov2_base_top4,p1_21897,deletion,0.6,0.9965808192888895
dinov2_base_top4,p1_21897,deletion,0.8,0.9799834489822388
dinov2_base_top4,p1_21897,deletion,1.0,0.9991100231806437
dinov2_base_top4,p1_21897,insertion,0.0,0.9991100231806437
dinov2_base_top4,p1_21897,insertion,0.1,0.9988265633583069
dinov2_base_top4,p1_21897,insertion,0.2,0.9996424118677775
dinov2_base_top4,p1_21897,insertion,0.4,0.9998709360758463
dinov2_base_top4,p1_21897,insertion,0.6,0.9998483459154764
dinov2_base_top4,p1_21897,insertion,0.8,0.9999405940373739
dinov2_base_top4,p1_21897,insertion,1.0,0.9999650716781616
dinov2_base_top4,p1_21897,random_deletion,0.0,0.9999650716781616
dinov2_base_top4,p1_21897,random_deletion,0.1,0.9999529918034872
dinov2_base_top4,p1_21897,random_deletion,0.2,0.9999508857727051
dinov2_base_top4,p1_21897,random_deletion,0.4,0.9998483061790466
dinov2_base_top4,p1_21897,random_deletion,0.6,0.9994387825330099
dinov2_base_top4,p1_21897,random_deletion,0.8,0.9979775150616964
dinov2_base_top4,p1_21897,random_deletion,1.0,0.9991100231806437
dinov2_base_top4,p1_22034,deletion,0.0,0.9999962250391642
dinov2_base_top4,p1_22034,deletion,0.1,0.9999982913335165
dinov2_base_top4,p1_22034,deletion,0.2,0.9999986489613851
dinov2_base_top4,p1_22034,deletion,0.4,0.9999998013178507
dinov2_base_top4,p1_22034,deletion,0.6,0.9999996026357015
dinov2_base_top4,p1_22034,deletion,0.8,0.9999409914016724
dinov2_base_top4,p1_22034,deletion,1.0,0.9999978939692179
dinov2_base_top4,p1_22034,insertion,0.0,0.9999978939692179
dinov2_base_top4,p1_22034,insertion,0.1,0.4197816972931226
dinov2_base_top4,p1_22034,insertion,0.2,0.8378803133964539
dinov2_base_top4,p1_22034,insertion,0.4,0.9994104504585266
dinov2_base_top4,p1_22034,insertion,0.6,0.9999961455663046
dinov2_base_top4,p1_22034,insertion,0.8,0.9999983310699463
dinov2_base_top4,p1_22034,insertion,1.0,0.9999962250391642
dinov2_base_top4,p1_22034,random_deletion,0.0,0.9999962250391642
dinov2_base_top4,p1_22034,random_deletion,0.1,0.9999974171320597
dinov2_base_top4,p1_22034,random_deletion,0.2,0.9999964634577433
dinov2_base_top4,p1_22034,random_deletion,0.4,0.99999471505483
dinov2_base_top4,p1_22034,random_deletion,0.6,0.9999990860621134
dinov2_base_top4,p1_22034,random_deletion,0.8,0.9999979734420776
dinov2_base_top4,p1_22034,random_deletion,1.0,0.9999978939692179
dinov2_base_top4,p1_22274,deletion,0.0,0.9999975363413492
dinov2_base_top4,p1_22274,deletion,0.1,0.9999977350234985
dinov2_base_top4,p1_22274,deletion,0.2,0.9999980529149374
dinov2_base_top4,p1_22274,deletion,0.4,0.9999985694885254
dinov2_base_top4,p1_22274,deletion,0.6,0.9999990463256836
dinov2_base_top4,p1_22274,deletion,0.8,0.99998939037323
dinov2_base_top4,p1_22274,deletion,1.0,0.9999953508377075
dinov2_base_top4,p1_22274,insertion,0.0,0.9999953508377075
dinov2_base_top4,p1_22274,insertion,0.1,0.999985138575236
dinov2_base_top4,p1_22274,insertion,0.2,0.9999740123748779
dinov2_base_top4,p1_22274,insertion,0.4,0.9998563726743063
dinov2_base_top4,p1_22274,insertion,0.6,0.9999919732411703
dinov2_base_top4,p1_22274,insertion,0.8,0.9999972184499105
dinov2_base_top4,p1_22274,insertion,1.0,0.9999975363413492
dinov2_base_top4,p1_22274,random_deletion,0.0,0.9999975363413492
dinov2_base_top4,p1_22274,random_deletion,0.1,0.999997099240621
dinov2_base_top4,p1_22274,random_deletion,0.2,0.999996542930603
dinov2_base_top4,p1_22274,random_deletion,0.4,0.9999980529149374
dinov2_base_top4,p1_22274,random_deletion,0.6,0.9999956687291464
dinov2_base_top4,p1_22274,random_deletion,0.8,0.9999961455663046
dinov2_base_top4,p1_22274,random_deletion,1.0,0.9999953508377075
dinov2_base_top4,p1_22293,deletion,0.0,0.85609898964564
dinov2_base_top4,p1_22293,deletion,0.1,0.19657913967967033
dinov2_base_top4,p1_22293,deletion,0.2,0.353910593315959
dinov2_base_top4,p1_22293,deletion,0.4,0.9357028007507324
dinov2_base_top4,p1_22293,deletion,0.6,0.9799093802769979
dinov2_base_top4,p1_22293,deletion,0.8,0.9819785753885905
dinov2_base_top4,p1_22293,deletion,1.0,0.20962621519962946
dinov2_base_top4,p1_22293,insertion,0.0,0.20962621519962946
dinov2_base_top4,p1_22293,insertion,0.1,0.9008298516273499
dinov2_base_top4,p1_22293,insertion,0.2,0.12312561770280202
dinov2_base_top4,p1_22293,insertion,0.4,0.13048526148001352
dinov2_base_top4,p1_22293,insertion,0.6,0.6021100083986918
dinov2_base_top4,p1_22293,insertion,0.8,0.5933153033256531
dinov2_base_top4,p1_22293,insertion,1.0,0.85609898964564
dinov2_base_top4,p1_22293,random_deletion,0.0,0.85609898964564
dinov2_base_top4,p1_22293,random_deletion,0.1,0.46766095360120136
dinov2_base_top4,p1_22293,random_deletion,0.2,0.4680772473414739
dinov2_base_top4,p1_22293,random_deletion,0.4,0.0990659271677335
dinov2_base_top4,p1_22293,random_deletion,0.6,0.1866335322459539
dinov2_base_top4,p1_22293,random_deletion,0.8,0.6851648489634196
dinov2_base_top4,p1_22293,random_deletion,1.0,0.20962621519962946
dinov2_base_top4,p1_22450,deletion,0.0,0.9987259109814962
dinov2_base_top4,p1_22450,deletion,0.1,0.9992203911145529
dinov2_base_top4,p1_22450,deletion,0.2,0.9968578020731608
dinov2_base_top4,p1_22450,deletion,0.4,0.9980601270993551
dinov2_base_top4,p1_22450,deletion,0.6,0.9967391490936279
dinov2_base_top4,p1_22450,deletion,0.8,0.9984980821609497
dinov2_base_top4,p1_22450,deletion,1.0,0.9960264762242635
dinov2_base_top4,p1_22450,insertion,0.0,0.9960264762242635
dinov2_base_top4,p1_22450,insertion,0.1,0.9997402826944987
dinov2_base_top4,p1_22450,insertion,0.2,0.998724083105723
dinov2_base_top4,p1_22450,insertion,0.4,0.9995940526326498
dinov2_base_top4,p1_22450,insertion,0.6,0.9996403455734253
dinov2_base_top4,p1_22450,insertion,0.8,0.9994852542877197
dinov2_base_top4,p1_22450,insertion,1.0,0.9987259109814962
dinov2_base_top4,p1_22450,random_deletion,0.0,0.9987259109814962
dinov2_base_top4,p1_22450,random_deletion,0.1,0.9993804891904196
dinov2_base_top4,p1_22450,random_deletion,0.2,0.9995304942131042
dinov2_base_top4,p1_22450,random_deletion,0.4,0.9996519883473715
dinov2_base_top4,p1_22450,random_deletion,0.6,0.999884565671285
dinov2_base_top4,p1_22450,random_deletion,0.8,0.9996702671051025
dinov2_base_top4,p1_22450,random_deletion,1.0,0.9960264762242635
dinov2_base_top4,p1_22625,deletion,0.0,0.9999965031941732
dinov2_base_top4,p1_22625,deletion,0.1,0.9999827941258749
dinov2_base_top4,p1_22625,deletion,0.2,0.999939759572347
dinov2_base_top4,p1_22625,deletion,0.4,0.9985444943110148
dinov2_base_top4,p1_22625,deletion,0.6,0.9960427085558573
dinov2_base_top4,p1_22625,deletion,0.8,0.9993913372357687
dinov2_base_top4,p1_22625,deletion,1.0,0.9999920527140299
dinov2_base_top4,p1_22625,insertion,0.0,0.9999920527140299
dinov2_base_top4,p1_22625,insertion,0.1,0.9999752044677734
dinov2_base_top4,p1_22625,insertion,0.2,0.9999937613805135
dinov2_base_top4,p1_22625,insertion,0.4,0.9999978542327881
dinov2_base_top4,p1_22625,insertion,0.6,0.9999985694885254
dinov2_base_top4,p1_22625,insertion,0.8,0.9999942382176717
dinov2_base_top4,p1_22625,insertion,1.0,0.9999965031941732
dinov2_base_top4,p1_22625,random_deletion,0.0,0.9999965031941732
dinov2_base_top4,p1_22625,random_deletion,0.1,0.9999901056289673
dinov2_base_top4,p1_22625,random_deletion,0.2,0.9999852180480957
dinov2_base_top4,p1_22625,random_deletion,0.4,0.9999790589014689
dinov2_base_top4,p1_22625,random_deletion,0.6,0.9993272225062052
dinov2_base_top4,p1_22625,random_deletion,0.8,0.9999363819758097
dinov2_base_top4,p1_22625,random_deletion,1.0,0.9999920527140299
dinov2_base_top4,p1_22668,deletion,0.0,0.9999974568684896
dinov2_base_top4,p1_22668,deletion,0.1,0.9999969005584717
dinov2_base_top4,p1_22668,deletion,0.2,0.9999936024347941
dinov2_base_top4,p1_22668,deletion,0.4,0.9999970197677612
dinov2_base_top4,p1_22668,deletion,0.6,0.9984039068222046
dinov2_base_top4,p1_22668,deletion,0.8,0.9998991290728251
dinov2_base_top4,p1_22668,deletion,1.0,0.9999960660934448
dinov2_base_top4,p1_22668,insertion,0.0,0.9999960660934448
dinov2_base_top4,p1_22668,insertion,0.1,0.9990607897440592
dinov2_base_top4,p1_22668,insertion,0.2,0.9998852213223776
dinov2_base_top4,p1_22668,insertion,0.4,0.9999550978342692
dinov2_base_top4,p1_22668,insertion,0.6,0.9999936819076538
dinov2_base_top4,p1_22668,insertion,0.8,0.9999961853027344
dinov2_base_top4,p1_22668,insertion,1.0,0.9999974568684896
dinov2_base_top4,p1_22668,random_deletion,0.0,0.9999974568684896
dinov2_base_top4,p1_22668,random_deletion,0.1,0.9999938408533732
dinov2_base_top4,p1_22668,random_deletion,0.2,0.9999905824661255
dinov2_base_top4,p1_22668,random_deletion,0.4,0.9999727408091227
dinov2_base_top4,p1_22668,random_deletion,0.6,0.9999245007832845
dinov2_base_top4,p1_22668,random_deletion,0.8,0.9999961058298746
dinov2_base_top4,p1_22668,random_deletion,1.0,0.9999960660934448
dinov2_base_top4,p1_22983,deletion,0.0,0.9999990860621134
dinov2_base_top4,p1_22983,deletion,0.1,0.999999483426412
dinov2_base_top4,p1_22983,deletion,0.2,0.999977191289266
dinov2_base_top4,p1_22983,deletion,0.4,0.9999977350234985
dinov2_base_top4,p1_22983,deletion,0.6,0.9999966621398926
dinov2_base_top4,p1_22983,deletion,0.8,0.9999889532725016
dinov2_base_top4,p1_22983,deletion,1.0,0.9999953508377075
dinov2_base_top4,p1_22983,insertion,0.0,0.9999953508377075
dinov2_base_top4,p1_22983,insertion,0.1,0.9999985694885254
dinov2_base_top4,p1_22983,insertion,0.2,0.9999996423721313
dinov2_base_top4,p1_22983,insertion,0.4,0.999997615814209
dinov2_base_top4,p1_22983,insertion,0.6,0.9999968608220419
dinov2_base_top4,p1_22983,insertion,0.8,0.9999983708063761
dinov2_base_top4,p1_22983,insertion,1.0,0.9999990860621134
dinov2_base_top4,p1_22983,random_deletion,0.0,0.9999990860621134
dinov2_base_top4,p1_22983,random_deletion,0.1,0.9999993244806925
dinov2_base_top4,p1_22983,random_deletion,0.2,0.9999994039535522
dinov2_base_top4,p1_22983,random_deletion,0.4,0.9999998013178507
dinov2_base_top4,p1_22983,random_deletion,0.6,0.9999998013178507
dinov2_base_top4,p1_22983,random_deletion,0.8,0.9999993642171224
dinov2_base_top4,p1_22983,random_deletion,1.0,0.9999953508377075
dinov2_base_top4,p1_23124,deletion,0.0,0.9999983708063761
dinov2_base_top4,p1_23124,deletion,0.1,0.9999978144963583
dinov2_base_top4,p1_23124,deletion,0.2,0.9999901453653971
dinov2_base_top4,p1_23124,deletion,0.4,0.9936661720275879
dinov2_base_top4,p1_23124,deletion,0.6,0.838802178700765
dinov2_base_top4,p1_23124,deletion,0.8,0.7344288428624471
dinov2_base_top4,p1_23124,deletion,1.0,0.9519763588905334
dinov2_base_top4,p1_23124,insertion,0.0,0.9519763588905334
dinov2_base_top4,p1_23124,insertion,0.1,0.3857618309557438
dinov2_base_top4,p1_23124,insertion,0.2,0.9154954353968302
dinov2_base_top4,p1_23124,insertion,0.4,0.9981239040692648
dinov2_base_top4,p1_23124,insertion,0.6,0.9999402761459351
dinov2_base_top4,p1_23124,insertion,0.8,0.999996026357015
dinov2_base_top4,p1_23124,insertion,1.0,0.9999983708063761
dinov2_base_top4,p1_23124,random_deletion,0.0,0.9999983708063761
dinov2_base_top4,p1_23124,random_deletion,0.1,0.9999969402949015
dinov2_base_top4,p1_23124,random_deletion,0.2,0.9999936024347941
dinov2_base_top4,p1_23124,random_deletion,0.4,0.9999854564666748
dinov2_base_top4,p1_23124,random_deletion,0.6,0.9972654183705648
dinov2_base_top4,p1_23124,random_deletion,0.8,0.23116308078169823
dinov2_base_top4,p1_23124,random_deletion,1.0,0.9519763588905334
dinov2_base_top4,p1_23163,deletion,0.0,0.9999926090240479
dinov2_base_top4,p1_23163,deletion,0.1,0.9999958674112955
dinov2_base_top4,p1_23163,deletion,0.2,0.9999938011169434
dinov2_base_top4,p1_23163,deletion,0.4,0.9961314797401428
dinov2_base_top4,p1_23163,deletion,0.6,0.9996453324953715
dinov2_base_top4,p1_23163,deletion,0.8,0.9999496142069498
dinov2_base_top4,p1_23163,deletion,1.0,0.9999793767929077
dinov2_base_top4,p1_23163,insertion,0.0,0.9999793767929077
dinov2_base_top4,p1_23163,insertion,0.1,0.9999933242797852
dinov2_base_top4,p1_23163,insertion,0.2,0.9998995264371237
dinov2_base_top4,p1_23163,insertion,0.4,0.9991324146588644
dinov2_base_top4,p1_23163,insertion,0.6,0.9961753288904825
dinov2_base_top4,p1_23163,insertion,0.8,0.9999929666519165
dinov2_base_top4,p1_23163,insertion,1.0,0.9999926090240479
dinov2_base_top4,p1_23163,random_deletion,0.0,0.9999926090240479
dinov2_base_top4,p1_23163,random_deletion,0.1,0.9999939997990926
dinov2_base_top4,p1_23163,random_deletion,0.2,0.9999933242797852
dinov2_base_top4,p1_23163,random_deletion,0.4,0.9999905824661255
dinov2_base_top4,p1_23163,random_deletion,0.6,0.999994953473409
dinov2_base_top4,p1_23163,random_deletion,0.8,0.999982754389445
dinov2_base_top4,p1_23163,random_deletion,1.0,0.9999793767929077
dinov2_base_top4,p1_23244,deletion,0.0,0.9999986489613851
dinov2_base_top4,p1_23244,deletion,0.1,0.9999990463256836
dinov2_base_top4,p1_23244,deletion,0.2,0.9999991655349731
dinov2_base_top4,p1_23244,deletion,0.4,0.9999990860621134
dinov2_base_top4,p1_23244,deletion,0.6,0.9999994039535522
dinov2_base_top4,p1_23244,deletion,0.8,0.9999997218449911
dinov2_base_top4,p1_23244,deletion,1.0,0.9999934434890747
dinov2_base_top4,p1_23244,insertion,0.0,0.9999934434890747
dinov2_base_top4,p1_23244,insertion,0.1,0.9999817609786987
dinov2_base_top4,p1_23244,insertion,0.2,0.9999831120173136
dinov2_base_top4,p1_23244,insertion,0.4,0.9999757607777914
dinov2_base_top4,p1_23244,insertion,0.6,0.999822994073232
dinov2_base_top4,p1_23244,insertion,0.8,0.9999956289927164
dinov2_base_top4,p1_23244,insertion,1.0,0.9999986489613851
dinov2_base_top4,p1_23244,random_deletion,0.0,0.9999986489613851
dinov2_base_top4,p1_23244,random_deletion,0.1,0.9999978939692179
dinov2_base_top4,p1_23244,random_deletion,0.2,0.9999963045120239
dinov2_base_top4,p1_23244,random_deletion,0.4,0.9999957084655762
dinov2_base_top4,p1_23244,random_deletion,0.6,0.9999944368998209
dinov2_base_top4,p1_23244,random_deletion,0.8,0.9999929666519165
dinov2_base_top4,p1_23244,random_deletion,1.0,0.9999934434890747
dinov2_base_top4,p1_23254,deletion,0.0,0.9999930461247762
dinov2_base_top4,p1_23254,deletion,0.1,0.9999704360961914
dinov2_base_top4,p1_23254,deletion,0.2,0.9999955097834269
dinov2_base_top4,p1_23254,deletion,0.4,0.9999939600626627
dinov2_base_top4,p1_23254,deletion,0.6,0.9996508757273356
dinov2_base_top4,p1_23254,deletion,0.8,0.987816313902537
dinov2_base_top4,p1_23254,deletion,1.0,0.9995759526888529
dinov2_base_top4,p1_23254,insertion,0.0,0.9995759526888529
dinov2_base_top4,p1_23254,insertion,0.1,0.9998572866121928
dinov2_base_top4,p1_23254,insertion,0.2,0.9998528758684794
dinov2_base_top4,p1_23254,insertion,0.4,0.9999690055847168
dinov2_base_top4,p1_23254,insertion,0.6,0.9999887148539225
dinov2_base_top4,p1_23254,insertion,0.8,0.999990185101827
dinov2_base_top4,p1_23254,insertion,1.0,0.9999930461247762
dinov2_base_top4,p1_23254,random_deletion,0.0,0.9999930461247762
dinov2_base_top4,p1_23254,random_deletion,0.1,0.9999909400939941
dinov2_base_top4,p1_23254,random_deletion,0.2,0.9999821980794271
dinov2_base_top4,p1_23254,random_deletion,0.4,0.9999374151229858
dinov2_base_top4,p1_23254,random_deletion,0.6,0.9999285141626993
dinov2_base_top4,p1_23254,random_deletion,0.8,0.9985513091087341
dinov2_base_top4,p1_23254,random_deletion,1.0,0.9995759526888529
dinov2_base_top4,p1_23338,deletion,0.0,0.9997821052869161
dinov2_base_top4,p1_23338,deletion,0.1,0.9938669999440511
dinov2_base_top4,p1_23338,deletion,0.2,0.9799185991287231
dinov2_base_top4,p1_23338,deletion,0.4,0.9738866488138834
dinov2_base_top4,p1_23338,deletion,0.6,0.324081991178294
dinov2_base_top4,p1_23338,deletion,0.8,0.8807085355122884
dinov2_base_top4,p1_23338,deletion,1.0,0.8020941416422526
dinov2_base_top4,p1_23338,insertion,0.0,0.8020941416422526
dinov2_base_top4,p1_23338,insertion,0.1,0.9976465304692587
dinov2_base_top4,p1_23338,insertion,0.2,0.9999734958012899
dinov2_base_top4,p1_23338,insertion,0.4,0.9996480743090311
dinov2_base_top4,p1_23338,insertion,0.6,0.9997883836428324
dinov2_base_top4,p1_23338,insertion,0.8,0.9997299909591675
dinov2_base_top4,p1_23338,insertion,1.0,0.9997821052869161
dinov2_base_top4,p1_23338,random_deletion,0.0,0.9997821052869161
dinov2_base_top4,p1_23338,random_deletion,0.1,0.9974087675412496
dinov2_base_top4,p1_23338,random_deletion,0.2,0.9986496170361837
dinov2_base_top4,p1_23338,random_deletion,0.4,0.9386544624964396
dinov2_base_top4,p1_23338,random_deletion,0.6,0.19199968377749124
dinov2_base_top4,p1_23338,random_deletion,0.8,0.6297558347384135
dinov2_base_top4,p1_23338,random_deletion,1.0,0.8020941416422526
dinov2_base_top4,p1_23576,deletion,0.0,0.9998578031857809
dinov2_base_top4,p1_23576,deletion,0.1,0.9997839530309042
dinov2_base_top4,p1_23576,deletion,0.2,0.9998815854390463
dinov2_base_top4,p1_23576,deletion,0.4,0.997621496518453
dinov2_base_top4,p1_23576,deletion,0.6,0.9857226014137268
dinov2_base_top4,p1_23576,deletion,0.8,0.9619854887326559
dinov2_base_top4,p1_23576,deletion,1.0,0.9658422470092773
dinov2_base_top4,p1_23576,insertion,0.0,0.9658422470092773
dinov2_base_top4,p1_23576,insertion,0.1,0.9852206905682882
dinov2_base_top4,p1_23576,insertion,0.2,0.9977790713310242
dinov2_base_top4,p1_23576,insertion,0.4,0.9997594157854716
dinov2_base_top4,p1_23576,insertion,0.6,0.9999160766601562
dinov2_base_top4,p1_23576,insertion,0.8,0.9998780091603597
dinov2_base_top4,p1_23576,insertion,1.0,0.9998578031857809
dinov2_base_top4,p1_23576,random_deletion,0.0,0.9998578031857809
dinov2_base_top4,p1_23576,random_deletion,0.1,0.999769926071167
dinov2_base_top4,p1_23576,random_deletion,0.2,0.9983279506365458
dinov2_base_top4,p1_23576,random_deletion,0.4,0.9956565101941427
dinov2_base_top4,p1_23576,random_deletion,0.6,0.8990718126296997
dinov2_base_top4,p1_23576,random_deletion,0.8,0.8352959950764974
dinov2_base_top4,p1_23576,random_deletion,1.0,0.9658422470092773
dinov2_base_top4,p1_23738,deletion,0.0,0.9999979734420776
dinov2_base_top4,p1_23738,deletion,0.1,0.9999979734420776
dinov2_base_top4,p1_23738,deletion,0.2,0.9999969005584717
dinov2_base_top4,p1_23738,deletion,0.4,0.9972971479098002
dinov2_base_top4,p1_23738,deletion,0.6,0.9888034264246622
dinov2_base_top4,p1_23738,deletion,0.8,0.9880927602450053
dinov2_base_top4,p1_23738,deletion,1.0,0.9576617081960043
dinov2_base_top4,p1_23738,insertion,0.0,0.9576617081960043
dinov2_base_top4,p1_23738,insertion,0.1,0.9999901453653971
dinov2_base_top4,p1_23738,insertion,0.2,0.9999890724817911
dinov2_base_top4,p1_23738,insertion,0.4,0.9999720652898153
dinov2_base_top4,p1_23738,insertion,0.6,0.9999986489613851
dinov2_base_top4,p1_23738,insertion,0.8,0.9999978939692179
dinov2_base_top4,p1_23738,insertion,1.0,0.9999979734420776
dinov2_base_top4,p1_23738,random_deletion,0.0,0.9999979734420776
dinov2_base_top4,p1_23738,random_deletion,0.1,0.9999976555506388
dinov2_base_top4,p1_23738,random_deletion,0.2,0.9999977350234985
dinov2_base_top4,p1_23738,random_deletion,0.4,0.999999205271403
dinov2_base_top4,p1_23738,random_deletion,0.6,0.9999979734420776
dinov2_base_top4,p1_23738,random_deletion,0.8,0.9999964237213135
dinov2_base_top4,p1_23738,random_deletion,1.0,0.9576617081960043
dinov2_base_top4,p1_23875,deletion,0.0,0.5427150477965673
dinov2_base_top4,p1_23875,deletion,0.1,0.04851925310989221
dinov2_base_top4,p1_23875,deletion,0.2,0.22710131419201693
dinov2_base_top4,p1_23875,deletion,0.4,0.6602162271738052
dinov2_base_top4,p1_23875,deletion,0.6,0.3176101452360551
dinov2_base_top4,p1_23875,deletion,0.8,0.07350209789971511
dinov2_base_top4,p1_23875,deletion,1.0,0.1368984825288256
dinov2_base_top4,p1_23875,insertion,0.0,0.1368984825288256
dinov2_base_top4,p1_23875,insertion,0.1,0.6123027304808298
dinov2_base_top4,p1_23875,insertion,0.2,0.7338295181592306
dinov2_base_top4,p1_23875,insertion,0.4,0.36018000170588493
dinov2_base_top4,p1_23875,insertion,0.6,0.4504447281360626
dinov2_base_top4,p1_23875,insertion,0.8,0.45616332689921063
dinov2_base_top4,p1_23875,insertion,1.0,0.5427150477965673
dinov2_base_top4,p1_23875,random_deletion,0.0,0.5427150477965673
dinov2_base_top4,p1_23875,random_deletion,0.1,0.45721913129091263
dinov2_base_top4,p1_23875,random_deletion,0.2,0.28246230135361355
dinov2_base_top4,p1_23875,random_deletion,0.4,0.4231008266409238
dinov2_base_top4,p1_23875,random_deletion,0.6,0.8955522775650024
dinov2_base_top4,p1_23875,random_deletion,0.8,0.9487139185269674
dinov2_base_top4,p1_23875,random_deletion,1.0,0.1368984825288256
dinov2_base_top4,p1_23900,deletion,0.0,0.9999995628992716
dinov2_base_top4,p1_23900,deletion,0.1,0.9999996026357015
dinov2_base_top4,p1_23900,deletion,0.2,0.9999993642171224
dinov2_base_top4,p1_23900,deletion,0.4,0.999999483426412
dinov2_base_top4,p1_23900,deletion,0.6,0.9999984900156657
dinov2_base_top4,p1_23900,deletion,0.8,0.9999986489613851
dinov2_base_top4,p1_23900,deletion,1.0,0.9999991257985433
dinov2_base_top4,p1_23900,insertion,0.0,0.9999991257985433
dinov2_base_top4,p1_23900,insertion,0.1,0.9999972581863403
dinov2_base_top4,p1_23900,insertion,0.2,0.9999931255976359
dinov2_base_top4,p1_23900,insertion,0.4,0.999998132387797
dinov2_base_top4,p1_23900,insertion,0.6,0.9999994039535522
dinov2_base_top4,p1_23900,insertion,0.8,0.9999992847442627
dinov2_base_top4,p1_23900,insertion,1.0,0.9999995628992716
dinov2_base_top4,p1_23900,random_deletion,0.0,0.9999995628992716
dinov2_base_top4,p1_23900,random_deletion,0.1,0.9999995628992716
dinov2_base_top4,p1_23900,random_deletion,0.2,0.999999483426412
dinov2_base_top4,p1_23900,random_deletion,0.4,0.999999205271403
dinov2_base_top4,p1_23900,random_deletion,0.6,0.9999993244806925
dinov2_base_top4,p1_23900,random_deletion,0.8,0.9999980131785074
dinov2_base_top4,p1_23900,random_deletion,1.0,0.9999991257985433
dinov2_base_top4,p1_23979,deletion,0.0,0.9141486287117004
dinov2_base_top4,p1_23979,deletion,0.1,0.9891549944877625
dinov2_base_top4,p1_23979,deletion,0.2,0.9988551735877991
dinov2_base_top4,p1_23979,deletion,0.4,0.9993438522020975
dinov2_base_top4,p1_23979,deletion,0.6,0.999518354733785
dinov2_base_top4,p1_23979,deletion,0.8,0.9998858173688253
dinov2_base_top4,p1_23979,deletion,1.0,0.9998903473218282
dinov2_base_top4,p1_23979,insertion,0.0,0.9998903473218282
dinov2_base_top4,p1_23979,insertion,0.1,0.9152766068776449
dinov2_base_top4,p1_23979,insertion,0.2,0.9996786514918009
dinov2_base_top4,p1_23979,insertion,0.4,0.9944187998771667
dinov2_base_top4,p1_23979,insertion,0.6,0.9754958550135294
dinov2_base_top4,p1_23979,insertion,0.8,0.9677693843841553
dinov2_base_top4,p1_23979,insertion,1.0,0.9141486287117004
dinov2_base_top4,p1_23979,random_deletion,0.0,0.9141486287117004
dinov2_base_top4,p1_23979,random_deletion,0.1,0.9787474274635315
dinov2_base_top4,p1_23979,random_deletion,0.2,0.9828484853108724
dinov2_base_top4,p1_23979,random_deletion,0.4,0.9947519699732462
dinov2_base_top4,p1_23979,random_deletion,0.6,0.9965718984603882
dinov2_base_top4,p1_23979,random_deletion,0.8,0.9986987908681234
dinov2_base_top4,p1_23979,random_deletion,1.0,0.9998903473218282
dinov2_base_top4,p1_23987,deletion,0.0,0.9983411629994711
dinov2_base_top4,p1_23987,deletion,0.1,0.9703346689542135
dinov2_base_top4,p1_23987,deletion,0.2,0.9929410616556803
dinov2_base_top4,p1_23987,deletion,0.4,0.7224684854348501
dinov2_base_top4,p1_23987,deletion,0.6,0.583248071372509
dinov2_base_top4,p1_23987,deletion,0.8,0.6559388736883799
dinov2_base_top4,p1_23987,deletion,1.0,0.916992704073588
dinov2_base_top4,p1_23987,insertion,0.0,0.916992704073588
dinov2_base_top4,p1_23987,insertion,0.1,0.633817176024119
dinov2_base_top4,p1_23987,insertion,0.2,0.9565928975741068
dinov2_base_top4,p1_23987,insertion,0.4,0.9896516998608907
dinov2_base_top4,p1_23987,insertion,0.6,0.9882646004358927
dinov2_base_top4,p1_23987,insertion,0.8,0.9962495168050131
dinov2_base_top4,p1_23987,insertion,1.0,0.9983411629994711
dinov2_base_top4,p1_23987,random_deletion,0.0,0.9983411629994711
dinov2_base_top4,p1_23987,random_deletion,0.1,0.9984614451726278
dinov2_base_top4,p1_23987,random_deletion,0.2,0.9953969915707906
dinov2_base_top4,p1_23987,random_deletion,0.4,0.9972511331240336
dinov2_base_top4,p1_23987,random_deletion,0.6,0.9958228270212809
dinov2_base_top4,p1_23987,random_deletion,0.8,0.9949056307474772
dinov2_base_top4,p1_23987,random_deletion,1.0,0.916992704073588
dinov2_base_top4,p1_24059,deletion,0.0,0.7858231067657471
dinov2_base_top4,p1_24059,deletion,0.1,0.8943330446879069
dinov2_base_top4,p1_24059,deletion,0.2,0.9212361772855123
dinov2_base_top4,p1_24059,deletion,0.4,0.8939881523450216
dinov2_base_top4,p1_24059,deletion,0.6,0.7977944413820902
dinov2_base_top4,p1_24059,deletion,0.8,0.8679913679758707
dinov2_base_top4,p1_24059,deletion,1.0,0.9209544658660889
dinov2_base_top4,p1_24059,insertion,0.0,0.9209544658660889
dinov2_base_top4,p1_24059,insertion,0.1,0.9800167878468832
dinov2_base_top4,p1_24059,insertion,0.2,0.6719479983051618
dinov2_base_top4,p1_24059,insertion,0.4,0.9951198101043701
dinov2_base_top4,p1_24059,insertion,0.6,0.9834530353546143
dinov2_base_top4,p1_24059,insertion,0.8,0.8992695609728495
dinov2_base_top4,p1_24059,insertion,1.0,0.7858231067657471
dinov2_base_top4,p1_24059,random_deletion,0.0,0.7858231067657471
dinov2_base_top4,p1_24059,random_deletion,0.1,0.4802120526631673
dinov2_base_top4,p1_24059,random_deletion,0.2,0.6878886421521505
dinov2_base_top4,p1_24059,random_deletion,0.4,0.6496361295382181
dinov2_base_top4,p1_24059,random_deletion,0.6,0.6701822181542715
dinov2_base_top4,p1_24059,random_deletion,0.8,0.9720195730527242
dinov2_base_top4,p1_24059,random_deletion,1.0,0.9209544658660889
dinov2_base_top4,p1_24150,deletion,0.0,0.9999947547912598
dinov2_base_top4,p1_24150,deletion,0.1,0.9999735355377197
dinov2_base_top4,p1_24150,deletion,0.2,0.999883790810903
dinov2_base_top4,p1_24150,deletion,0.4,0.9805192748705546
dinov2_base_top4,p1_24150,deletion,0.6,0.9288490811983744
dinov2_base_top4,p1_24150,deletion,0.8,0.07249250759681065
dinov2_base_top4,p1_24150,deletion,1.0,0.9975632230440775
dinov2_base_top4,p1_24150,insertion,0.0,0.9975632230440775
dinov2_base_top4,p1_24150,insertion,0.1,0.9383812546730042
dinov2_base_top4,p1_24150,insertion,0.2,0.9977398912111918
dinov2_base_top4,p1_24150,insertion,0.4,0.9999590714772543
dinov2_base_top4,p1_24150,insertion,0.6,0.9999955892562866
dinov2_base_top4,p1_24150,insertion,0.8,0.9999934037526449
dinov2_base_top4,p1_24150,insertion,1.0,0.9999947547912598
dinov2_base_top4,p1_24150,random_deletion,0.0,0.9999947547912598
dinov2_base_top4,p1_24150,random_deletion,0.1,0.9999866088231405
dinov2_base_top4,p1_24150,random_deletion,0.2,0.9999969402949015
dinov2_base_top4,p1_24150,random_deletion,0.4,0.9999703963597616
dinov2_base_top4,p1_24150,random_deletion,0.6,0.9993864893913269
dinov2_base_top4,p1_24150,random_deletion,0.8,0.863283097743988
dinov2_base_top4,p1_24150,random_deletion,1.0,0.9975632230440775
dinov2_base_top4,p1_24848,deletion,0.0,0.9999396800994873
dinov2_base_top4,p1_24848,deletion,0.1,0.9999054869016012
dinov2_base_top4,p1_24848,deletion,0.2,0.9999203483263651
dinov2_base_top4,p1_24848,deletion,0.4,0.9999792178471884
dinov2_base_top4,p1_24848,deletion,0.6,0.9841935833295187
dinov2_base_top4,p1_24848,deletion,0.8,0.9888224005699158
dinov2_base_top4,p1_24848,deletion,1.0,0.9998159011205038
dinov2_base_top4,p1_24848,insertion,0.0,0.9998159011205038
dinov2_base_top4,p1_24848,insertion,0.1,0.9998683134714762
dinov2_base_top4,p1_24848,insertion,0.2,0.999926487604777
dinov2_base_top4,p1_24848,insertion,0.4,0.9999188582102457
dinov2_base_top4,p1_24848,insertion,0.6,0.9998894333839417
dinov2_base_top4,p1_24848,insertion,0.8,0.999938448270162
dinov2_base_top4,p1_24848,insertion,1.0,0.9999396800994873
dinov2_base_top4,p1_24848,random_deletion,0.0,0.9999396800994873
dinov2_base_top4,p1_24848,random_deletion,0.1,0.999958316485087
dinov2_base_top4,p1_24848,random_deletion,0.2,0.9998136361440023
dinov2_base_top4,p1_24848,random_deletion,0.4,0.9997259378433228
dinov2_base_top4,p1_24848,random_deletion,0.6,0.9990420540173849
dinov2_base_top4,p1_24848,random_deletion,0.8,0.9973130424817404
dinov2_base_top4,p1_24848,random_deletion,1.0,0.9998159011205038
dinov2_base_top4,p1_24939,deletion,0.0,0.9999979734420776
dinov2_base_top4,p1_24939,deletion,0.1,0.9999992847442627
dinov2_base_top4,p1_24939,deletion,0.2,0.9999955097834269
dinov2_base_top4,p1_24939,deletion,0.4,0.9999792575836182
dinov2_base_top4,p1_24939,deletion,0.6,0.8810257911682129
dinov2_base_top4,p1_24939,deletion,0.8,0.6780583063761393
dinov2_base_top4,p1_24939,deletion,1.0,0.988866945107778
dinov2_base_top4,p1_24939,insertion,0.0,0.988866945107778
dinov2_base_top4,p1_24939,insertion,0.1,0.9998626311620077
dinov2_base_top4,p1_24939,insertion,0.2,0.9998687307039896
dinov2_base_top4,p1_24939,insertion,0.4,0.9999905824661255
dinov2_base_top4,p1_24939,insertion,0.6,0.9999938805898031
dinov2_base_top4,p1_24939,insertion,0.8,0.9999983708063761
dinov2_base_top4,p1_24939,insertion,1.0,0.9999979734420776
dinov2_base_top4,p1_24939,random_deletion,0.0,0.9999979734420776
dinov2_base_top4,p1_24939,random_deletion,0.1,0.9999989668528239
dinov2_base_top4,p1_24939,random_deletion,0.2,0.9999958276748657
dinov2_base_top4,p1_24939,random_deletion,0.4,0.9999947945276896
dinov2_base_top4,p1_24939,random_deletion,0.6,0.9999837478001913
dinov2_base_top4,p1_24939,random_deletion,0.8,0.9195065100987753
dinov2_base_top4,p1_24939,random_deletion,1.0,0.988866945107778
dinov2_base_top4,p1_25121,deletion,0.0,0.9999965031941732
dinov2_base_top4,p1_25121,deletion,0.1,0.9997508327166239
dinov2_base_top4,p1_25121,deletion,0.2,0.9994796713193258
dinov2_base_top4,p1_25121,deletion,0.4,0.9950444102287292
dinov2_base_top4,p1_25121,deletion,0.6,0.9812384049097697
dinov2_base_top4,p1_25121,deletion,0.8,0.9998021324475607
dinov2_base_top4,p1_25121,deletion,1.0,0.9998404184977213
dinov2_base_top4,p1_25121,insertion,0.0,0.9998404184977213
dinov2_base_top4,p1_25121,insertion,0.1,0.9995227853457133
dinov2_base_top4,p1_25121,insertion,0.2,0.9999892314275106
dinov2_base_top4,p1_25121,insertion,0.4,0.9999983310699463
dinov2_base_top4,p1_25121,insertion,0.6,0.9999978939692179
dinov2_base_top4,p1_25121,insertion,0.8,0.9999938408533732
dinov2_base_top4,p1_25121,insertion,1.0,0.9999965031941732
dinov2_base_top4,p1_25121,random_deletion,0.0,0.9999965031941732
dinov2_base_top4,p1_25121,random_deletion,0.1,0.9999891122182211
dinov2_base_top4,p1_25121,random_deletion,0.2,0.9999976952870687
dinov2_base_top4,p1_25121,random_deletion,0.4,0.999997615814209
dinov2_base_top4,p1_25121,random_deletion,0.6,0.9999983708063761
dinov2_base_top4,p1_25121,random_deletion,0.8,0.9999579588572184
dinov2_base_top4,p1_25121,random_deletion,1.0,0.9998404184977213
dinov2_base_top4,p1_25152,deletion,0.0,0.9999992450078329
dinov2_base_top4,p1_25152,deletion,0.1,0.9999949137369791
dinov2_base_top4,p1_25152,deletion,0.2,0.9999913771947225
dinov2_base_top4,p1_25152,deletion,0.4,0.9999744097391764
dinov2_base_top4,p1_25152,deletion,0.6,0.9997823437054952
dinov2_base_top4,p1_25152,deletion,0.8,0.9999153216679891
dinov2_base_top4,p1_25152,deletion,1.0,0.9999094406763712
dinov2_base_top4,p1_25152,insertion,0.0,0.9999094406763712
dinov2_base_top4,p1_25152,insertion,0.1,0.9999415477116903
dinov2_base_top4,p1_25152,insertion,0.2,0.999993642171224
dinov2_base_top4,p1_25152,insertion,0.4,0.9999979734420776
dinov2_base_top4,p1_25152,insertion,0.6,0.9999985694885254
dinov2_base_top4,p1_25152,insertion,0.8,0.9999991655349731
dinov2_base_top4,p1_25152,insertion,1.0,0.9999992450078329
dinov2_base_top4,p1_25152,random_deletion,0.0,0.9999992450078329
dinov2_base_top4,p1_25152,random_deletion,0.1,0.9999938408533732
dinov2_base_top4,p1_25152,random_deletion,0.2,0.9999943176905314
dinov2_base_top4,p1_25152,random_deletion,0.4,0.9999905029932658
dinov2_base_top4,p1_25152,random_deletion,0.6,0.9999593098958334
dinov2_base_top4,p1_25152,random_deletion,0.8,0.9999729792277018
dinov2_base_top4,p1_25152,random_deletion,1.0,0.9999094406763712
dinov2_base_top4,p1_25609,deletion,0.0,0.9998700022697449
dinov2_base_top4,p1_25609,deletion,0.1,0.9998592535654703
dinov2_base_top4,p1_25609,deletion,0.2,0.9998000462849935
dinov2_base_top4,p1_25609,deletion,0.4,0.999790370464325
dinov2_base_top4,p1_25609,deletion,0.6,0.9989172617594401
dinov2_base_top4,p1_25609,deletion,0.8,0.9997545679410299
dinov2_base_top4,p1_25609,deletion,1.0,0.9994149605433146
dinov2_base_top4,p1_25609,insertion,0.0,0.9994149605433146
dinov2_base_top4,p1_25609,insertion,0.1,0.9994721015294393
dinov2_base_top4,p1_25609,insertion,0.2,0.9999111493428549
dinov2_base_top4,p1_25609,insertion,0.4,0.9999147454897562
dinov2_base_top4,p1_25609,insertion,0.6,0.9998203118642172
dinov2_base_top4,p1_25609,insertion,0.8,0.999866247177124
dinov2_base_top4,p1_25609,insertion,1.0,0.9998700022697449
dinov2_base_top4,p1_25609,random_deletion,0.0,0.9998700022697449
dinov2_base_top4,p1_25609,random_deletion,0.1,0.9998405377070109
dinov2_base_top4,p1_25609,random_deletion,0.2,0.9998356501261393
dinov2_base_top4,p1_25609,random_deletion,0.4,0.9995226462682089
dinov2_base_top4,p1_25609,random_deletion,0.6,0.9997946421305338
dinov2_base_top4,p1_25609,random_deletion,0.8,0.9999178846677145
dinov2_base_top4,p1_25609,random_deletion,1.0,0.9994149605433146
dinov2_base_top4,p1_25776,deletion,0.0,0.9999363819758097
dinov2_base_top4,p1_25776,deletion,0.1,0.9997727274894714
dinov2_base_top4,p1_25776,deletion,0.2,0.9996956388155619
dinov2_base_top4,p1_25776,deletion,0.4,0.9955320159594218
dinov2_base_top4,p1_25776,deletion,0.6,0.9985373020172119
dinov2_base_top4,p1_25776,deletion,0.8,0.9991498192151388
dinov2_base_top4,p1_25776,deletion,1.0,0.9973733425140381
dinov2_base_top4,p1_25776,insertion,0.0,0.9973733425140381
dinov2_base_top4,p1_25776,insertion,0.1,0.9998987118403116
dinov2_base_top4,p1_25776,insertion,0.2,0.9999871651331583
dinov2_base_top4,p1_25776,insertion,0.4,0.999967614809672
dinov2_base_top4,p1_25776,insertion,0.6,0.999930183092753
dinov2_base_top4,p1_25776,insertion,0.8,0.9997196396191915
dinov2_base_top4,p1_25776,insertion,1.0,0.9999363819758097
dinov2_base_top4,p1_25776,random_deletion,0.0,0.9999363819758097
dinov2_base_top4,p1_25776,random_deletion,0.1,0.9996720552444458
dinov2_base_top4,p1_25776,random_deletion,0.2,0.9997554818789164
dinov2_base_top4,p1_25776,random_deletion,0.4,0.9999377727508545
dinov2_base_top4,p1_25776,random_deletion,0.6,0.999939759572347
dinov2_base_top4,p1_25776,random_deletion,0.8,0.996981680393219
dinov2_base_top4,p1_25776,random_deletion,1.0,0.9973733425140381
dinov2_base_top4,p1_26077,deletion,0.0,0.9949802756309509
dinov2_base_top4,p1_26077,deletion,0.1,0.9982180794080099
dinov2_base_top4,p1_26077,deletion,0.2,0.9998086293538412
dinov2_base_top4,p1_26077,deletion,0.4,0.9835155804951986
dinov2_base_top4,p1_26077,deletion,0.6,0.9512341419855753
dinov2_base_top4,p1_26077,deletion,0.8,0.9974629878997803
dinov2_base_top4,p1_26077,deletion,1.0,0.9993875622749329
dinov2_base_top4,p1_26077,insertion,0.0,0.9993875622749329
dinov2_base_top4,p1_26077,insertion,0.1,0.35475920140743256
dinov2_base_top4,p1_26077,insertion,0.2,0.7506603002548218
dinov2_base_top4,p1_26077,insertion,0.4,0.9881047606468201
dinov2_base_top4,p1_26077,insertion,0.6,0.9935610890388489
dinov2_base_top4,p1_26077,insertion,0.8,0.9977453549702963
dinov2_base_top4,p1_26077,insertion,1.0,0.9949802756309509
dinov2_base_top4,p1_26077,random_deletion,0.0,0.9949802756309509
dinov2_base_top4,p1_26077,random_deletion,0.1,0.9930631915728251
dinov2_base_top4,p1_26077,random_deletion,0.2,0.9997555017471313
dinov2_base_top4,p1_26077,random_deletion,0.4,0.9997685154279073
dinov2_base_top4,p1_26077,random_deletion,0.6,0.9991874694824219
dinov2_base_top4,p1_26077,random_deletion,0.8,0.9007795651753744
dinov2_base_top4,p1_26077,random_deletion,1.0,0.9993875622749329
dinov2_base_top4,p1_26143,deletion,0.0,0.9999988873799642
dinov2_base_top4,p1_26143,deletion,0.1,0.9999890327453613
dinov2_base_top4,p1_26143,deletion,0.2,0.9999827941258749
dinov2_base_top4,p1_26143,deletion,0.4,0.9999485413233439
dinov2_base_top4,p1_26143,deletion,0.6,0.9995209177335104
dinov2_base_top4,p1_26143,deletion,0.8,0.9997703631718954
dinov2_base_top4,p1_26143,deletion,1.0,0.9997603098551432
dinov2_base_top4,p1_26143,insertion,0.0,0.9997603098551432
dinov2_base_top4,p1_26143,insertion,0.1,0.9996700088183085
dinov2_base_top4,p1_26143,insertion,0.2,0.9999447663625082
dinov2_base_top4,p1_26143,insertion,0.4,0.9999967813491821
dinov2_base_top4,p1_26143,insertion,0.6,0.9999978939692179
dinov2_base_top4,p1_26143,insertion,0.8,0.9999974171320597
dinov2_base_top4,p1_26143,insertion,1.0,0.9999988873799642
dinov2_base_top4,p1_26143,random_deletion,0.0,0.9999988873799642
dinov2_base_top4,p1_26143,random_deletion,0.1,0.9998975793520609
dinov2_base_top4,p1_26143,random_deletion,0.2,0.9999352693557739
dinov2_base_top4,p1_26143,random_deletion,0.4,0.9998620549837748
dinov2_base_top4,p1_26143,random_deletion,0.6,0.9999657074610392
dinov2_base_top4,p1_26143,random_deletion,0.8,0.9997413357098898
dinov2_base_top4,p1_26143,random_deletion,1.0,0.9997603098551432
dinov2_base_top4,p1_26308,deletion,0.0,0.9999976952870687
dinov2_base_top4,p1_26308,deletion,0.1,0.9999986092249552
dinov2_base_top4,p1_26308,deletion,0.2,0.9999991257985433
dinov2_base_top4,p1_26308,deletion,0.4,0.9999990463256836
dinov2_base_top4,p1_26308,deletion,0.6,0.9999984502792358
dinov2_base_top4,p1_26308,deletion,0.8,0.9999897877375284
dinov2_base_top4,p1_26308,deletion,1.0,0.9999972581863403
dinov2_base_top4,p1_26308,insertion,0.0,0.9999972581863403
dinov2_base_top4,p1_26308,insertion,0.1,0.9999812046686808
dinov2_base_top4,p1_26308,insertion,0.2,0.9999841054280599
dinov2_base_top4,p1_26308,insertion,0.4,0.9999975760777792
dinov2_base_top4,p1_26308,insertion,0.6,0.999998927116394
dinov2_base_top4,p1_26308,insertion,0.8,0.9999980131785074
dinov2_base_top4,p1_26308,insertion,1.0,0.9999976952870687
dinov2_base_top4,p1_26308,random_deletion,0.0,0.9999976952870687
dinov2_base_top4,p1_26308,random_deletion,0.1,0.9999978542327881
dinov2_base_top4,p1_26308,random_deletion,0.2,0.9999980131785074
dinov2_base_top4,p1_26308,random_deletion,0.4,0.9999991257985433
dinov2_base_top4,p1_26308,random_deletion,0.6,0.999998927116394
dinov2_base_top4,p1_26308,random_deletion,0.8,0.9999992847442627
dinov2_base_top4,p1_26308,random_deletion,1.0,0.9999972581863403
dinov2_base_top4,p1_26507,deletion,0.0,0.9999950726826986
dinov2_base_top4,p1_26507,deletion,0.1,0.9999955097834269
dinov2_base_top4,p1_26507,deletion,0.2,0.9999923706054688
dinov2_base_top4,p1_26507,deletion,0.4,0.9999907811482748
dinov2_base_top4,p1_26507,deletion,0.6,0.9998384316762289
dinov2_base_top4,p1_26507,deletion,0.8,0.9999695618947347
dinov2_base_top4,p1_26507,deletion,1.0,0.9999926884969076
dinov2_base_top4,p1_26507,insertion,0.0,0.9999926884969076
dinov2_base_top4,p1_26507,insertion,0.1,0.9999711910883585
dinov2_base_top4,p1_26507,insertion,0.2,0.999999205271403
dinov2_base_top4,p1_26507,insertion,0.4,0.9999914964040121
dinov2_base_top4,p1_26507,insertion,0.6,0.9999953905741373
dinov2_base_top4,p1_26507,insertion,0.8,0.9999959468841553
dinov2_base_top4,p1_26507,insertion,1.0,0.9999950726826986
dinov2_base_top4,p1_26507,random_deletion,0.0,0.9999950726826986
dinov2_base_top4,p1_26507,random_deletion,0.1,0.9999958674112955
dinov2_base_top4,p1_26507,random_deletion,0.2,0.9999961455663046
dinov2_base_top4,p1_26507,random_deletion,0.4,0.9999979337056478
dinov2_base_top4,p1_26507,random_deletion,0.6,0.9999957879384359
dinov2_base_top4,p1_26507,random_deletion,0.8,0.9999543825785319
dinov2_base_top4,p1_26507,random_deletion,1.0,0.9999926884969076
dinov2_base_top4,p1_26564,deletion,0.0,0.9999978939692179
dinov2_base_top4,p1_26564,deletion,0.1,0.9999987681706747
dinov2_base_top4,p1_26564,deletion,0.2,0.9999986092249552
dinov2_base_top4,p1_26564,deletion,0.4,0.9999986489613851
dinov2_base_top4,p1_26564,deletion,0.6,0.9999995231628418
dinov2_base_top4,p1_26564,deletion,0.8,0.9999977350234985
dinov2_base_top4,p1_26564,deletion,1.0,0.999934732913971
dinov2_base_top4,p1_26564,insertion,0.0,0.999934732913971
dinov2_base_top4,p1_26564,insertion,0.1,0.9999730587005615
dinov2_base_top4,p1_26564,insertion,0.2,0.9997598926226298
dinov2_base_top4,p1_26564,insertion,0.4,0.9999720652898153
dinov2_base_top4,p1_26564,insertion,0.6,0.9999940395355225
dinov2_base_top4,p1_26564,insertion,0.8,0.9999972581863403
dinov2_base_top4,p1_26564,insertion,1.0,0.9999978939692179
dinov2_base_top4,p1_26564,random_deletion,0.0,0.9999978939692179
dinov2_base_top4,p1_26564,random_deletion,0.1,0.9999988873799642
dinov2_base_top4,p1_26564,random_deletion,0.2,0.9999990065892538
dinov2_base_top4,p1_26564,random_deletion,0.4,0.9999992450078329
dinov2_base_top4,p1_26564,random_deletion,0.6,0.9999982913335165
dinov2_base_top4,p1_26564,random_deletion,0.8,0.9999503691991171
dinov2_base_top4,p1_26564,random_deletion,1.0,0.999934732913971
dinov2_base_top4,p1_26671,deletion,0.0,0.9999994039535522
dinov2_base_top4,p1_26671,deletion,0.1,0.9999995231628418
dinov2_base_top4,p1_26671,deletion,0.2,0.9999996026357015
dinov2_base_top4,p1_26671,deletion,0.4,0.9999996423721313
dinov2_base_top4,p1_26671,deletion,0.6,0.9999995628992716
dinov2_base_top4,p1_26671,deletion,0.8,0.999998927116394
dinov2_base_top4,p1_26671,deletion,1.0,0.9999934434890747
dinov2_base_top4,p1_26671,insertion,0.0,0.9999934434890747
dinov2_base_top4,p1_26671,insertion,0.1,0.9999862511952718
dinov2_base_top4,p1_26671,insertion,0.2,0.9999965826670328
dinov2_base_top4,p1_26671,insertion,0.4,0.999988873799642
dinov2_base_top4,p1_26671,insertion,0.6,0.9999963839848837
dinov2_base_top4,p1_26671,insertion,0.8,0.9999991257985433
dinov2_base_top4,p1_26671,insertion,1.0,0.9999994039535522
dinov2_base_top4,p1_26671,random_deletion,0.0,0.9999994039535522
dinov2_base_top4,p1_26671,random_deletion,0.1,0.9999991257985433
dinov2_base_top4,p1_26671,random_deletion,0.2,0.9999992450078329
dinov2_base_top4,p1_26671,random_deletion,0.4,0.9999994436899821
dinov2_base_top4,p1_26671,random_deletion,0.6,0.9999987284342448
dinov2_base_top4,p1_26671,random_deletion,0.8,0.9999947547912598
dinov2_base_top4,p1_26671,random_deletion,1.0,0.9999934434890747
dinov2_base_top4,p1_26709,deletion,0.0,0.999998410542806
dinov2_base_top4,p1_26709,deletion,0.1,0.9999367992083231
dinov2_base_top4,p1_26709,deletion,0.2,0.9999397794405619
dinov2_base_top4,p1_26709,deletion,0.4,0.9999833106994629
dinov2_base_top4,p1_26709,deletion,0.6,0.9990842143694559
dinov2_base_top4,p1_26709,deletion,0.8,0.9990095694859823
dinov2_base_top4,p1_26709,deletion,1.0,0.9998818238576254
dinov2_base_top4,p1_26709,insertion,0.0,0.9998818238576254
dinov2_base_top4,p1_26709,insertion,0.1,0.9999602635701498
dinov2_base_top4,p1_26709,insertion,0.2,0.9999963839848837
dinov2_base_top4,p1_26709,insertion,0.4,0.9999967416127523
dinov2_base_top4,p1_26709,insertion,0.6,0.9999968210856119
dinov2_base_top4,p1_26709,insertion,0.8,0.9999975760777792
dinov2_base_top4,p1_26709,insertion,1.0,0.999998410542806
dinov2_base_top4,p1_26709,random_deletion,0.0,0.999998410542806
dinov2_base_top4,p1_26709,random_deletion,0.1,0.9999975363413492
dinov2_base_top4,p1_26709,random_deletion,0.2,0.9999964237213135
dinov2_base_top4,p1_26709,random_deletion,0.4,0.9999971389770508
dinov2_base_top4,p1_26709,random_deletion,0.6,0.9995830059051514
dinov2_base_top4,p1_26709,random_deletion,0.8,0.9976140459378561
dinov2_base_top4,p1_26709,random_deletion,1.0,0.9998818238576254
dinov2_base_top4,p1_26760,deletion,0.0,0.9999996423721313
dinov2_base_top4,p1_26760,deletion,0.1,0.9999995231628418
dinov2_base_top4,p1_26760,deletion,0.2,0.9999981721242269
dinov2_base_top4,p1_26760,deletion,0.4,0.9999955097834269
dinov2_base_top4,p1_26760,deletion,0.6,0.9999990463256836
dinov2_base_top4,p1_26760,deletion,0.8,0.9999973376592001
dinov2_base_top4,p1_26760,deletion,1.0,0.9999984502792358
dinov2_base_top4,p1_26760,insertion,0.0,0.9999984502792358
dinov2_base_top4,p1_26760,insertion,0.1,0.9999995628992716
dinov2_base_top4,p1_26760,insertion,0.2,0.9999990860621134
dinov2_base_top4,p1_26760,insertion,0.4,0.999998927116394
dinov2_base_top4,p1_26760,insertion,0.6,0.999999483426412
dinov2_base_top4,p1_26760,insertion,0.8,0.9999993244806925
dinov2_base_top4,p1_26760,insertion,1.0,0.9999996423721313
dinov2_base_top4,p1_26760,random_deletion,0.0,0.9999996423721313
dinov2_base_top4,p1_26760,random_deletion,0.1,0.9999996026357015
dinov2_base_top4,p1_26760,random_deletion,0.2,0.9999987284342448
dinov2_base_top4,p1_26760,random_deletion,0.4,0.999999483426412
dinov2_base_top4,p1_26760,random_deletion,0.6,0.9999993244806925
dinov2_base_top4,p1_26760,random_deletion,0.8,0.9999957879384359
dinov2_base_top4,p1_26760,random_deletion,1.0,0.9999984502792358
dinov2_base_top4,p1_27210,deletion,0.0,0.9999726215998331
dinov2_base_top4,p1_27210,deletion,0.1,0.9998859365781149
dinov2_base_top4,p1_27210,deletion,0.2,0.999902586142222
dinov2_base_top4,p1_27210,deletion,0.4,0.999645988146464
dinov2_base_top4,p1_27210,deletion,0.6,0.9994744261105856
dinov2_base_top4,p1_27210,deletion,0.8,0.9996046423912048
dinov2_base_top4,p1_27210,deletion,1.0,0.9996664126714071
dinov2_base_top4,p1_27210,insertion,0.0,0.9996664126714071
dinov2_base_top4,p1_27210,insertion,0.1,0.9984743396441141
dinov2_base_top4,p1_27210,insertion,0.2,0.999330202738444
dinov2_base_top4,p1_27210,insertion,0.4,0.9998635649681091
dinov2_base_top4,p1_27210,insertion,0.6,0.9999561707178751
dinov2_base_top4,p1_27210,insertion,0.8,0.9999653895696005
dinov2_base_top4,p1_27210,insertion,1.0,0.9999726215998331
dinov2_base_top4,p1_27210,random_deletion,0.0,0.9999726215998331
dinov2_base_top4,p1_27210,random_deletion,0.1,0.9999701182047526
dinov2_base_top4,p1_27210,random_deletion,0.2,0.9999804099400839
dinov2_base_top4,p1_27210,random_deletion,0.4,0.9999850988388062
dinov2_base_top4,p1_27210,random_deletion,0.6,0.999980648358663
dinov2_base_top4,p1_27210,random_deletion,0.8,0.9999489386876425
dinov2_base_top4,p1_27210,random_deletion,1.0,0.9996664126714071
dinov2_base_top4,p1_27288,deletion,0.0,0.9999982913335165
dinov2_base_top4,p1_27288,deletion,0.1,0.9999990463256836
dinov2_base_top4,p1_27288,deletion,0.2,0.999999483426412
dinov2_base_top4,p1_27288,deletion,0.4,0.9999998410542806
dinov2_base_top4,p1_27288,deletion,0.6,0.9999998013178507
dinov2_base_top4,p1_27288,deletion,0.8,0.9999994436899821
dinov2_base_top4,p1_27288,deletion,1.0,0.9999998013178507
dinov2_base_top4,p1_27288,insertion,0.0,0.9999998013178507
dinov2_base_top4,p1_27288,insertion,0.1,0.9999972184499105
dinov2_base_top4,p1_27288,insertion,0.2,0.9999941984812418
dinov2_base_top4,p1_27288,insertion,0.4,0.9999937613805135
dinov2_base_top4,p1_27288,insertion,0.6,0.9999974966049194
dinov2_base_top4,p1_27288,insertion,0.8,0.999997059504191
dinov2_base_top4,p1_27288,insertion,1.0,0.9999982913335165
dinov2_base_top4,p1_27288,random_deletion,0.0,0.9999982913335165
dinov2_base_top4,p1_27288,random_deletion,0.1,0.9999984502792358
dinov2_base_top4,p1_27288,random_deletion,0.2,0.9999982913335165
dinov2_base_top4,p1_27288,random_deletion,0.4,0.9999996821085612
dinov2_base_top4,p1_27288,random_deletion,0.6,0.9999995231628418
dinov2_base_top4,p1_27288,random_deletion,0.8,0.9999992450078329
dinov2_base_top4,p1_27288,random_deletion,1.0,0.9999998013178507
dinov2_base_top4,p1_27369,deletion,0.0,0.9999974966049194
dinov2_base_top4,p1_27369,deletion,0.1,0.9999986092249552
dinov2_base_top4,p1_27369,deletion,0.2,0.9999982118606567
dinov2_base_top4,p1_27369,deletion,0.4,0.9999954303105673
dinov2_base_top4,p1_27369,deletion,0.6,0.9999916156133016
dinov2_base_top4,p1_27369,deletion,0.8,0.9999697208404541
dinov2_base_top4,p1_27369,deletion,1.0,0.9999986092249552
dinov2_base_top4,p1_27369,insertion,0.0,0.9999986092249552
dinov2_base_top4,p1_27369,insertion,0.1,0.999987800916036
dinov2_base_top4,p1_27369,insertion,0.2,0.9999990065892538
dinov2_base_top4,p1_27369,insertion,0.4,0.9999992450078329
dinov2_base_top4,p1_27369,insertion,0.6,0.9999995231628418
dinov2_base_top4,p1_27369,insertion,0.8,0.9999982913335165
dinov2_base_top4,p1_27369,insertion,1.0,0.9999974966049194
dinov2_base_top4,p1_27369,random_deletion,0.0,0.9999974966049194
dinov2_base_top4,p1_27369,random_deletion,0.1,0.9999974966049194
dinov2_base_top4,p1_27369,random_deletion,0.2,0.9999965826670328
dinov2_base_top4,p1_27369,random_deletion,0.4,0.9999982118606567
dinov2_base_top4,p1_27369,random_deletion,0.6,0.9999992847442627
dinov2_base_top4,p1_27369,random_deletion,0.8,0.9999986886978149
dinov2_base_top4,p1_27369,random_deletion,1.0,0.9999986092249552
dinov2_base_top4,p1_27460,deletion,0.0,0.9999997615814209
dinov2_base_top4,p1_27460,deletion,0.1,0.9999995231628418
dinov2_base_top4,p1_27460,deletion,0.2,0.9999991257985433
dinov2_base_top4,p1_27460,deletion,0.4,0.9999987284342448
dinov2_base_top4,p1_27460,deletion,0.6,0.9999967813491821
dinov2_base_top4,p1_27460,deletion,0.8,0.9999672969182333
dinov2_base_top4,p1_27460,deletion,1.0,0.999999483426412
dinov2_base_top4,p1_27460,insertion,0.0,0.999999483426412
dinov2_base_top4,p1_27460,insertion,0.1,0.9999979734420776
dinov2_base_top4,p1_27460,insertion,0.2,0.9999978542327881
dinov2_base_top4,p1_27460,insertion,0.4,0.9999990860621134
dinov2_base_top4,p1_27460,insertion,0.6,0.9999995628992716
dinov2_base_top4,p1_27460,insertion,0.8,0.9999998410542806
dinov2_base_top4,p1_27460,insertion,1.0,0.9999997615814209
dinov2_base_top4,p1_27460,random_deletion,0.0,0.9999997615814209
dinov2_base_top4,p1_27460,random_deletion,0.1,0.999999483426412
dinov2_base_top4,p1_27460,random_deletion,0.2,0.9999997615814209
dinov2_base_top4,p1_27460,random_deletion,0.4,0.9999996821085612
dinov2_base_top4,p1_27460,random_deletion,0.6,0.9999989668528239
dinov2_base_top4,p1_27460,random_deletion,0.8,0.9999967416127523
dinov2_base_top4,p1_27460,random_deletion,1.0,0.999999483426412
dinov2_base_top4,p1_27472,deletion,0.0,0.9987092812856039
dinov2_base_top4,p1_27472,deletion,0.1,0.9850725928942362
dinov2_base_top4,p1_27472,deletion,0.2,0.9944259723027548
dinov2_base_top4,p1_27472,deletion,0.4,0.5443117519219717
dinov2_base_top4,p1_27472,deletion,0.6,0.0934677707652251
dinov2_base_top4,p1_27472,deletion,0.8,0.004667399392928928
dinov2_base_top4,p1_27472,deletion,1.0,0.018162423744797707
dinov2_base_top4,p1_27472,insertion,0.0,0.018162423744797707
dinov2_base_top4,p1_27472,insertion,0.1,0.05137011532982191
dinov2_base_top4,p1_27472,insertion,0.2,0.14757399757703146
dinov2_base_top4,p1_27472,insertion,0.4,0.9841105937957764
dinov2_base_top4,p1_27472,insertion,0.6,0.9981532692909241
dinov2_base_top4,p1_27472,insertion,0.8,0.9985643625259399
dinov2_base_top4,p1_27472,insertion,1.0,0.9987092812856039
dinov2_base_top4,p1_27472,random_deletion,0.0,0.9987092812856039
dinov2_base_top4,p1_27472,random_deletion,0.1,0.9983066916465759
dinov2_base_top4,p1_27472,random_deletion,0.2,0.9970225294431051
dinov2_base_top4,p1_27472,random_deletion,0.4,0.991667370001475
dinov2_base_top4,p1_27472,random_deletion,0.6,0.9785332282384237
dinov2_base_top4,p1_27472,random_deletion,0.8,0.5259552001953125
dinov2_base_top4,p1_27472,random_deletion,1.0,0.018162423744797707
dinov2_base_top4,p1_27478,deletion,0.0,0.9999998807907104
dinov2_base_top4,p1_27478,deletion,0.1,0.9999998807907104
dinov2_base_top4,p1_27478,deletion,0.2,0.9999998410542806
dinov2_base_top4,p1_27478,deletion,0.4,0.9999996026357015
dinov2_base_top4,p1_27478,deletion,0.6,0.9999998807907104
dinov2_base_top4,p1_27478,deletion,0.8,0.9999998410542806
dinov2_base_top4,p1_27478,deletion,1.0,0.9999935229619344
dinov2_base_top4,p1_27478,insertion,0.0,0.9999935229619344
dinov2_base_top4,p1_27478,insertion,0.1,0.9999965031941732
dinov2_base_top4,p1_27478,insertion,0.2,0.999997099240621
dinov2_base_top4,p1_27478,insertion,0.4,0.9999957084655762
dinov2_base_top4,p1_27478,insertion,0.6,0.9999998807907104
dinov2_base_top4,p1_27478,insertion,0.8,0.9999998807907104
dinov2_base_top4,p1_27478,insertion,1.0,0.9999998807907104
dinov2_base_top4,p1_27478,random_deletion,0.0,0.9999998807907104
dinov2_base_top4,p1_27478,random_deletion,0.1,0.9999998807907104
dinov2_base_top4,p1_27478,random_deletion,0.2,0.9999998807907104
dinov2_base_top4,p1_27478,random_deletion,0.4,0.9999998807907104
dinov2_base_top4,p1_27478,random_deletion,0.6,0.9999997615814209
dinov2_base_top4,p1_27478,random_deletion,0.8,0.9999996423721313
dinov2_base_top4,p1_27478,random_deletion,1.0,0.9999935229619344
dinov2_base_top4,p1_27507,deletion,0.0,0.9999453624089559
dinov2_base_top4,p1_27507,deletion,0.1,0.9999941984812418
dinov2_base_top4,p1_27507,deletion,0.2,0.9999813636144003
dinov2_base_top4,p1_27507,deletion,0.4,0.9990743597348531
dinov2_base_top4,p1_27507,deletion,0.6,0.9675761461257935
dinov2_base_top4,p1_27507,deletion,0.8,0.9996505180994669
dinov2_base_top4,p1_27507,deletion,1.0,0.9999650716781616
dinov2_base_top4,p1_27507,insertion,0.0,0.9999650716781616
dinov2_base_top4,p1_27507,insertion,0.1,0.9820901354153951
dinov2_base_top4,p1_27507,insertion,0.2,0.9998354315757751
dinov2_base_top4,p1_27507,insertion,0.4,0.9999093413352966
dinov2_base_top4,p1_27507,insertion,0.6,0.9999518394470215
dinov2_base_top4,p1_27507,insertion,0.8,0.9999513228734335
dinov2_base_top4,p1_27507,insertion,1.0,0.9999453624089559
dinov2_base_top4,p1_27507,random_deletion,0.0,0.9999453624089559
dinov2_base_top4,p1_27507,random_deletion,0.1,0.9999780654907227
dinov2_base_top4,p1_27507,random_deletion,0.2,0.999934196472168
dinov2_base_top4,p1_27507,random_deletion,0.4,0.9998257756233215
dinov2_base_top4,p1_27507,random_deletion,0.6,0.999683658281962
dinov2_base_top4,p1_27507,random_deletion,0.8,0.9998926520347595
dinov2_base_top4,p1_27507,random_deletion,1.0,0.9999650716781616
dinov2_base_top4,p1_27614,deletion,0.0,0.9999692440032959
dinov2_base_top4,p1_27614,deletion,0.1,0.9981555541356405
dinov2_base_top4,p1_27614,deletion,0.2,0.9553807179133097
dinov2_base_top4,p1_27614,deletion,0.4,0.7072192976872126
dinov2_base_top4,p1_27614,deletion,0.6,0.0630700324351589
dinov2_base_top4,p1_27614,deletion,0.8,0.5444534122943878
dinov2_base_top4,p1_27614,deletion,1.0,0.8363581895828247
dinov2_base_top4,p1_27614,insertion,0.0,0.8363581895828247
dinov2_base_top4,p1_27614,insertion,0.1,0.6474904815355936
dinov2_base_top4,p1_27614,insertion,0.2,0.9963412483533224
dinov2_base_top4,p1_27614,insertion,0.4,0.9994222521781921
dinov2_base_top4,p1_27614,insertion,0.6,0.9995469252268473
dinov2_base_top4,p1_27614,insertion,0.8,0.9996689558029175
dinov2_base_top4,p1_27614,insertion,1.0,0.9999692440032959
dinov2_base_top4,p1_27614,random_deletion,0.0,0.9999692440032959
dinov2_base_top4,p1_27614,random_deletion,0.1,0.9997013608614603
dinov2_base_top4,p1_27614,random_deletion,0.2,0.9993305007616679
dinov2_base_top4,p1_27614,random_deletion,0.4,0.9988410671552023
dinov2_base_top4,p1_27614,random_deletion,0.6,0.9979578852653503
dinov2_base_top4,p1_27614,random_deletion,0.8,0.9740016063054403
dinov2_base_top4,p1_27614,random_deletion,1.0,0.8363581895828247
dinov2_base_top4,p1_27620,deletion,0.0,0.9999993244806925
dinov2_base_top4,p1_27620,deletion,0.1,0.9999994436899821
dinov2_base_top4,p1_27620,deletion,0.2,0.9999988873799642
dinov2_base_top4,p1_27620,deletion,0.4,0.9999988476435343
dinov2_base_top4,p1_27620,deletion,0.6,0.9999990860621134
dinov2_base_top4,p1_27620,deletion,0.8,0.9999593496322632
dinov2_base_top4,p1_27620,deletion,1.0,0.9999993642171224
dinov2_base_top4,p1_27620,insertion,0.0,0.9999993642171224
dinov2_base_top4,p1_27620,insertion,0.1,0.9997189243634542
dinov2_base_top4,p1_27620,insertion,0.2,0.9990410407384237
dinov2_base_top4,p1_27620,insertion,0.4,0.9998140136400858
dinov2_base_top4,p1_27620,insertion,0.6,0.9999994436899821
dinov2_base_top4,p1_27620,insertion,0.8,0.9999995628992716
dinov2_base_top4,p1_27620,insertion,1.0,0.9999993244806925
dinov2_base_top4,p1_27620,random_deletion,0.0,0.9999993244806925
dinov2_base_top4,p1_27620,random_deletion,0.1,0.9999993642171224
dinov2_base_top4,p1_27620,random_deletion,0.2,0.9999994436899821
dinov2_base_top4,p1_27620,random_deletion,0.4,0.9999995628992716
dinov2_base_top4,p1_27620,random_deletion,0.6,0.9999998410542806
dinov2_base_top4,p1_27620,random_deletion,0.8,0.9997178514798483
dinov2_base_top4,p1_27620,random_deletion,1.0,0.9999993642171224
dinov2_base_top4,p1_27672,deletion,0.0,0.999990979830424
dinov2_base_top4,p1_27672,deletion,0.1,0.9999847014745077
dinov2_base_top4,p1_27672,deletion,0.2,0.9999729792277018
dinov2_base_top4,p1_27672,deletion,0.4,0.9999625285466512
dinov2_base_top4,p1_27672,deletion,0.6,0.9997775157292684
dinov2_base_top4,p1_27672,deletion,0.8,0.9995731910069784
dinov2_base_top4,p1_27672,deletion,1.0,0.9999320904413859
dinov2_base_top4,p1_27672,insertion,0.0,0.9999320904413859
dinov2_base_top4,p1_27672,insertion,0.1,0.9995638728141785
dinov2_base_top4,p1_27672,insertion,0.2,0.9999821186065674
dinov2_base_top4,p1_27672,insertion,0.4,0.9999921321868896
dinov2_base_top4,p1_27672,insertion,0.6,0.9999923308690389
dinov2_base_top4,p1_27672,insertion,0.8,0.9999922513961792
dinov2_base_top4,p1_27672,insertion,1.0,0.999990979830424
dinov2_base_top4,p1_27672,random_deletion,0.0,0.999990979830424
dinov2_base_top4,p1_27672,random_deletion,0.1,0.9999924103418986
dinov2_base_top4,p1_27672,random_deletion,0.2,0.9999897082646688
dinov2_base_top4,p1_27672,random_deletion,0.4,0.9999803702036539
dinov2_base_top4,p1_27672,random_deletion,0.6,0.9998753070831299
dinov2_base_top4,p1_27672,random_deletion,0.8,0.9998971621195475
dinov2_base_top4,p1_27672,random_deletion,1.0,0.9999320904413859
dinov2_base_top4,p1_27731,deletion,0.0,0.9999977350234985
dinov2_base_top4,p1_27731,deletion,0.1,0.9999987681706747
dinov2_base_top4,p1_27731,deletion,0.2,0.9999988079071045
dinov2_base_top4,p1_27731,deletion,0.4,0.9999978939692179
dinov2_base_top4,p1_27731,deletion,0.6,0.9999942382176717
dinov2_base_top4,p1_27731,deletion,0.8,0.9999760786692301
dinov2_base_top4,p1_27731,deletion,1.0,0.999991774559021
dinov2_base_top4,p1_27731,insertion,0.0,0.999991774559021
dinov2_base_top4,p1_27731,insertion,0.1,0.999839206536611
dinov2_base_top4,p1_27731,insertion,0.2,0.9999000231424967
dinov2_base_top4,p1_27731,insertion,0.4,0.9999737739562988
dinov2_base_top4,p1_27731,insertion,0.6,0.9999971787134806
dinov2_base_top4,p1_27731,insertion,0.8,0.9999984502792358
dinov2_base_top4,p1_27731,insertion,1.0,0.9999977350234985
dinov2_base_top4,p1_27731,random_deletion,0.0,0.9999977350234985
dinov2_base_top4,p1_27731,random_deletion,0.1,0.9999978542327881
dinov2_base_top4,p1_27731,random_deletion,0.2,0.9999978542327881
dinov2_base_top4,p1_27731,random_deletion,0.4,0.9999980926513672
dinov2_base_top4,p1_27731,random_deletion,0.6,0.9999976952870687
dinov2_base_top4,p1_27731,random_deletion,0.8,0.9999063014984131
dinov2_base_top4,p1_27731,random_deletion,1.0,0.999991774559021
dinov2_base_top4,p1_27807,deletion,0.0,0.9999985297520956
dinov2_base_top4,p1_27807,deletion,0.1,0.9999978144963583
dinov2_base_top4,p1_27807,deletion,0.2,0.9999975760777792
dinov2_base_top4,p1_27807,deletion,0.4,0.9999979734420776
dinov2_base_top4,p1_27807,deletion,0.6,0.9999990463256836
dinov2_base_top4,p1_27807,deletion,0.8,0.9999959071477255
dinov2_base_top4,p1_27807,deletion,1.0,0.999997059504191
dinov2_base_top4,p1_27807,insertion,0.0,0.999997059504191
dinov2_base_top4,p1_27807,insertion,0.1,0.9999126394589742
dinov2_base_top4,p1_27807,insertion,0.2,0.9986393650372823
dinov2_base_top4,p1_27807,insertion,0.4,0.9943865338961283
dinov2_base_top4,p1_27807,insertion,0.6,0.9999897877375284
dinov2_base_top4,p1_27807,insertion,0.8,0.9999978939692179
dinov2_base_top4,p1_27807,insertion,1.0,0.9999985297520956
dinov2_base_top4,p1_27807,random_deletion,0.0,0.9999985297520956
dinov2_base_top4,p1_27807,random_deletion,0.1,0.9999977350234985
dinov2_base_top4,p1_27807,random_deletion,0.2,0.9999970197677612
dinov2_base_top4,p1_27807,random_deletion,0.4,0.9999982118606567
dinov2_base_top4,p1_27807,random_deletion,0.6,0.9999989668528239
dinov2_base_top4,p1_27807,random_deletion,0.8,0.999942421913147
dinov2_base_top4,p1_27807,random_deletion,1.0,0.999997059504191
dinov2_base_top4,p1_27859,deletion,0.0,0.9998782475789388
dinov2_base_top4,p1_27859,deletion,0.1,0.9985372026761373
dinov2_base_top4,p1_27859,deletion,0.2,0.976393441359202
dinov2_base_top4,p1_27859,deletion,0.4,0.8780519366264343
dinov2_base_top4,p1_27859,deletion,0.6,0.5714143216609955
dinov2_base_top4,p1_27859,deletion,0.8,0.5198869407176971
dinov2_base_top4,p1_27859,deletion,1.0,0.6340747276941935
dinov2_base_top4,p1_27859,insertion,0.0,0.6340747276941935
dinov2_base_top4,p1_27859,insertion,0.1,0.9978544513384501
dinov2_base_top4,p1_27859,insertion,0.2,0.9999083280563354
dinov2_base_top4,p1_27859,insertion,0.4,0.999880313873291
dinov2_base_top4,p1_27859,insertion,0.6,0.9998733599980673
dinov2_base_top4,p1_27859,insertion,0.8,0.9998893737792969
dinov2_base_top4,p1_27859,insertion,1.0,0.9998782475789388
dinov2_base_top4,p1_27859,random_deletion,0.0,0.9998782475789388
dinov2_base_top4,p1_27859,random_deletion,0.1,0.9999263286590576
dinov2_base_top4,p1_27859,random_deletion,0.2,0.999930183092753
dinov2_base_top4,p1_27859,random_deletion,0.4,0.9988702932993571
dinov2_base_top4,p1_27859,random_deletion,0.6,0.9990661144256592
dinov2_base_top4,p1_27859,random_deletion,0.8,0.5699835022290548
dinov2_base_top4,p1_27859,random_deletion,1.0,0.6340747276941935
dinov2_base_top4,p1_27888,deletion,0.0,0.9999189376831055
dinov2_base_top4,p1_27888,deletion,0.1,0.9999878803888956
dinov2_base_top4,p1_27888,deletion,0.2,0.9999887148539225
dinov2_base_top4,p1_27888,deletion,0.4,0.9997020363807678
dinov2_base_top4,p1_27888,deletion,0.6,0.9962140123049418
dinov2_base_top4,p1_27888,deletion,0.8,0.9959566195805868
dinov2_base_top4,p1_27888,deletion,1.0,0.9957708120346069
dinov2_base_top4,p1_27888,insertion,0.0,0.9957708120346069
dinov2_base_top4,p1_27888,insertion,0.1,0.9992471734682719
dinov2_base_top4,p1_27888,insertion,0.2,0.9994381467501322
dinov2_base_top4,p1_27888,insertion,0.4,0.9998970627784729
dinov2_base_top4,p1_27888,insertion,0.6,0.9999282360076904
dinov2_base_top4,p1_27888,insertion,0.8,0.9999107519785563
dinov2_base_top4,p1_27888,insertion,1.0,0.9999189376831055
dinov2_base_top4,p1_27888,random_deletion,0.0,0.9999189376831055
dinov2_base_top4,p1_27888,random_deletion,0.1,0.9999675353368124
dinov2_base_top4,p1_27888,random_deletion,0.2,0.9999910990397135
dinov2_base_top4,p1_27888,random_deletion,0.4,0.9999929666519165
dinov2_base_top4,p1_27888,random_deletion,0.6,0.9999762773513794
dinov2_base_top4,p1_27888,random_deletion,0.8,0.9997132221857706
dinov2_base_top4,p1_27888,random_deletion,1.0,0.9957708120346069
dinov2_base_top4,p1_28031,deletion,0.0,0.9999891519546509
dinov2_base_top4,p1_28031,deletion,0.1,0.9999938408533732
dinov2_base_top4,p1_28031,deletion,0.2,0.9999885956446329
dinov2_base_top4,p1_28031,deletion,0.4,0.9999913374582926
dinov2_base_top4,p1_28031,deletion,0.6,0.9999904235204061
dinov2_base_top4,p1_28031,deletion,0.8,0.9999968608220419
dinov2_base_top4,p1_28031,deletion,1.0,0.9999988873799642
dinov2_base_top4,p1_28031,insertion,0.0,0.9999988873799642
dinov2_base_top4,p1_28031,insertion,0.1,0.999990701675415
dinov2_base_top4,p1_28031,insertion,0.2,0.9999977350234985
dinov2_base_top4,p1_28031,insertion,0.4,0.9999915758768717
dinov2_base_top4,p1_28031,insertion,0.6,0.999993642171224
dinov2_base_top4,p1_28031,insertion,0.8,0.9999955892562866
dinov2_base_top4,p1_28031,insertion,1.0,0.9999891519546509
dinov2_base_top4,p1_28031,random_deletion,0.0,0.9999891519546509
dinov2_base_top4,p1_28031,random_deletion,0.1,0.9999923706054688
dinov2_base_top4,p1_28031,random_deletion,0.2,0.9999906222025553
dinov2_base_top4,p1_28031,random_deletion,0.4,0.9999971389770508
dinov2_base_top4,p1_28031,random_deletion,0.6,0.9999984900156657
dinov2_base_top4,p1_28031,random_deletion,0.8,0.9999984900156657
dinov2_base_top4,p1_28031,random_deletion,1.0,0.9999988873799642
dinov2_base_top4,p1_28065,deletion,0.0,0.9995255470275879
dinov2_base_top4,p1_28065,deletion,0.1,0.9999590317408243
dinov2_base_top4,p1_28065,deletion,0.2,0.9999899864196777
dinov2_base_top4,p1_28065,deletion,0.4,0.9999433755874634
dinov2_base_top4,p1_28065,deletion,0.6,0.99995223681132
dinov2_base_top4,p1_28065,deletion,0.8,0.9999269843101501
dinov2_base_top4,p1_28065,deletion,1.0,0.9999978542327881
dinov2_base_top4,p1_28065,insertion,0.0,0.9999978542327881
dinov2_base_top4,p1_28065,insertion,0.1,0.9999752839406332
dinov2_base_top4,p1_28065,insertion,0.2,0.9997250040372213
dinov2_base_top4,p1_28065,insertion,0.4,0.9963369965553284
dinov2_base_top4,p1_28065,insertion,0.6,0.9993016322453817
dinov2_base_top4,p1_28065,insertion,0.8,0.9989201029141744
dinov2_base_top4,p1_28065,insertion,1.0,0.9995255470275879
dinov2_base_top4,p1_28065,random_deletion,0.0,0.9995255470275879
dinov2_base_top4,p1_28065,random_deletion,0.1,0.9997121493021647
dinov2_base_top4,p1_28065,random_deletion,0.2,0.9998322129249573
dinov2_base_top4,p1_28065,random_deletion,0.4,0.9999516010284424
dinov2_base_top4,p1_28065,random_deletion,0.6,0.9999682505925497
dinov2_base_top4,p1_28065,random_deletion,0.8,0.9999606211980184
dinov2_base_top4,p1_28065,random_deletion,1.0,0.9999978542327881
dinov2_base_top4,p1_28180,deletion,0.0,0.9999972979227701
dinov2_base_top4,p1_28180,deletion,0.1,0.9999980926513672
dinov2_base_top4,p1_28180,deletion,0.2,0.9999976555506388
dinov2_base_top4,p1_28180,deletion,0.4,0.9964333772659302
dinov2_base_top4,p1_28180,deletion,0.6,0.9363845984141032
dinov2_base_top4,p1_28180,deletion,0.8,0.6972861041625341
dinov2_base_top4,p1_28180,deletion,1.0,0.9995500445365906
dinov2_base_top4,p1_28180,insertion,0.0,0.9995500445365906
dinov2_base_top4,p1_28180,insertion,0.1,0.9999778668085734
dinov2_base_top4,p1_28180,insertion,0.2,0.9999335805575053
dinov2_base_top4,p1_28180,insertion,0.4,0.9521372119585673
dinov2_base_top4,p1_28180,insertion,0.6,0.999308705329895
dinov2_base_top4,p1_28180,insertion,0.8,0.999997615814209
dinov2_base_top4,p1_28180,insertion,1.0,0.9999972979227701
dinov2_base_top4,p1_28180,random_deletion,0.0,0.9999972979227701
dinov2_base_top4,p1_28180,random_deletion,0.1,0.9999965031941732
dinov2_base_top4,p1_28180,random_deletion,0.2,0.9999958674112955
dinov2_base_top4,p1_28180,random_deletion,0.4,0.9999975363413492
dinov2_base_top4,p1_28180,random_deletion,0.6,0.9999951124191284
dinov2_base_top4,p1_28180,random_deletion,0.8,0.9999914169311523
dinov2_base_top4,p1_28180,random_deletion,1.0,0.9995500445365906
dinov2_base_top4,p1_28221,deletion,0.0,0.9999823570251465
dinov2_base_top4,p1_28221,deletion,0.1,0.9999371767044067
dinov2_base_top4,p1_28221,deletion,0.2,0.9995773832003275
dinov2_base_top4,p1_28221,deletion,0.4,0.9278034369150797
dinov2_base_top4,p1_28221,deletion,0.6,0.6161092718442281
dinov2_base_top4,p1_28221,deletion,0.8,0.5760982086261114
dinov2_base_top4,p1_28221,deletion,1.0,0.8740584254264832
dinov2_base_top4,p1_28221,insertion,0.0,0.8740584254264832
dinov2_base_top4,p1_28221,insertion,0.1,0.8775116801261902
dinov2_base_top4,p1_28221,insertion,0.2,0.9162299831708273
dinov2_base_top4,p1_28221,insertion,0.4,0.999721626440684
dinov2_base_top4,p1_28221,insertion,0.6,0.9999606211980184
dinov2_base_top4,p1_28221,insertion,0.8,0.9999665021896362
dinov2_base_top4,p1_28221,insertion,1.0,0.9999823570251465
dinov2_base_top4,p1_28221,random_deletion,0.0,0.9999823570251465
dinov2_base_top4,p1_28221,random_deletion,0.1,0.9999761581420898
dinov2_base_top4,p1_28221,random_deletion,0.2,0.9999597867329916
dinov2_base_top4,p1_28221,random_deletion,0.4,0.9999569257100424
dinov2_base_top4,p1_28221,random_deletion,0.6,0.9989514350891113
dinov2_base_top4,p1_28221,random_deletion,0.8,0.9932186206181844
dinov2_base_top4,p1_28221,random_deletion,1.0,0.8740584254264832
dinov2_base_top4,p1_28820,deletion,0.0,0.9999980131785074
dinov2_base_top4,p1_28820,deletion,0.1,0.9999981721242269
dinov2_base_top4,p1_28820,deletion,0.2,0.9999981721242269
dinov2_base_top4,p1_28820,deletion,0.4,0.9999984900156657
dinov2_base_top4,p1_28820,deletion,0.6,0.9999978542327881
dinov2_base_top4,p1_28820,deletion,0.8,0.9999936819076538
dinov2_base_top4,p1_28820,deletion,1.0,0.9999974966049194
dinov2_base_top4,p1_28820,insertion,0.0,0.9999974966049194
dinov2_base_top4,p1_28820,insertion,0.1,0.9999688466389974
dinov2_base_top4,p1_28820,insertion,0.2,0.999982754389445
dinov2_base_top4,p1_28820,insertion,0.4,0.9999790986378988
dinov2_base_top4,p1_28820,insertion,0.6,0.999998132387797
dinov2_base_top4,p1_28820,insertion,0.8,0.9999975760777792
dinov2_base_top4,p1_28820,insertion,1.0,0.9999980131785074
dinov2_base_top4,p1_28820,random_deletion,0.0,0.9999980131785074
dinov2_base_top4,p1_28820,random_deletion,0.1,0.9999974966049194
dinov2_base_top4,p1_28820,random_deletion,0.2,0.9999985694885254
dinov2_base_top4,p1_28820,random_deletion,0.4,0.9999991257985433
dinov2_base_top4,p1_28820,random_deletion,0.6,0.9999989668528239
dinov2_base_top4,p1_28820,random_deletion,0.8,0.9999987681706747
dinov2_base_top4,p1_28820,random_deletion,1.0,0.9999974966049194
dinov2_base_top4,p1_28940,deletion,0.0,0.9999726613362631
dinov2_base_top4,p1_28940,deletion,0.1,0.9999195337295532
dinov2_base_top4,p1_28940,deletion,0.2,0.9999489386876425
dinov2_base_top4,p1_28940,deletion,0.4,0.9999881982803345
dinov2_base_top4,p1_28940,deletion,0.6,0.9999897480010986
dinov2_base_top4,p1_28940,deletion,0.8,0.9999849398930868
dinov2_base_top4,p1_28940,deletion,1.0,0.9999958276748657
dinov2_base_top4,p1_28940,insertion,0.0,0.9999958276748657
dinov2_base_top4,p1_28940,insertion,0.1,0.9998209675153097
dinov2_base_top4,p1_28940,insertion,0.2,0.9999886751174927
dinov2_base_top4,p1_28940,insertion,0.4,0.9999920527140299
dinov2_base_top4,p1_28940,insertion,0.6,0.9999908606211344
dinov2_base_top4,p1_28940,insertion,0.8,0.9999882380167643
dinov2_base_top4,p1_28940,insertion,1.0,0.9999726613362631
dinov2_base_top4,p1_28940,random_deletion,0.0,0.9999726613362631
dinov2_base_top4,p1_28940,random_deletion,0.1,0.9999725421269735
dinov2_base_top4,p1_28940,random_deletion,0.2,0.9999503294626871
dinov2_base_top4,p1_28940,random_deletion,0.4,0.999962568283081
dinov2_base_top4,p1_28940,random_deletion,0.6,0.9999869267145792
dinov2_base_top4,p1_28940,random_deletion,0.8,0.9999889532725016
dinov2_base_top4,p1_28940,random_deletion,1.0,0.9999958276748657
dinov2_base_top4,p1_29225,deletion,0.0,0.9999993642171224
dinov2_base_top4,p1_29225,deletion,0.1,0.9999993642171224
dinov2_base_top4,p1_29225,deletion,0.2,0.9999996026357015
dinov2_base_top4,p1_29225,deletion,0.4,0.9999992847442627
dinov2_base_top4,p1_29225,deletion,0.6,0.9999972184499105
dinov2_base_top4,p1_29225,deletion,0.8,0.9999921719233195
dinov2_base_top4,p1_29225,deletion,1.0,0.999998410542806
dinov2_base_top4,p1_29225,insertion,0.0,0.999998410542806
dinov2_base_top4,p1_29225,insertion,0.1,0.9999872048695883
dinov2_base_top4,p1_29225,insertion,0.2,0.9999974171320597
dinov2_base_top4,p1_29225,insertion,0.4,0.9999991257985433
dinov2_base_top4,p1_29225,insertion,0.6,0.9999984900156657
dinov2_base_top4,p1_29225,insertion,0.8,0.9999979734420776
dinov2_base_top4,p1_29225,insertion,1.0,0.9999993642171224
dinov2_base_top4,p1_29225,random_deletion,0.0,0.9999993642171224
dinov2_base_top4,p1_29225,random_deletion,0.1,0.9999994436899821
dinov2_base_top4,p1_29225,random_deletion,0.2,0.999998927116394
dinov2_base_top4,p1_29225,random_deletion,0.4,0.9999959071477255
dinov2_base_top4,p1_29225,random_deletion,0.6,0.9999956687291464
dinov2_base_top4,p1_29225,random_deletion,0.8,0.9999812444051107
dinov2_base_top4,p1_29225,random_deletion,1.0,0.999998410542806
dinov2_base_top4,p1_29288,deletion,0.0,0.9999677340189616
dinov2_base_top4,p1_29288,deletion,0.1,0.9997761050860087
dinov2_base_top4,p1_29288,deletion,0.2,0.9975135723749796
dinov2_base_top4,p1_29288,deletion,0.4,0.9954892992973328
dinov2_base_top4,p1_29288,deletion,0.6,0.8906933863957723
dinov2_base_top4,p1_29288,deletion,0.8,0.4710979262987773
dinov2_base_top4,p1_29288,deletion,1.0,0.9999567667643229
dinov2_base_top4,p1_29288,insertion,0.0,0.9999567667643229
dinov2_base_top4,p1_29288,insertion,0.1,0.9997586011886597
dinov2_base_top4,p1_29288,insertion,0.2,0.9991333882013956
dinov2_base_top4,p1_29288,insertion,0.4,0.9999359448750814
dinov2_base_top4,p1_29288,insertion,0.6,0.9999388058980306
dinov2_base_top4,p1_29288,insertion,0.8,0.9999712705612183
dinov2_base_top4,p1_29288,insertion,1.0,0.9999677340189616
dinov2_base_top4,p1_29288,random_deletion,0.0,0.9999677340189616
dinov2_base_top4,p1_29288,random_deletion,0.1,0.9999860922495524
dinov2_base_top4,p1_29288,random_deletion,0.2,0.9999731779098511
dinov2_base_top4,p1_29288,random_deletion,0.4,0.9993330438931783
dinov2_base_top4,p1_29288,random_deletion,0.6,0.9957603812217712
dinov2_base_top4,p1_29288,random_deletion,0.8,0.8694681723912557
dinov2_base_top4,p1_29288,random_deletion,1.0,0.9999567667643229
dinov2_base_top4,p1_30030,deletion,0.0,0.9999980131785074
dinov2_base_top4,p1_30030,deletion,0.1,0.9999977747599283
dinov2_base_top4,p1_30030,deletion,0.2,0.9999974171320597
dinov2_base_top4,p1_30030,deletion,0.4,0.9999980926513672
dinov2_base_top4,p1_30030,deletion,0.6,0.9999889930089315
dinov2_base_top4,p1_30030,deletion,0.8,0.9999908208847046
dinov2_base_top4,p1_30030,deletion,1.0,0.9999987681706747
dinov2_base_top4,p1_30030,insertion,0.0,0.9999987681706747
dinov2_base_top4,p1_30030,insertion,0.1,0.9999982118606567
dinov2_base_top4,p1_30030,insertion,0.2,0.9999986489613851
dinov2_base_top4,p1_30030,insertion,0.4,0.9999990065892538
dinov2_base_top4,p1_30030,insertion,0.6,0.9999995231628418
dinov2_base_top4,p1_30030,insertion,0.8,0.9999992450078329
dinov2_base_top4,p1_30030,insertion,1.0,0.9999980131785074
dinov2_base_top4,p1_30030,random_deletion,0.0,0.9999980131785074
dinov2_base_top4,p1_30030,random_deletion,0.1,0.9999984502792358
dinov2_base_top4,p1_30030,random_deletion,0.2,0.9999988873799642
dinov2_base_top4,p1_30030,random_deletion,0.4,0.9999986092249552
dinov2_base_top4,p1_30030,random_deletion,0.6,0.9999988079071045
dinov2_base_top4,p1_30030,random_deletion,0.8,0.9999991655349731
dinov2_base_top4,p1_30030,random_deletion,1.0,0.9999987681706747
dinov2_base_top4,p1_30045,deletion,0.0,0.9999971787134806
dinov2_base_top4,p1_30045,deletion,0.1,0.9999876817067465
dinov2_base_top4,p1_30045,deletion,0.2,0.9997377792994181
dinov2_base_top4,p1_30045,deletion,0.4,0.9999818801879883
dinov2_base_top4,p1_30045,deletion,0.6,0.9999969402949015
dinov2_base_top4,p1_30045,deletion,0.8,0.9999919335047404
dinov2_base_top4,p1_30045,deletion,1.0,0.9999961058298746
dinov2_base_top4,p1_30045,insertion,0.0,0.9999961058298746
dinov2_base_top4,p1_30045,insertion,0.1,0.9999989668528239
dinov2_base_top4,p1_30045,insertion,0.2,0.9999992450078329
dinov2_base_top4,p1_30045,insertion,0.4,0.999998927116394
dinov2_base_top4,p1_30045,insertion,0.6,0.9999975363413492
dinov2_base_top4,p1_30045,insertion,0.8,0.9999974568684896
dinov2_base_top4,p1_30045,insertion,1.0,0.9999971787134806
dinov2_base_top4,p1_30045,random_deletion,0.0,0.9999971787134806
dinov2_base_top4,p1_30045,random_deletion,0.1,0.9999980131785074
dinov2_base_top4,p1_30045,random_deletion,0.2,0.9999976555506388
dinov2_base_top4,p1_30045,random_deletion,0.4,0.9999957879384359
dinov2_base_top4,p1_30045,random_deletion,0.6,0.999993642171224
dinov2_base_top4,p1_30045,random_deletion,0.8,0.9999905029932658
dinov2_base_top4,p1_30045,random_deletion,1.0,0.9999961058298746
dinov2_base_top4,p1_30059,deletion,0.0,0.9999882777531942
dinov2_base_top4,p1_30059,deletion,0.1,0.9999585946400961
dinov2_base_top4,p1_30059,deletion,0.2,0.9998827576637268
dinov2_base_top4,p1_30059,deletion,0.4,0.9989542166392008
dinov2_base_top4,p1_30059,deletion,0.6,0.9991089502970377
dinov2_base_top4,p1_30059,deletion,0.8,0.9998198747634888
dinov2_base_top4,p1_30059,deletion,1.0,0.9999295870463053
dinov2_base_top4,p1_30059,insertion,0.0,0.9999295870463053
dinov2_base_top4,p1_30059,insertion,0.1,0.9999965826670328
dinov2_base_top4,p1_30059,insertion,0.2,0.9999927679697672
dinov2_base_top4,p1_30059,insertion,0.4,0.9999899864196777
dinov2_base_top4,p1_30059,insertion,0.6,0.999988834063212
dinov2_base_top4,p1_30059,insertion,0.8,0.9999923308690389
dinov2_base_top4,p1_30059,insertion,1.0,0.9999882777531942
dinov2_base_top4,p1_30059,random_deletion,0.0,0.9999882777531942
dinov2_base_top4,p1_30059,random_deletion,0.1,0.9999889135360718
dinov2_base_top4,p1_30059,random_deletion,0.2,0.9999865690867106
dinov2_base_top4,p1_30059,random_deletion,0.4,0.9999678134918213
dinov2_base_top4,p1_30059,random_deletion,0.6,0.9998652338981628
dinov2_base_top4,p1_30059,random_deletion,0.8,0.9995988607406616
dinov2_base_top4,p1_30059,random_deletion,1.0,0.9999295870463053
dinov2_base_top4,p1_30271,deletion,0.0,0.9998622536659241
dinov2_base_top4,p1_30271,deletion,0.1,0.9999308188756307
dinov2_base_top4,p1_30271,deletion,0.2,0.999882698059082
dinov2_base_top4,p1_30271,deletion,0.4,0.9999813238779703
dinov2_base_top4,p1_30271,deletion,0.6,0.9999551773071289
dinov2_base_top4,p1_30271,deletion,0.8,0.9999656279881796
dinov2_base_top4,p1_30271,deletion,1.0,0.9994460344314575
dinov2_base_top4,p1_30271,insertion,0.0,0.9994460344314575
dinov2_base_top4,p1_30271,insertion,0.1,0.9999698400497437
dinov2_base_top4,p1_30271,insertion,0.2,0.9998195767402649
dinov2_base_top4,p1_30271,insertion,0.4,0.9999051888783773
dinov2_base_top4,p1_30271,insertion,0.6,0.9998077551523844
dinov2_base_top4,p1_30271,insertion,0.8,0.9998456239700317
dinov2_base_top4,p1_30271,insertion,1.0,0.9998622536659241
dinov2_base_top4,p1_30271,random_deletion,0.0,0.9998622536659241
dinov2_base_top4,p1_30271,random_deletion,0.1,0.9998564720153809
dinov2_base_top4,p1_30271,random_deletion,0.2,0.9999443292617798
dinov2_base_top4,p1_30271,random_deletion,0.4,0.999954104423523
dinov2_base_top4,p1_30271,random_deletion,0.6,0.9999738534291586
dinov2_base_top4,p1_30271,random_deletion,0.8,0.999999483426412
dinov2_base_top4,p1_30271,random_deletion,1.0,0.9994460344314575
dinov2_base_top4,p1_31007,deletion,0.0,0.9999954303105673
dinov2_base_top4,p1_31007,deletion,0.1,0.9999963045120239
dinov2_base_top4,p1_31007,deletion,0.2,0.9999966224034628
dinov2_base_top4,p1_31007,deletion,0.4,0.9999971389770508
dinov2_base_top4,p1_31007,deletion,0.6,0.9999989668528239
dinov2_base_top4,p1_31007,deletion,0.8,0.9999994039535522
dinov2_base_top4,p1_31007,deletion,1.0,0.9999972184499105
dinov2_base_top4,p1_31007,insertion,0.0,0.9999972184499105
dinov2_base_top4,p1_31007,insertion,0.1,0.9999694426854452
dinov2_base_top4,p1_31007,insertion,0.2,0.9999948740005493
dinov2_base_top4,p1_31007,insertion,0.4,0.9999972184499105
dinov2_base_top4,p1_31007,insertion,0.6,0.9999879201253256
dinov2_base_top4,p1_31007,insertion,0.8,0.9999940792719523
dinov2_base_top4,p1_31007,insertion,1.0,0.9999954303105673
dinov2_base_top4,p1_31007,random_deletion,0.0,0.9999954303105673
dinov2_base_top4,p1_31007,random_deletion,0.1,0.9999949932098389
dinov2_base_top4,p1_31007,random_deletion,0.2,0.999997099240621
dinov2_base_top4,p1_31007,random_deletion,0.4,0.9999982118606567
dinov2_base_top4,p1_31007,random_deletion,0.6,0.9999991655349731
dinov2_base_top4,p1_31007,random_deletion,0.8,0.9999995231628418
dinov2_base_top4,p1_31007,random_deletion,1.0,0.9999972184499105
dinov2_base_top4,p1_31024,deletion,0.0,0.9999711513519287
dinov2_base_top4,p1_31024,deletion,0.1,0.9999885161717733
dinov2_base_top4,p1_31024,deletion,0.2,0.9999806880950928
dinov2_base_top4,p1_31024,deletion,0.4,0.9984621008237203
dinov2_base_top4,p1_31024,deletion,0.6,0.9547868172327677
dinov2_base_top4,p1_31024,deletion,0.8,0.8151848117510477
dinov2_base_top4,p1_31024,deletion,1.0,0.9804094036420187
dinov2_base_top4,p1_31024,insertion,0.0,0.9804094036420187
dinov2_base_top4,p1_31024,insertion,0.1,0.9978621602058411
dinov2_base_top4,p1_31024,insertion,0.2,0.9999421834945679
dinov2_base_top4,p1_31024,insertion,0.4,0.9999475479125977
dinov2_base_top4,p1_31024,insertion,0.6,0.9999824364980062
dinov2_base_top4,p1_31024,insertion,0.8,0.999978224436442
dinov2_base_top4,p1_31024,insertion,1.0,0.9999711513519287
dinov2_base_top4,p1_31024,random_deletion,0.0,0.9999711513519287
dinov2_base_top4,p1_31024,random_deletion,0.1,0.9999845822652181
dinov2_base_top4,p1_31024,random_deletion,0.2,0.9999775886535645
dinov2_base_top4,p1_31024,random_deletion,0.4,0.9999732971191406
dinov2_base_top4,p1_31024,random_deletion,0.6,0.9997998277346293
dinov2_base_top4,p1_31024,random_deletion,0.8,0.9989433089892069
dinov2_base_top4,p1_31024,random_deletion,1.0,0.9804094036420187
dinov2_base_top4,p1_31164,deletion,0.0,0.9999936024347941
dinov2_base_top4,p1_31164,deletion,0.1,0.9999932845433553
dinov2_base_top4,p1_31164,deletion,0.2,0.999992569287618
dinov2_base_top4,p1_31164,deletion,0.4,0.9999916950861613
dinov2_base_top4,p1_31164,deletion,0.6,0.9999955097834269
dinov2_base_top4,p1_31164,deletion,0.8,0.9999923706054688
dinov2_base_top4,p1_31164,deletion,1.0,0.9999951918919882
dinov2_base_top4,p1_31164,insertion,0.0,0.9999951918919882
dinov2_base_top4,p1_31164,insertion,0.1,0.9999579588572184
dinov2_base_top4,p1_31164,insertion,0.2,0.9999897082646688
dinov2_base_top4,p1_31164,insertion,0.4,0.9999959071477255
dinov2_base_top4,p1_31164,insertion,0.6,0.9999947945276896
dinov2_base_top4,p1_31164,insertion,0.8,0.9999920924504598
dinov2_base_top4,p1_31164,insertion,1.0,0.9999936024347941
dinov2_base_top4,p1_31164,random_deletion,0.0,0.9999936024347941
dinov2_base_top4,p1_31164,random_deletion,0.1,0.9999965031941732
dinov2_base_top4,p1_31164,random_deletion,0.2,0.999995231628418
dinov2_base_top4,p1_31164,random_deletion,0.4,0.9999946355819702
dinov2_base_top4,p1_31164,random_deletion,0.6,0.9999949932098389
dinov2_base_top4,p1_31164,random_deletion,0.8,0.9999850193659464
dinov2_base_top4,p1_31164,random_deletion,1.0,0.9999951918919882
dinov2_base_top4,p1_31455,deletion,0.0,0.9999987681706747
dinov2_base_top4,p1_31455,deletion,0.1,0.999998927116394
dinov2_base_top4,p1_31455,deletion,0.2,0.9999993244806925
dinov2_base_top4,p1_31455,deletion,0.4,0.9999994039535522
dinov2_base_top4,p1_31455,deletion,0.6,0.9999984502792358
dinov2_base_top4,p1_31455,deletion,0.8,0.9999987284342448
dinov2_base_top4,p1_31455,deletion,1.0,0.9999934832255045
dinov2_base_top4,p1_31455,insertion,0.0,0.9999934832255045
dinov2_base_top4,p1_31455,insertion,0.1,0.9991168777147929
dinov2_base_top4,p1_31455,insertion,0.2,0.962649941444397
dinov2_base_top4,p1_31455,insertion,0.4,0.5091459403435389
dinov2_base_top4,p1_31455,insertion,0.6,0.9984861214955648
dinov2_base_top4,p1_31455,insertion,0.8,0.9999980529149374
dinov2_base_top4,p1_31455,insertion,1.0,0.9999987681706747
dinov2_base_top4,p1_31455,random_deletion,0.0,0.9999987681706747
dinov2_base_top4,p1_31455,random_deletion,0.1,0.9999989668528239
dinov2_base_top4,p1_31455,random_deletion,0.2,0.9999993244806925
dinov2_base_top4,p1_31455,random_deletion,0.4,0.9999979337056478
dinov2_base_top4,p1_31455,random_deletion,0.6,0.9999965031941732
dinov2_base_top4,p1_31455,random_deletion,0.8,0.9999984502792358
dinov2_base_top4,p1_31455,random_deletion,1.0,0.9999934832255045
dinov2_base_top4,p1_31598,deletion,0.0,0.9999996026357015
dinov2_base_top4,p1_31598,deletion,0.1,0.9999973773956299
dinov2_base_top4,p1_31598,deletion,0.2,0.9999876022338867
dinov2_base_top4,p1_31598,deletion,0.4,0.9997076590855917
dinov2_base_top4,p1_31598,deletion,0.6,0.9999178250630697
dinov2_base_top4,p1_31598,deletion,0.8,0.9999010960261027
dinov2_base_top4,p1_31598,deletion,1.0,0.9999508460362753
dinov2_base_top4,p1_31598,insertion,0.0,0.9999508460362753
dinov2_base_top4,p1_31598,insertion,0.1,0.9994651675224304
dinov2_base_top4,p1_31598,insertion,0.2,0.999991218249003
dinov2_base_top4,p1_31598,insertion,0.4,0.9999994436899821
dinov2_base_top4,p1_31598,insertion,0.6,0.9999995231628418
dinov2_base_top4,p1_31598,insertion,0.8,0.9999994436899821
dinov2_base_top4,p1_31598,insertion,1.0,0.9999996026357015
dinov2_base_top4,p1_31598,random_deletion,0.0,0.9999996026357015
dinov2_base_top4,p1_31598,random_deletion,0.1,0.999999483426412
dinov2_base_top4,p1_31598,random_deletion,0.2,0.9999990463256836
dinov2_base_top4,p1_31598,random_deletion,0.4,0.9999993642171224
dinov2_base_top4,p1_31598,random_deletion,0.6,0.9999979734420776
dinov2_base_top4,p1_31598,random_deletion,0.8,0.9999763170878092
dinov2_base_top4,p1_31598,random_deletion,1.0,0.9999508460362753
dinov2_base_top4,p1_31776,deletion,0.0,0.9999982913335165
dinov2_base_top4,p1_31776,deletion,0.1,0.9999990463256836
dinov2_base_top4,p1_31776,deletion,0.2,0.9999984900156657
dinov2_base_top4,p1_31776,deletion,0.4,0.9999988873799642
dinov2_base_top4,p1_31776,deletion,0.6,0.9999996821085612
dinov2_base_top4,p1_31776,deletion,0.8,0.9999973376592001
dinov2_base_top4,p1_31776,deletion,1.0,0.9999995628992716
dinov2_base_top4,p1_31776,insertion,0.0,0.9999995628992716
dinov2_base_top4,p1_31776,insertion,0.1,0.9999997615814209
dinov2_base_top4,p1_31776,insertion,0.2,0.9999998807907104
dinov2_base_top4,p1_31776,insertion,0.4,0.9999997615814209
dinov2_base_top4,p1_31776,insertion,0.6,0.9999988079071045
dinov2_base_top4,p1_31776,insertion,0.8,0.9999981721242269
dinov2_base_top4,p1_31776,insertion,1.0,0.9999982913335165
dinov2_base_top4,p1_31776,random_deletion,0.0,0.9999982913335165
dinov2_base_top4,p1_31776,random_deletion,0.1,0.9999983708063761
dinov2_base_top4,p1_31776,random_deletion,0.2,0.9999987681706747
dinov2_base_top4,p1_31776,random_deletion,0.4,0.9999990065892538
dinov2_base_top4,p1_31776,random_deletion,0.6,0.9999993244806925
dinov2_base_top4,p1_31776,random_deletion,0.8,0.9999996821085612
dinov2_base_top4,p1_31776,random_deletion,1.0,0.9999995628992716
dinov2_base_top4,p1_31780,deletion,0.0,0.9999990463256836
dinov2_base_top4,p1_31780,deletion,0.1,0.9999991655349731
dinov2_base_top4,p1_31780,deletion,0.2,0.9999992450078329
dinov2_base_top4,p1_31780,deletion,0.4,0.9999990860621134
dinov2_base_top4,p1_31780,deletion,0.6,0.9999986886978149
dinov2_base_top4,p1_31780,deletion,0.8,0.9999983708063761
dinov2_base_top4,p1_31780,deletion,1.0,0.9999978939692179
dinov2_base_top4,p1_31780,insertion,0.0,0.9999978939692179
dinov2_base_top4,p1_31780,insertion,0.1,0.999742309252421
dinov2_base_top4,p1_31780,insertion,0.2,0.9996476372083029
dinov2_base_top4,p1_31780,insertion,0.4,0.9999717871348063
dinov2_base_top4,p1_31780,insertion,0.6,0.9999923308690389
dinov2_base_top4,p1_31780,insertion,0.8,0.999999483426412
dinov2_base_top4,p1_31780,insertion,1.0,0.9999990463256836
dinov2_base_top4,p1_31780,random_deletion,0.0,0.9999990463256836
dinov2_base_top4,p1_31780,random_deletion,0.1,0.9999990065892538
dinov2_base_top4,p1_31780,random_deletion,0.2,0.9999990065892538
dinov2_base_top4,p1_31780,random_deletion,0.4,0.9999994436899821
dinov2_base_top4,p1_31780,random_deletion,0.6,0.9999986092249552
dinov2_base_top4,p1_31780,random_deletion,0.8,0.9999982913335165
dinov2_base_top4,p1_31780,random_deletion,1.0,0.9999978939692179
dinov2_base_top4,p1_31884,deletion,0.0,0.9999988476435343
dinov2_base_top4,p1_31884,deletion,0.1,0.9999991655349731
dinov2_base_top4,p1_31884,deletion,0.2,0.9999977350234985
dinov2_base_top4,p1_31884,deletion,0.4,0.9999671379725138
dinov2_base_top4,p1_31884,deletion,0.6,0.9996601343154907
dinov2_base_top4,p1_31884,deletion,0.8,0.9993926882743835
dinov2_base_top4,p1_31884,deletion,1.0,0.9999872446060181
dinov2_base_top4,p1_31884,insertion,0.0,0.9999872446060181
dinov2_base_top4,p1_31884,insertion,0.1,0.9996091524759928
dinov2_base_top4,p1_31884,insertion,0.2,0.9999961455663046
dinov2_base_top4,p1_31884,insertion,0.4,0.9999939600626627
dinov2_base_top4,p1_31884,insertion,0.6,0.9999932845433553
dinov2_base_top4,p1_31884,insertion,0.8,0.9999973376592001
dinov2_base_top4,p1_31884,insertion,1.0,0.9999988476435343
dinov2_base_top4,p1_31884,random_deletion,0.0,0.9999988476435343
dinov2_base_top4,p1_31884,random_deletion,0.1,0.999998132387797
dinov2_base_top4,p1_31884,random_deletion,0.2,0.9999967018763224
dinov2_base_top4,p1_31884,random_deletion,0.4,0.9999950726826986
dinov2_base_top4,p1_31884,random_deletion,0.6,0.9999951918919882
dinov2_base_top4,p1_31884,random_deletion,0.8,0.9994545181592306
dinov2_base_top4,p1_31884,random_deletion,1.0,0.9999872446060181
dinov2_base_top4,p1_31899,deletion,0.0,0.9999986489613851
dinov2_base_top4,p1_31899,deletion,0.1,0.9999764760335287
dinov2_base_top4,p1_31899,deletion,0.2,0.99998406569163
dinov2_base_top4,p1_31899,deletion,0.4,0.9999334613482157
dinov2_base_top4,p1_31899,deletion,0.6,0.9999488592147827
dinov2_base_top4,p1_31899,deletion,0.8,0.9999961853027344
dinov2_base_top4,p1_31899,deletion,1.0,0.9999990065892538
dinov2_base_top4,p1_31899,insertion,0.0,0.9999990065892538
dinov2_base_top4,p1_31899,insertion,0.1,0.9999430974324545
dinov2_base_top4,p1_31899,insertion,0.2,0.9999934832255045
dinov2_base_top4,p1_31899,insertion,0.4,0.9999876022338867
dinov2_base_top4,p1_31899,insertion,0.6,0.9999948342641195
dinov2_base_top4,p1_31899,insertion,0.8,0.9999915758768717
dinov2_base_top4,p1_31899,insertion,1.0,0.9999986489613851
dinov2_base_top4,p1_31899,random_deletion,0.0,0.9999986489613851
dinov2_base_top4,p1_31899,random_deletion,0.1,0.9999978939692179
dinov2_base_top4,p1_31899,random_deletion,0.2,0.9999791781107584
dinov2_base_top4,p1_31899,random_deletion,0.4,0.9999502897262573
dinov2_base_top4,p1_31899,random_deletion,0.6,0.9997082750002543
dinov2_base_top4,p1_31899,random_deletion,0.8,0.9999008774757385
dinov2_base_top4,p1_31899,random_deletion,1.0,0.9999990065892538
dinov2_base_top4,p1_32133,deletion,0.0,0.9647764364878336
dinov2_base_top4,p1_32133,deletion,0.1,0.9974898099899292
dinov2_base_top4,p1_32133,deletion,0.2,0.9872423410415649
dinov2_base_top4,p1_32133,deletion,0.4,0.9954985578854879
dinov2_base_top4,p1_32133,deletion,0.6,0.9657252629597982
dinov2_base_top4,p1_32133,deletion,0.8,0.9977040489514669
dinov2_base_top4,p1_32133,deletion,1.0,0.9990791281064352
dinov2_base_top4,p1_32133,insertion,0.0,0.9990791281064352
dinov2_base_top4,p1_32133,insertion,0.1,0.9651087919871012
dinov2_base_top4,p1_32133,insertion,0.2,0.9774173895517985
dinov2_base_top4,p1_32133,insertion,0.4,0.9631587862968445
dinov2_base_top4,p1_32133,insertion,0.6,0.9567018349965414
dinov2_base_top4,p1_32133,insertion,0.8,0.9603546261787415
dinov2_base_top4,p1_32133,insertion,1.0,0.9647764364878336
dinov2_base_top4,p1_32133,random_deletion,0.0,0.9647764364878336
dinov2_base_top4,p1_32133,random_deletion,0.1,0.9791701634724935
dinov2_base_top4,p1_32133,random_deletion,0.2,0.9968733588854471
dinov2_base_top4,p1_32133,random_deletion,0.4,0.9939644932746887
dinov2_base_top4,p1_32133,random_deletion,0.6,0.9963262478510538
dinov2_base_top4,p1_32133,random_deletion,0.8,0.9999361435572306
dinov2_base_top4,p1_32133,random_deletion,1.0,0.9990791281064352
dinov2_base_top4,p1_32222,deletion,0.0,0.9999144077301025
dinov2_base_top4,p1_32222,deletion,0.1,0.9996214509010315
dinov2_base_top4,p1_32222,deletion,0.2,0.9998896718025208
dinov2_base_top4,p1_32222,deletion,0.4,0.9996083974838257
dinov2_base_top4,p1_32222,deletion,0.6,0.9997330109278361
dinov2_base_top4,p1_32222,deletion,0.8,0.9999434550603231
dinov2_base_top4,p1_32222,deletion,1.0,0.9998425841331482
dinov2_base_top4,p1_32222,insertion,0.0,0.9998425841331482
dinov2_base_top4,p1_32222,insertion,0.1,0.9961249232292175
dinov2_base_top4,p1_32222,insertion,0.2,0.9999167124430338
dinov2_base_top4,p1_32222,insertion,0.4,0.9998525182406107
dinov2_base_top4,p1_32222,insertion,0.6,0.9998881419499716
dinov2_base_top4,p1_32222,insertion,0.8,0.9999511241912842
dinov2_base_top4,p1_32222,insertion,1.0,0.9999144077301025
dinov2_base_top4,p1_32222,random_deletion,0.0,0.9999144077301025
dinov2_base_top4,p1_32222,random_deletion,0.1,0.9996325373649597
dinov2_base_top4,p1_32222,random_deletion,0.2,0.9997926553090414
dinov2_base_top4,p1_32222,random_deletion,0.4,0.9933044910430908
dinov2_base_top4,p1_32222,random_deletion,0.6,0.9920054276784261
dinov2_base_top4,p1_32222,random_deletion,0.8,0.9547514716784159
dinov2_base_top4,p1_32222,random_deletion,1.0,0.9998425841331482
dinov2_base_top4,p1_32524,deletion,0.0,0.9999920129776001
dinov2_base_top4,p1_32524,deletion,0.1,0.9999920129776001
dinov2_base_top4,p1_32524,deletion,0.2,0.999994158744812
dinov2_base_top4,p1_32524,deletion,0.4,0.9999932448069254
dinov2_base_top4,p1_32524,deletion,0.6,0.9999929666519165
dinov2_base_top4,p1_32524,deletion,0.8,0.9982704321543375
dinov2_base_top4,p1_32524,deletion,1.0,0.9999898672103882
dinov2_base_top4,p1_32524,insertion,0.0,0.9999898672103882
dinov2_base_top4,p1_32524,insertion,0.1,0.99965900182724
dinov2_base_top4,p1_32524,insertion,0.2,0.9992479483286539
dinov2_base_top4,p1_32524,insertion,0.4,0.9938161770502726
dinov2_base_top4,p1_32524,insertion,0.6,0.9998548229535421
dinov2_base_top4,p1_32524,insertion,0.8,0.9999861717224121
dinov2_base_top4,p1_32524,insertion,1.0,0.9999920129776001
dinov2_base_top4,p1_32524,random_deletion,0.0,0.9999920129776001
dinov2_base_top4,p1_32524,random_deletion,0.1,0.9999930461247762
dinov2_base_top4,p1_32524,random_deletion,0.2,0.999994158744812
dinov2_base_top4,p1_32524,random_deletion,0.4,0.9999987681706747
dinov2_base_top4,p1_32524,random_deletion,0.6,0.9999980131785074
dinov2_base_top4,p1_32524,random_deletion,0.8,0.9996846119562784
dinov2_base_top4,p1_32524,random_deletion,1.0,0.9999898672103882
dinov2_base_top4,p1_32723,deletion,0.0,0.999968687693278
dinov2_base_top4,p1_32723,deletion,0.1,0.9999578396479288
dinov2_base_top4,p1_32723,deletion,0.2,0.999990979830424
dinov2_base_top4,p1_32723,deletion,0.4,0.9997477531433105
dinov2_base_top4,p1_32723,deletion,0.6,0.9990827242533366
dinov2_base_top4,p1_32723,deletion,0.8,0.9998680551846822
dinov2_base_top4,p1_32723,deletion,1.0,0.9997430642445883
dinov2_base_top4,p1_32723,insertion,0.0,0.9997430642445883
dinov2_base_top4,p1_32723,insertion,0.1,0.9999384085337321
dinov2_base_top4,p1_32723,insertion,0.2,0.9998874068260193
dinov2_base_top4,p1_32723,insertion,0.4,0.9999577204386393
dinov2_base_top4,p1_32723,insertion,0.6,0.9999679724375407
dinov2_base_top4,p1_32723,insertion,0.8,0.9999722242355347
dinov2_base_top4,p1_32723,insertion,1.0,0.999968687693278
dinov2_base_top4,p1_32723,random_deletion,0.0,0.999968687693278
dinov2_base_top4,p1_32723,random_deletion,0.1,0.9999487400054932
dinov2_base_top4,p1_32723,random_deletion,0.2,0.9999506870905558
dinov2_base_top4,p1_32723,random_deletion,0.4,0.9999814033508301
dinov2_base_top4,p1_32723,random_deletion,0.6,0.9999691645304362
dinov2_base_top4,p1_32723,random_deletion,0.8,0.999950091044108
dinov2_base_top4,p1_32723,random_deletion,1.0,0.9997430642445883
dinov2_base_top4,p1_32774,deletion,0.0,0.9999986886978149
dinov2_base_top4,p1_32774,deletion,0.1,0.9999781847000122
dinov2_base_top4,p1_32774,deletion,0.2,0.9999706347783407
dinov2_base_top4,p1_32774,deletion,0.4,0.9999183019002279
dinov2_base_top4,p1_32774,deletion,0.6,0.9998989303906759
dinov2_base_top4,p1_32774,deletion,0.8,0.9996674458185831
dinov2_base_top4,p1_32774,deletion,1.0,0.9992762804031372
dinov2_base_top4,p1_32774,insertion,0.0,0.9992762804031372
dinov2_base_top4,p1_32774,insertion,0.1,0.9999953111012777
dinov2_base_top4,p1_32774,insertion,0.2,0.9999975760777792
dinov2_base_top4,p1_32774,insertion,0.4,0.999999483426412
dinov2_base_top4,p1_32774,insertion,0.6,0.9999990065892538
dinov2_base_top4,p1_32774,insertion,0.8,0.9999989668528239
dinov2_base_top4,p1_32774,insertion,1.0,0.9999986886978149
dinov2_base_top4,p1_32774,random_deletion,0.0,0.9999986886978149
dinov2_base_top4,p1_32774,random_deletion,0.1,0.9999979734420776
dinov2_base_top4,p1_32774,random_deletion,0.2,0.9999986489613851
dinov2_base_top4,p1_32774,random_deletion,0.4,0.9999985297520956
dinov2_base_top4,p1_32774,random_deletion,0.6,0.9999969800313314
dinov2_base_top4,p1_32774,random_deletion,0.8,0.9999994039535522
dinov2_base_top4,p1_32774,random_deletion,1.0,0.9992762804031372
dinov2_base_top4,p1_32872,deletion,0.0,0.9999998410542806
dinov2_base_top4,p1_32872,deletion,0.1,0.9999999602635702
dinov2_base_top4,p1_32872,deletion,0.2,0.9999999602635702
dinov2_base_top4,p1_32872,deletion,0.4,0.9999998410542806
dinov2_base_top4,p1_32872,deletion,0.6,0.9999997218449911
dinov2_base_top4,p1_32872,deletion,0.8,0.9999982118606567
dinov2_base_top4,p1_32872,deletion,1.0,0.9999996026357015
dinov2_base_top4,p1_32872,insertion,0.0,0.9999996026357015
dinov2_base_top4,p1_32872,insertion,0.1,0.9999998807907104
dinov2_base_top4,p1_32872,insertion,0.2,0.9999989668528239
dinov2_base_top4,p1_32872,insertion,0.4,0.9999997615814209
dinov2_base_top4,p1_32872,insertion,0.6,0.9999998410542806
dinov2_base_top4,p1_32872,insertion,0.8,0.9999998013178507
dinov2_base_top4,p1_32872,insertion,1.0,0.9999998410542806
dinov2_base_top4,p1_32872,random_deletion,0.0,0.9999998410542806
dinov2_base_top4,p1_32872,random_deletion,0.1,0.9999998410542806
dinov2_base_top4,p1_32872,random_deletion,0.2,0.9999998410542806
dinov2_base_top4,p1_32872,random_deletion,0.4,0.9999999602635702
dinov2_base_top4,p1_32872,random_deletion,0.6,0.9999999205271403
dinov2_base_top4,p1_32872,random_deletion,0.8,0.9999999602635702
dinov2_base_top4,p1_32872,random_deletion,1.0,0.9999996026357015
dinov2_base_top4,p1_33044,deletion,0.0,0.9999998013178507
dinov2_base_top4,p1_33044,deletion,0.1,0.9999998807907104
dinov2_base_top4,p1_33044,deletion,0.2,0.9999998410542806
dinov2_base_top4,p1_33044,deletion,0.4,0.9999997615814209
dinov2_base_top4,p1_33044,deletion,0.6,0.9999994436899821
dinov2_base_top4,p1_33044,deletion,0.8,0.9999913374582926
dinov2_base_top4,p1_33044,deletion,1.0,0.9999740918477377
dinov2_base_top4,p1_33044,insertion,0.0,0.9999740918477377
dinov2_base_top4,p1_33044,insertion,0.1,0.9999990860621134
dinov2_base_top4,p1_33044,insertion,0.2,0.9999923706054688
dinov2_base_top4,p1_33044,insertion,0.4,0.9999941984812418
dinov2_base_top4,p1_33044,insertion,0.6,0.9999996026357015
dinov2_base_top4,p1_33044,insertion,0.8,0.9999996821085612
dinov2_base_top4,p1_33044,insertion,1.0,0.9999998013178507
dinov2_base_top4,p1_33044,random_deletion,0.0,0.9999998013178507
dinov2_base_top4,p1_33044,random_deletion,0.1,0.9999998410542806
dinov2_base_top4,p1_33044,random_deletion,0.2,0.9999997615814209
dinov2_base_top4,p1_33044,random_deletion,0.4,0.9999997615814209
dinov2_base_top4,p1_33044,random_deletion,0.6,0.9999998013178507
dinov2_base_top4,p1_33044,random_deletion,0.8,0.9999996026357015
dinov2_base_top4,p1_33044,random_deletion,1.0,0.9999740918477377
dinov2_base_top4,p1_33151,deletion,0.0,0.9999963839848837
dinov2_base_top4,p1_33151,deletion,0.1,0.9999951918919882
dinov2_base_top4,p1_33151,deletion,0.2,0.9999856154123942
dinov2_base_top4,p1_33151,deletion,0.4,0.999992569287618
dinov2_base_top4,p1_33151,deletion,0.6,0.9999924898147583
dinov2_base_top4,p1_33151,deletion,0.8,0.999987006187439
dinov2_base_top4,p1_33151,deletion,1.0,0.9999844233194987
dinov2_base_top4,p1_33151,insertion,0.0,0.9999844233194987
dinov2_base_top4,p1_33151,insertion,0.1,0.9999135136604309
dinov2_base_top4,p1_33151,insertion,0.2,0.9999943971633911
dinov2_base_top4,p1_33151,insertion,0.4,0.9999659856160482
dinov2_base_top4,p1_33151,insertion,0.6,0.9999945958455404
dinov2_base_top4,p1_33151,insertion,0.8,0.9999980926513672
dinov2_base_top4,p1_33151,insertion,1.0,0.9999963839848837
dinov2_base_top4,p1_33151,random_deletion,0.0,0.9999963839848837
dinov2_base_top4,p1_33151,random_deletion,0.1,0.9999980529149374
dinov2_base_top4,p1_33151,random_deletion,0.2,0.9999967416127523
dinov2_base_top4,p1_33151,random_deletion,0.4,0.9999979734420776
dinov2_base_top4,p1_33151,random_deletion,0.6,0.9999983708063761
dinov2_base_top4,p1_33151,random_deletion,0.8,0.9999990463256836
dinov2_base_top4,p1_33151,random_deletion,1.0,0.9999844233194987
dinov2_base_top4,p1_33322,deletion,0.0,0.9999960660934448
dinov2_base_top4,p1_33322,deletion,0.1,0.9999978144963583
dinov2_base_top4,p1_33322,deletion,0.2,0.9999986092249552
dinov2_base_top4,p1_33322,deletion,0.4,0.9999813636144003
dinov2_base_top4,p1_33322,deletion,0.6,0.9996838768323263
dinov2_base_top4,p1_33322,deletion,0.8,0.9954357743263245
dinov2_base_top4,p1_33322,deletion,1.0,0.993709127108256
dinov2_base_top4,p1_33322,insertion,0.0,0.993709127108256
dinov2_base_top4,p1_33322,insertion,0.1,0.9998653729756674
dinov2_base_top4,p1_33322,insertion,0.2,0.9999460379282633
dinov2_base_top4,p1_33322,insertion,0.4,0.999991218249003
dinov2_base_top4,p1_33322,insertion,0.6,0.9999858140945435
dinov2_base_top4,p1_33322,insertion,0.8,0.9999951918919882
dinov2_base_top4,p1_33322,insertion,1.0,0.9999960660934448
dinov2_base_top4,p1_33322,random_deletion,0.0,0.9999960660934448
dinov2_base_top4,p1_33322,random_deletion,0.1,0.9999986092249552
dinov2_base_top4,p1_33322,random_deletion,0.2,0.9999991655349731
dinov2_base_top4,p1_33322,random_deletion,0.4,0.9999942779541016
dinov2_base_top4,p1_33322,random_deletion,0.6,0.9999947945276896
dinov2_base_top4,p1_33322,random_deletion,0.8,0.999987522761027
dinov2_base_top4,p1_33322,random_deletion,1.0,0.993709127108256
dinov2_base_top4,p1_33505,deletion,0.0,0.9999532302220663
dinov2_base_top4,p1_33505,deletion,0.1,0.999735156695048
dinov2_base_top4,p1_33505,deletion,0.2,0.9992066621780396
dinov2_base_top4,p1_33505,deletion,0.4,0.9968677957852682
dinov2_base_top4,p1_33505,deletion,0.6,0.9979213277498881
dinov2_base_top4,p1_33505,deletion,0.8,0.9932172695795695
dinov2_base_top4,p1_33505,deletion,1.0,0.9991771578788757
dinov2_base_top4,p1_33505,insertion,0.0,0.9991771578788757
dinov2_base_top4,p1_33505,insertion,0.1,0.9999874035517374
dinov2_base_top4,p1_33505,insertion,0.2,0.9999843835830688
dinov2_base_top4,p1_33505,insertion,0.4,0.9999143282572428
dinov2_base_top4,p1_33505,insertion,0.6,0.9999798138936361
dinov2_base_top4,p1_33505,insertion,0.8,0.9999686479568481
dinov2_base_top4,p1_33505,insertion,1.0,0.9999532302220663
dinov2_base_top4,p1_33505,random_deletion,0.0,0.9999532302220663
dinov2_base_top4,p1_33505,random_deletion,0.1,0.9999386072158813
dinov2_base_top4,p1_33505,random_deletion,0.2,0.9998402992884318
dinov2_base_top4,p1_33505,random_deletion,0.4,0.9997134804725647
dinov2_base_top4,p1_33505,random_deletion,0.6,0.9965896209081014
dinov2_base_top4,p1_33505,random_deletion,0.8,0.9932707150777181
dinov2_base_top4,p1_33505,random_deletion,1.0,0.9991771578788757
dinov2_base_top4,p1_33596,deletion,0.0,0.9994247555732727
dinov2_base_top4,p1_33596,deletion,0.1,0.9993464946746826
dinov2_base_top4,p1_33596,deletion,0.2,0.9840167562166849
dinov2_base_top4,p1_33596,deletion,0.4,0.9492231806119283
dinov2_base_top4,p1_33596,deletion,0.6,0.7611130078633627
dinov2_base_top4,p1_33596,deletion,0.8,0.04049179765085379
dinov2_base_top4,p1_33596,deletion,1.0,0.08512496451536815
dinov2_base_top4,p1_33596,insertion,0.0,0.08512496451536815
dinov2_base_top4,p1_33596,insertion,0.1,0.2455396813650926
dinov2_base_top4,p1_33596,insertion,0.2,0.8440350890159607
dinov2_base_top4,p1_33596,insertion,0.4,0.9977912902832031
dinov2_base_top4,p1_33596,insertion,0.6,0.9982061584790548
dinov2_base_top4,p1_33596,insertion,0.8,0.9991145133972168
dinov2_base_top4,p1_33596,insertion,1.0,0.9994247555732727
dinov2_base_top4,p1_33596,random_deletion,0.0,0.9994247555732727
dinov2_base_top4,p1_33596,random_deletion,0.1,0.9989770650863647
dinov2_base_top4,p1_33596,random_deletion,0.2,0.9971844752629598
dinov2_base_top4,p1_33596,random_deletion,0.4,0.9852537910143534
dinov2_base_top4,p1_33596,random_deletion,0.6,0.7509455879529318
dinov2_base_top4,p1_33596,random_deletion,0.8,0.2651252895593643
dinov2_base_top4,p1_33596,random_deletion,1.0,0.08512496451536815
dinov2_base_top4,p1_33694,deletion,0.0,0.9999922513961792
dinov2_base_top4,p1_33694,deletion,0.1,0.999974767367045
dinov2_base_top4,p1_33694,deletion,0.2,0.9999663829803467
dinov2_base_top4,p1_33694,deletion,0.4,0.999441663424174
dinov2_base_top4,p1_33694,deletion,0.6,0.9932111899058024
dinov2_base_top4,p1_33694,deletion,0.8,0.9969228903452555
dinov2_base_top4,p1_33694,deletion,1.0,0.9996040860811869
dinov2_base_top4,p1_33694,insertion,0.0,0.9996040860811869
dinov2_base_top4,p1_33694,insertion,0.1,0.9798842072486877
dinov2_base_top4,p1_33694,insertion,0.2,0.9994926651318868
dinov2_base_top4,p1_33694,insertion,0.4,0.9997902909914652
dinov2_base_top4,p1_33694,insertion,0.6,0.9999263683954874
dinov2_base_top4,p1_33694,insertion,0.8,0.9999722639719645
dinov2_base_top4,p1_33694,insertion,1.0,0.9999922513961792
dinov2_base_top4,p1_33694,random_deletion,0.0,0.9999922513961792
dinov2_base_top4,p1_33694,random_deletion,0.1,0.9999852577845255
dinov2_base_top4,p1_33694,random_deletion,0.2,0.9999858538309733
dinov2_base_top4,p1_33694,random_deletion,0.4,0.9999730189641317
dinov2_base_top4,p1_33694,random_deletion,0.6,0.9997824629147848
dinov2_base_top4,p1_33694,random_deletion,0.8,0.9982327421506246
dinov2_base_top4,p1_33694,random_deletion,1.0,0.9996040860811869
dinov2_base_top4,p1_34017,deletion,0.0,0.9999934832255045
dinov2_base_top4,p1_34017,deletion,0.1,0.9999790986378988
dinov2_base_top4,p1_34017,deletion,0.2,0.9999908606211344
dinov2_base_top4,p1_34017,deletion,0.4,0.9999651114145914
dinov2_base_top4,p1_34017,deletion,0.6,0.9998646179835001
dinov2_base_top4,p1_34017,deletion,0.8,0.9997185071309408
dinov2_base_top4,p1_34017,deletion,1.0,0.9999547402064005
dinov2_base_top4,p1_34017,insertion,0.0,0.9999547402064005
dinov2_base_top4,p1_34017,insertion,0.1,0.9999797344207764
dinov2_base_top4,p1_34017,insertion,0.2,0.99995489915212
dinov2_base_top4,p1_34017,insertion,0.4,0.9999707142512003
dinov2_base_top4,p1_34017,insertion,0.6,0.9999814430872599
dinov2_base_top4,p1_34017,insertion,0.8,0.9999916156133016
dinov2_base_top4,p1_34017,insertion,1.0,0.9999934832255045
dinov2_base_top4,p1_34017,random_deletion,0.0,0.9999934832255045
dinov2_base_top4,p1_34017,random_deletion,0.1,0.9999769528706869
dinov2_base_top4,p1_34017,random_deletion,0.2,0.9999843835830688
dinov2_base_top4,p1_34017,random_deletion,0.4,0.9999855359395345
dinov2_base_top4,p1_34017,random_deletion,0.6,0.9999887148539225
dinov2_base_top4,p1_34017,random_deletion,0.8,0.999987006187439
dinov2_base_top4,p1_34017,random_deletion,1.0,0.9999547402064005
dinov2_base_top4,p1_34029,deletion,0.0,0.9999998013178507
dinov2_base_top4,p1_34029,deletion,0.1,0.9999998807907104
dinov2_base_top4,p1_34029,deletion,0.2,0.9999999602635702
dinov2_base_top4,p1_34029,deletion,0.4,0.9999997615814209
dinov2_base_top4,p1_34029,deletion,0.6,0.9999995231628418
dinov2_base_top4,p1_34029,deletion,0.8,0.9999997615814209
dinov2_base_top4,p1_34029,deletion,1.0,0.9999999602635702
dinov2_base_top4,p1_34029,insertion,0.0,0.9999999602635702
dinov2_base_top4,p1_34029,insertion,0.1,0.9999934434890747
dinov2_base_top4,p1_34029,insertion,0.2,0.9999997218449911
dinov2_base_top4,p1_34029,insertion,0.4,0.9999998013178507
dinov2_base_top4,p1_34029,insertion,0.6,0.9999995628992716
dinov2_base_top4,p1_34029,insertion,0.8,0.9999997615814209
dinov2_base_top4,p1_34029,insertion,1.0,0.9999998013178507
dinov2_base_top4,p1_34029,random_deletion,0.0,0.9999998013178507
dinov2_base_top4,p1_34029,random_deletion,0.1,0.9999998410542806
dinov2_base_top4,p1_34029,random_deletion,0.2,0.9999998410542806
dinov2_base_top4,p1_34029,random_deletion,0.4,0.9999999602635702
dinov2_base_top4,p1_34029,random_deletion,0.6,0.9999998807907104
dinov2_base_top4,p1_34029,random_deletion,0.8,0.9999998410542806
dinov2_base_top4,p1_34029,random_deletion,1.0,0.9999999602635702
dinov2_base_top4,p1_34353,deletion,0.0,0.9999996423721313
dinov2_base_top4,p1_34353,deletion,0.1,0.9999996026357015
dinov2_base_top4,p1_34353,deletion,0.2,0.9999998807907104
dinov2_base_top4,p1_34353,deletion,0.4,0.9999991257985433
dinov2_base_top4,p1_34353,deletion,0.6,0.9999998410542806
dinov2_base_top4,p1_34353,deletion,0.8,0.9999993244806925
dinov2_base_top4,p1_34353,deletion,1.0,0.9999961058298746
dinov2_base_top4,p1_34353,insertion,0.0,0.9999961058298746
dinov2_base_top4,p1_34353,insertion,0.1,0.9999994436899821
dinov2_base_top4,p1_34353,insertion,0.2,0.9999995231628418
dinov2_base_top4,p1_34353,insertion,0.4,0.9999999205271403
dinov2_base_top4,p1_34353,insertion,0.6,0.9999998410542806
dinov2_base_top4,p1_34353,insertion,0.8,0.9999997615814209
dinov2_base_top4,p1_34353,insertion,1.0,0.9999996423721313
dinov2_base_top4,p1_34353,random_deletion,0.0,0.9999996423721313
dinov2_base_top4,p1_34353,random_deletion,0.1,0.9999996423721313
dinov2_base_top4,p1_34353,random_deletion,0.2,0.9999998013178507
dinov2_base_top4,p1_34353,random_deletion,0.4,0.9999997615814209
dinov2_base_top4,p1_34353,random_deletion,0.6,0.9999996423721313
dinov2_base_top4,p1_34353,random_deletion,0.8,0.9999856948852539
dinov2_base_top4,p1_34353,random_deletion,1.0,0.9999961058298746
dinov2_base_top4,p1_34386,deletion,0.0,0.9985522429148356
dinov2_base_top4,p1_34386,deletion,0.1,0.9991845885912577
dinov2_base_top4,p1_34386,deletion,0.2,0.9986601074536642
dinov2_base_top4,p1_34386,deletion,0.4,0.9771566788355509
dinov2_base_top4,p1_34386,deletion,0.6,0.9228494167327881
dinov2_base_top4,p1_34386,deletion,0.8,0.9959924022356669
dinov2_base_top4,p1_34386,deletion,1.0,0.9974749883015951
dinov2_base_top4,p1_34386,insertion,0.0,0.9974749883015951
dinov2_base_top4,p1_34386,insertion,0.1,0.9988410075505575
dinov2_base_top4,p1_34386,insertion,0.2,0.9981332222620646
dinov2_base_top4,p1_34386,insertion,0.4,0.9960099856058756
dinov2_base_top4,p1_34386,insertion,0.6,0.99697877963384
dinov2_base_top4,p1_34386,insertion,0.8,0.9984420935312907
dinov2_base_top4,p1_34386,insertion,1.0,0.9985522429148356
dinov2_base_top4,p1_34386,random_deletion,0.0,0.9985522429148356
dinov2_base_top4,p1_34386,random_deletion,0.1,0.9991799195607504
dinov2_base_top4,p1_34386,random_deletion,0.2,0.9992069999376932
dinov2_base_top4,p1_34386,random_deletion,0.4,0.99264528354009
dinov2_base_top4,p1_34386,random_deletion,0.6,0.9982731938362122
dinov2_base_top4,p1_34386,random_deletion,0.8,0.9987581372261047
dinov2_base_top4,p1_34386,random_deletion,1.0,0.9974749883015951
dinov2_base_top4,p1_34430,deletion,0.0,0.9999971787134806
dinov2_base_top4,p1_34430,deletion,0.1,0.9999938408533732
dinov2_base_top4,p1_34430,deletion,0.2,0.9999953111012777
dinov2_base_top4,p1_34430,deletion,0.4,0.9999971389770508
dinov2_base_top4,p1_34430,deletion,0.6,0.9999990860621134
dinov2_base_top4,p1_34430,deletion,0.8,0.9999975363413492
dinov2_base_top4,p1_34430,deletion,1.0,0.9999960660934448
dinov2_base_top4,p1_34430,insertion,0.0,0.9999960660934448
dinov2_base_top4,p1_34430,insertion,0.1,0.9999990860621134
dinov2_base_top4,p1_34430,insertion,0.2,0.9999982118606567
dinov2_base_top4,p1_34430,insertion,0.4,0.9999978144963583
dinov2_base_top4,p1_34430,insertion,0.6,0.9999993244806925
dinov2_base_top4,p1_34430,insertion,0.8,0.9999982515970866
dinov2_base_top4,p1_34430,insertion,1.0,0.9999971787134806
dinov2_base_top4,p1_34430,random_deletion,0.0,0.9999971787134806
dinov2_base_top4,p1_34430,random_deletion,0.1,0.9999968608220419
dinov2_base_top4,p1_34430,random_deletion,0.2,0.9999973773956299
dinov2_base_top4,p1_34430,random_deletion,0.4,0.9999978542327881
dinov2_base_top4,p1_34430,random_deletion,0.6,0.999998132387797
dinov2_base_top4,p1_34430,random_deletion,0.8,0.9999985694885254
dinov2_base_top4,p1_34430,random_deletion,1.0,0.9999960660934448
dinov2_base_top4,p1_34488,deletion,0.0,0.9999993642171224
dinov2_base_top4,p1_34488,deletion,0.1,0.9999998410542806
dinov2_base_top4,p1_34488,deletion,0.2,0.9999998807907104
dinov2_base_top4,p1_34488,deletion,0.4,0.999417761961619
dinov2_base_top4,p1_34488,deletion,0.6,0.9998587171236674
dinov2_base_top4,p1_34488,deletion,0.8,0.9998398621877035
dinov2_base_top4,p1_34488,deletion,1.0,0.9998523195584615
dinov2_base_top4,p1_34488,insertion,0.0,0.9998523195584615
dinov2_base_top4,p1_34488,insertion,0.1,0.9998547236124674
dinov2_base_top4,p1_34488,insertion,0.2,0.999999205271403
dinov2_base_top4,p1_34488,insertion,0.4,0.9999994436899821
dinov2_base_top4,p1_34488,insertion,0.6,0.9999994039535522
dinov2_base_top4,p1_34488,insertion,0.8,0.999999483426412
dinov2_base_top4,p1_34488,insertion,1.0,0.9999993642171224
dinov2_base_top4,p1_34488,random_deletion,0.0,0.9999993642171224
dinov2_base_top4,p1_34488,random_deletion,0.1,0.9999993642171224
dinov2_base_top4,p1_34488,random_deletion,0.2,0.9999998013178507
dinov2_base_top4,p1_34488,random_deletion,0.4,0.9999997218449911
dinov2_base_top4,p1_34488,random_deletion,0.6,0.9999997615814209
dinov2_base_top4,p1_34488,random_deletion,0.8,0.9999905427296957
dinov2_base_top4,p1_34488,random_deletion,1.0,0.9998523195584615
dinov2_base_top4,p1_34740,deletion,0.0,0.9999601443608602
dinov2_base_top4,p1_34740,deletion,0.1,0.9999359846115112
dinov2_base_top4,p1_34740,deletion,0.2,0.9999545017878214
dinov2_base_top4,p1_34740,deletion,0.4,0.9999161163965861
dinov2_base_top4,p1_34740,deletion,0.6,0.9959901571273804
dinov2_base_top4,p1_34740,deletion,0.8,0.999321699142456
dinov2_base_top4,p1_34740,deletion,1.0,0.9998868902524313
dinov2_base_top4,p1_34740,insertion,0.0,0.9998868902524313
dinov2_base_top4,p1_34740,insertion,0.1,0.9999966224034628
dinov2_base_top4,p1_34740,insertion,0.2,0.9999959866205851
dinov2_base_top4,p1_34740,insertion,0.4,0.999988873799642
dinov2_base_top4,p1_34740,insertion,0.6,0.9999870459238688
dinov2_base_top4,p1_34740,insertion,0.8,0.9999646743138632
dinov2_base_top4,p1_34740,insertion,1.0,0.9999601443608602
dinov2_base_top4,p1_34740,random_deletion,0.0,0.9999601443608602
dinov2_base_top4,p1_34740,random_deletion,0.1,0.9999690055847168
dinov2_base_top4,p1_34740,random_deletion,0.2,0.9999704758326212
dinov2_base_top4,p1_34740,random_deletion,0.4,0.9999156792958578
dinov2_base_top4,p1_34740,random_deletion,0.6,0.9998531142870585
dinov2_base_top4,p1_34740,random_deletion,0.8,0.9994919697443644
dinov2_base_top4,p1_34740,random_deletion,1.0,0.9998868902524313
dinov2_base_top4,p1_34954,deletion,0.0,0.9999996026357015
dinov2_base_top4,p1_34954,deletion,0.1,0.9999997615814209
dinov2_base_top4,p1_34954,deletion,0.2,0.9999992847442627
dinov2_base_top4,p1_34954,deletion,0.4,0.999999483426412
dinov2_base_top4,p1_34954,deletion,0.6,0.9999987681706747
dinov2_base_top4,p1_34954,deletion,0.8,0.9999982118606567
dinov2_base_top4,p1_34954,deletion,1.0,0.9999999205271403
dinov2_base_top4,p1_34954,insertion,0.0,0.9999999205271403
dinov2_base_top4,p1_34954,insertion,0.1,0.9999999205271403
dinov2_base_top4,p1_34954,insertion,0.2,1.0
dinov2_base_top4,p1_34954,insertion,0.4,1.0
dinov2_base_top4,p1_34954,insertion,0.6,0.9999995231628418
dinov2_base_top4,p1_34954,insertion,0.8,0.9999998807907104
dinov2_base_top4,p1_34954,insertion,1.0,0.9999996026357015
dinov2_base_top4,p1_34954,random_deletion,0.0,0.9999996026357015
dinov2_base_top4,p1_34954,random_deletion,0.1,0.9999998013178507
dinov2_base_top4,p1_34954,random_deletion,0.2,0.9999996026357015
dinov2_base_top4,p1_34954,random_deletion,0.4,0.9999997218449911
dinov2_base_top4,p1_34954,random_deletion,0.6,0.9999997615814209
dinov2_base_top4,p1_34954,random_deletion,0.8,0.9999998807907104
dinov2_base_top4,p1_34954,random_deletion,1.0,0.9999999205271403
dinov2_base_top4,p1_35040,deletion,0.0,0.9999980529149374
dinov2_base_top4,p1_35040,deletion,0.1,0.9999972184499105
dinov2_base_top4,p1_35040,deletion,0.2,0.999991218249003
dinov2_base_top4,p1_35040,deletion,0.4,0.9999825159708658
dinov2_base_top4,p1_35040,deletion,0.6,0.9999096393585205
dinov2_base_top4,p1_35040,deletion,0.8,0.9994408090909322
dinov2_base_top4,p1_35040,deletion,1.0,0.9998910625775655
dinov2_base_top4,p1_35040,insertion,0.0,0.9998910625775655
dinov2_base_top4,p1_35040,insertion,0.1,0.9999241232872009
dinov2_base_top4,p1_35040,insertion,0.2,0.9999932448069254
dinov2_base_top4,p1_35040,insertion,0.4,0.9999974966049194
dinov2_base_top4,p1_35040,insertion,0.6,0.9999974568684896
dinov2_base_top4,p1_35040,insertion,0.8,0.9999986489613851
dinov2_base_top4,p1_35040,insertion,1.0,0.9999980529149374
dinov2_base_top4,p1_35040,random_deletion,0.0,0.9999980529149374
dinov2_base_top4,p1_35040,random_deletion,0.1,0.9999991257985433
dinov2_base_top4,p1_35040,random_deletion,0.2,0.9999990463256836
dinov2_base_top4,p1_35040,random_deletion,0.4,0.9999990463256836
dinov2_base_top4,p1_35040,random_deletion,0.6,0.999992291132609
dinov2_base_top4,p1_35040,random_deletion,0.8,0.9999605019887289
dinov2_base_top4,p1_35040,random_deletion,1.0,0.9998910625775655
dinov2_base_top4,p1_35138,deletion,0.0,0.9999396006266276
dinov2_base_top4,p1_35138,deletion,0.1,0.9999881982803345
dinov2_base_top4,p1_35138,deletion,0.2,0.999972422917684
dinov2_base_top4,p1_35138,deletion,0.4,0.9999739329020182
dinov2_base_top4,p1_35138,deletion,0.6,0.9999565283457438
dinov2_base_top4,p1_35138,deletion,0.8,0.9999467929204305
dinov2_base_top4,p1_35138,deletion,1.0,0.999980648358663
dinov2_base_top4,p1_35138,insertion,0.0,0.999980648358663
dinov2_base_top4,p1_35138,insertion,0.1,0.9999962250391642
dinov2_base_top4,p1_35138,insertion,0.2,0.999983549118042
dinov2_base_top4,p1_35138,insertion,0.4,0.9999910593032837
dinov2_base_top4,p1_35138,insertion,0.6,0.9999714295069376
dinov2_base_top4,p1_35138,insertion,0.8,0.9999568859736124
dinov2_base_top4,p1_35138,insertion,1.0,0.9999396006266276
dinov2_base_top4,p1_35138,random_deletion,0.0,0.9999396006266276
dinov2_base_top4,p1_35138,random_deletion,0.1,0.9999570846557617
dinov2_base_top4,p1_35138,random_deletion,0.2,0.999986489613851
dinov2_base_top4,p1_35138,random_deletion,0.4,0.9999969402949015
dinov2_base_top4,p1_35138,random_deletion,0.6,0.9999959866205851
dinov2_base_top4,p1_35138,random_deletion,0.8,0.9999963442484537
dinov2_base_top4,p1_35138,random_deletion,1.0,0.999980648358663
